1,2013-10-02,1,MOVE,0.0,0.0,09:18:44,11:34:39,2,1|2013-10-02 09:18:44|8.34116931|81.0094668;2|2013-10-02 11:34:39|7.478790558|80.6321761
1,2013-10-02,2,STAY,0.0,695.05,11:34:39,23:09:42,6,1|2013-10-02 11:34:39|7.478791|80.632176
2,2013-10-02,1,MOVE,0.0,0.0,08:16:03,09:05:32,2,1|2013-10-02 08:16:03|6.867938942|81.34184194;2|2013-10-02 09:05:32|6.894888278|81.40472373
2,2013-10-02,2,STAY,0.0,323.2333,09:05:32,14:28:46,2,1|2013-10-02 09:05:32|6.894888|81.404724
2,2013-10-02,3,MOVE,8474.8144,89.1,14:28:46,17:15:15,3,1|2013-10-02 14:28:46|6.894888278|81.40472373;2|2013-10-02 15:57:52|6.867938942|81.33285883;3|2013-10-02 17:15:15|6.894888278|81.40472373
2,2013-10-02,4,STAY,0.0,162.55,17:15:15,19:57:48,5,1|2013-10-02 17:15:15|6.894888|81.404724
2,2013-10-02,5,MOVE,39275.6667,97.0667,19:57:48,21:34:52,2,1|2013-10-02 19:57:48|6.894888278|81.40472373;2|2013-10-02 21:34:52|7.21828031|81.54845352
3,2013-10-02,1,STAY,0.0,80.55,06:06:33,07:27:06,3,1|2013-10-02 06:06:33|6.984719|79.886578
3,2013-10-02,2,MOVE,109311.8318,406.4167,07:27:06,14:28:11,21,1|2013-10-02 07:27:06|6.984719398|79.8865778;2|2013-10-02 07:54:18|6.984719398|79.87759469;3|2013-10-02 09:06:07|6.939803838|79.85064535;4|2013-10-02 09:42:56|6.984719398|79.8865778;5|2013-10-02 09:52:58|6.930820726|79.85064535;6|2013-10-02 10:00:53|6.939803838|79.85064535;7|2013-10-02 10:13:54|6.966753174|79.87759469;8|2013-10-02 10:24:12|6.984719398|79.8865778;9|2013-10-02 11:20:09|6.912854502|79.85962846;10|2013-10-02 11:38:07|6.966753174|79.87759469;11|2013-10-02 11:38:18|6.966753174|79.87759469;12|2013-10-02 11:54:03|6.957770062|79.86861158;13|2013-10-02 11:57:47|6.939803838|79.85064535;14|2013-10-02 12:06:32|6.894888278|79.85962846;15|2013-10-02 12:10:16|6.894888278|79.85962846;16|2013-10-02 12:19:51|6.921837614|79.85962846;17|2013-10-02 12:50:07|6.894888278|79.85962846;18|2013-10-02 13:17:20|6.921837614|79.85962846;19|2013-10-02 13:23:40|6.894888278|79.85962846;20|2013-10-02 14:13:31|6.939803838|79.85064535;21|2013-10-02 14:28:11|6.894888278|79.85962846
3,2013-10-02,3,STAY,0.0,479.75,14:28:11,22:27:56,7,1|2013-10-02 14:28:11|6.894888|79.859628
4,2013-10-02,1,STAY,0.0,1016.8667,06:58:49,23:55:41,13,1|2013-10-02 06:58:49|6.131324|80.102172
5,2013-10-02,1,STAY,0.0,738.6667,09:22:27,21:41:07,8,1|2013-10-02 09:22:27|7.317095|79.841662
6,2013-10-02,1,STAY,0.0,182.2833,01:55:37,04:57:54,2,1|2013-10-02 01:55:37|7.020652|79.895561
6,2013-10-02,2,MOVE,76430.3135,66.0833,04:57:54,06:05:38,3,1|2013-10-02 04:57:54|7.020651846|79.89556091;2|2013-10-02 06:03:59|7.362010102|80.49742942;3|2013-10-02 06:05:38|7.020651846|79.89556091
6,2013-10-02,3,STAY,0.0,60.75,06:05:38,07:06:23,6,1|2013-10-02 06:05:38|7.020652|79.895561
6,2013-10-02,4,MOVE,18289.3486,107.8667,07:06:23,09:36:49,8,1|2013-10-02 07:06:23|7.020651846|79.89556091;2|2013-10-02 07:14:14|7.029634958|79.90454402;3|2013-10-02 07:15:34|7.020651846|79.89556091;4|2013-10-02 08:14:58|6.939803838|79.84166224;5|2013-10-02 08:27:48|7.020651846|79.89556091;6|2013-10-02 08:51:15|6.984719398|79.8865778;7|2013-10-02 08:54:15|7.002685622|79.89556091;8|2013-10-02 09:36:49|7.020651846|79.89556091
6,2013-10-02,5,STAY,0.0,150.0,09:36:49,12:06:49,6,1|2013-10-02 09:36:49|7.020652|79.895561
6,2013-10-02,6,MOVE,11978.4409,34.8667,12:06:49,12:58:49,3,1|2013-10-02 12:06:49|7.020651846|79.89556091;2|2013-10-02 12:41:41|6.912854502|79.89556091;3|2013-10-02 12:58:49|7.020651846|79.89556091
6,2013-10-02,7,STAY,0.0,29.0833,12:58:49,13:27:54,2,1|2013-10-02 12:58:49|7.020652|79.895561
6,2013-10-02,8,MOVE,990.7188,15.1,13:27:54,14:05:46,3,1|2013-10-02 13:27:54|7.020651846|79.89556091;2|2013-10-02 13:43:00|7.020651846|79.90454402;3|2013-10-02 14:05:46|7.020651846|79.89556091
6,2013-10-02,9,STAY,0.0,216.3,14:05:46,17:42:04,10,1|2013-10-02 14:05:46|7.020652|79.895561
6,2013-10-02,10,MOVE,990.7188,33.5333,17:42:04,19:21:21,3,1|2013-10-02 17:42:04|7.020651846|79.89556091;2|2013-10-02 18:15:36|7.020651846|79.90454402;3|2013-10-02 19:21:21|7.020651846|79.89556091
6,2013-10-02,11,STAY,0.0,183.7667,19:21:21,22:25:07,7,1|2013-10-02 19:21:21|7.020652|79.895561
7,2013-10-02,1,STAY,0.0,779.7167,07:58:39,20:58:22,7,1|2013-10-02 07:58:39|7.64947|80.515396
9,2013-10-02,1,STAY,0.0,466.5833,07:20:09,15:06:44,4,1|2013-10-02 07:20:09|7.954895|81.440656
9,2013-10-02,2,MOVE,8558.825,255.55,15:06:44,19:22:17,2,1|2013-10-02 15:06:44|7.954895494|81.44065618;2|2013-10-02 19:22:17|8.017777278|81.48557174
10,2013-10-02,1,MOVE,10063.3873,807.5333,07:03:32,20:31:04,4,1|2013-10-02 07:03:32|7.092516742|80.1111556;2|2013-10-02 14:17:06|7.12844919|80.1111556;3|2013-10-02 16:59:24|7.146415414|80.10217249;4|2013-10-02 20:31:04|7.092516742|80.1111556
11,2013-10-02,1,MOVE,10250.5868,501.4667,12:17:20,20:38:48,4,1|2013-10-02 12:17:20|6.849972718|79.92251025;2|2013-10-02 13:04:53|6.894888278|79.87759469;3|2013-10-02 17:34:12|6.840989606|79.92251025;4|2013-10-02 20:38:48|6.840989606|79.90454402
12,2013-10-02,1,MOVE,0.0,0.0,14:09:12,17:19:21,2,1|2013-10-02 14:09:12|6.939803838|79.85064535;2|2013-10-02 17:19:21|6.930820726|80.00335826
12,2013-10-02,2,STAY,0.0,22.9167,17:19:21,17:42:16,2,1|2013-10-02 17:19:21|6.930821|80.003358
12,2013-10-02,3,MOVE,5626.0438,284.4333,17:42:16,22:26:42,4,1|2013-10-02 17:42:16|6.930820726|80.00335826;2|2013-10-02 18:12:31|6.94878695|80.02132448;3|2013-10-02 19:00:58|6.930820726|80.00335826;4|2013-10-02 22:26:42|6.94878695|80.02132448
13,2013-10-02,1,STAY,0.0,237.85,11:01:49,14:59:40,3,1|2013-10-02 11:01:49|6.867939|79.859628
13,2013-10-02,2,STAY,0.0,190.9667,14:59:40,18:15:38,2,1|2013-10-02 14:59:40|6.867939|79.859628
13,2013-10-02,3,MOVE,0.0,0.0,18:15:38,18:20:38,2,1|2013-10-02 18:15:38|6.867938942|79.85962846;2|2013-10-02 18:20:38|6.867938942|79.86861158
13,2013-10-02,4,STAY,0.0,251.7667,18:20:38,22:37:24,2,1|2013-10-02 18:20:38|6.867939|79.868612
13,2013-10-02,5,MOVE,1406.6104,5.0,22:37:24,22:42:24,2,1|2013-10-02 22:37:24|6.867938942|79.86861158;2|2013-10-02 22:42:24|6.876922054|79.87759469
14,2013-10-02,1,STAY,0.0,320.9,10:36:46,10:36:46,1,1|2013-10-02 10:36:46|6.930821|79.868612
14,2013-10-02,2,MOVE,0.0,6.8833,15:57:40,16:04:33,2,1|2013-10-02 15:57:40|6.921837614|79.86861158;2|2013-10-02 16:04:33|6.921837614|79.86861158
15,2013-10-02,1,STAY,0.0,560.6,11:24:36,20:45:12,4,1|2013-10-02 11:24:36|6.778108|79.94946
16,2013-10-02,1,STAY,0.0,577.5,09:21:31,18:59:01,8,1|2013-10-02 09:21:31|9.67067|80.012341
17,2013-10-02,1,STAY,0.0,504.3,07:07:23,15:31:41,2,1|2013-10-02 07:07:23|6.598446|80.47048
18,2013-10-02,1,STAY,0.0,254.05,06:42:11,10:56:14,4,1|2013-10-02 06:42:11|7.703368|81.674217
18,2013-10-02,2,MOVE,45090.1791,504.9167,10:56:14,19:21:09,10,1|2013-10-02 10:56:14|7.703368358|81.67421709;2|2013-10-02 11:33:17|7.604554126|81.71014954;3|2013-10-02 12:11:56|7.703368358|81.67421709;4|2013-10-02 12:57:42|7.71235147|81.70116642;5|2013-10-02 13:17:02|7.685402134|81.73709887;6|2013-10-02 13:44:34|7.703368358|81.67421709;7|2013-10-02 15:54:50|7.775233254|81.6113353;8|2013-10-02 18:09:11|7.75726703|81.63828464;9|2013-10-02 18:40:20|7.685402134|81.71913265;10|2013-10-02 19:21:09|7.703368358|81.67421709
19,2013-10-02,1,MOVE,14216.0479,235.35,11:21:55,15:51:50,4,1|2013-10-02 11:21:55|6.975736286|80.01234137;2|2013-10-02 11:51:33|6.957770062|79.91352714;3|2013-10-02 15:17:16|6.984719398|79.98539203;4|2013-10-02 15:51:50|6.939803838|79.86861158
19,2013-10-02,2,STAY,0.0,224.15,15:51:50,19:40:59,2,1|2013-10-02 15:51:50|6.939804|79.868612
19,2013-10-02,3,MOVE,19557.0744,238.9,19:40:59,23:39:53,4,1|2013-10-02 19:40:59|6.939803838|79.86861158;2|2013-10-02 19:45:59|6.939803838|79.85962846;3|2013-10-02 20:32:05|6.957770062|79.91352714;4|2013-10-02 23:39:53|6.966753174|79.98539203
20,2013-10-02,1,MOVE,0.0,0.0,10:15:44,11:15:16,2,1|2013-10-02 10:15:44|7.029634958|80.03030759;2|2013-10-02 11:15:16|7.002685622|80.05725693
20,2013-10-02,2,STAY,0.0,256.5167,11:15:16,15:31:47,2,1|2013-10-02 11:15:16|7.002686|80.057257
20,2013-10-02,3,MOVE,13977.7661,438.6833,15:31:47,22:50:28,4,1|2013-10-02 15:31:47|7.002685622|80.05725693;2|2013-10-02 21:28:18|6.957770062|80.00335826;3|2013-10-02 22:32:38|7.029634958|80.03030759;4|2013-10-02 22:50:28|7.020651846|80.05725693
21,2013-10-02,1,MOVE,5341.9935,258.7,14:59:50,19:18:32,2,1|2013-10-02 14:59:50|6.885905166|79.90454402;2|2013-10-02 19:18:32|6.90387139|79.94945958
23,2013-10-02,1,MOVE,36728.4836,387.5833,07:44:35,14:23:32,5,1|2013-10-02 07:44:35|6.94878695|80.53336186;2|2013-10-02 13:04:37|6.984719398|80.61420987;3|2013-10-02 13:58:04|7.08353363|80.6321761;4|2013-10-02 14:12:10|7.002685622|80.47946319;5|2013-10-02 14:23:32|6.984719398|80.61420987
23,2013-10-02,2,STAY,0.0,54.25,14:23:32,15:17:47,2,1|2013-10-02 14:23:32|6.984719|80.61421
23,2013-10-02,3,MOVE,0.0,0.0,15:17:47,15:45:04,2,1|2013-10-02 15:17:47|6.984719398|80.61420987;2|2013-10-02 15:45:04|7.08353363|80.6321761
23,2013-10-02,4,STAY,0.0,217.7167,15:45:04,19:22:47,2,1|2013-10-02 15:45:04|7.083534|80.632176
25,2013-10-02,1,STAY,0.0,628.0167,06:52:09,17:20:10,8,1|2013-10-02 06:52:09|6.930821|79.859628
25,2013-10-02,2,MOVE,0.0,0.0,17:20:10,18:01:29,2,1|2013-10-02 17:20:10|6.930820726|79.85962846;2|2013-10-02 18:01:29|6.939803838|79.85962846
25,2013-10-02,3,STAY,0.0,157.2833,18:01:29,20:43:46,2,1|2013-10-02 18:01:29|6.939804|79.859628
25,2013-10-02,4,MOVE,998.2034,5.0,20:43:46,20:48:46,2,1|2013-10-02 20:43:46|6.939803838|79.85962846;2|2013-10-02 20:48:46|6.930820726|79.85962846
26,2013-10-02,1,MOVE,38067.8774,102.5,06:08:55,08:53:20,3,1|2013-10-02 06:08:55|9.068801382|80.29081784;2|2013-10-02 07:51:25|8.781341798|80.47946319;3|2013-10-02 08:53:20|9.068801382|80.29081784
26,2013-10-02,2,STAY,0.0,170.95,08:53:20,11:44:17,5,1|2013-10-02 08:53:20|9.068801|80.290818
26,2013-10-02,3,MOVE,11222.742,189.9667,11:44:17,16:10:31,6,1|2013-10-02 11:44:17|9.068801382|80.29081784;2|2013-10-02 13:07:51|9.10473383|80.32675029;3|2013-10-02 14:04:01|9.068801382|80.29081784;4|2013-10-02 14:17:41|9.068801382|80.29081784;5|2013-10-02 14:54:15|9.10473383|80.32675029;6|2013-10-02 16:10:31|9.068801382|80.29081784
26,2013-10-02,4,STAY,0.0,57.8333,16:10:31,17:08:21,4,1|2013-10-02 16:10:31|9.068801|80.290818
26,2013-10-02,5,MOVE,11222.742,95.2167,17:08:21,19:30:45,6,1|2013-10-02 17:08:21|9.068801382|80.29081784;2|2013-10-02 18:03:51|9.10473383|80.32675029;3|2013-10-02 18:14:37|9.068801382|80.29081784;4|2013-10-02 18:26:41|9.068801382|80.29081784;5|2013-10-02 18:43:34|9.10473383|80.32675029;6|2013-10-02 19:30:45|9.068801382|80.29081784
26,2013-10-02,6,STAY,0.0,66.75,19:30:45,20:37:30,2,1|2013-10-02 19:30:45|9.068801|80.290818
26,2013-10-02,7,MOVE,5611.371,175.0167,20:37:30,23:32:31,2,1|2013-10-02 20:37:30|9.068801382|80.29081784;2|2013-10-02 23:32:31|9.10473383|80.32675029
27,2013-10-02,1,STAY,0.0,287.4,07:30:12,12:17:36,3,1|2013-10-02 07:30:12|9.104734|80.32675
27,2013-10-02,2,MOVE,0.0,0.0,12:17:36,13:38:08,2,1|2013-10-02 12:17:36|9.10473383|80.32675029;2|2013-10-02 13:38:08|9.068801382|80.08420626
27,2013-10-02,3,STAY,0.0,17.0833,13:38:08,13:55:13,2,1|2013-10-02 13:38:08|9.068801|80.084206
27,2013-10-02,4,MOVE,0.0,0.0,13:55:13,14:52:19,2,1|2013-10-02 13:55:13|9.068801382|80.08420626;2|2013-10-02 14:52:19|9.158632502|80.28183473
27,2013-10-02,5,STAY,0.0,40.7167,14:52:19,15:33:02,2,1|2013-10-02 14:52:19|9.158633|80.281835
27,2013-10-02,6,MOVE,26313.3653,292.3167,15:33:02,20:25:21,3,1|2013-10-02 15:33:02|9.158632502|80.28183473;2|2013-10-02 18:02:45|9.230497398|80.12912182;3|2013-10-02 20:25:21|9.10473383|80.32675029
28,2013-10-02,1,MOVE,45937.6004,311.15,06:21:09,11:44:56,16,1|2013-10-02 06:21:09|6.90387139|80.91963568;2|2013-10-02 08:37:59|6.912854502|80.91065257;3|2013-10-02 09:03:34|6.90387139|80.91065257;4|2013-10-02 09:11:16|6.912854502|80.91065257;5|2013-10-02 09:29:00|6.90387139|80.91963568;6|2013-10-02 09:29:53|6.90387139|80.91065257;7|2013-10-02 09:42:05|6.90387139|80.91065257;8|2013-10-02 10:23:38|6.90387139|80.91963568;9|2013-10-02 10:31:05|6.90387139|80.91963568;10|2013-10-02 10:31:14|6.90387139|80.91963568;11|2013-10-02 10:37:34|6.99370251|81.07234858;12|2013-10-02 10:43:13|6.99370251|81.07234858;13|2013-10-02 10:53:32|6.90387139|80.91065257;14|2013-10-02 11:24:42|6.90387139|80.91963568;15|2013-10-02 11:32:18|6.90387139|80.91963568;16|2013-10-02 11:44:56|6.90387139|80.91065257
28,2013-10-02,2,STAY,0.0,41.4167,11:44:56,12:26:21,3,1|2013-10-02 11:44:56|6.903871|80.910653
28,2013-10-02,3,MOVE,0.0,0.0,12:26:21,13:11:04,2,1|2013-10-02 12:26:21|6.90387139|80.91065257;2|2013-10-02 13:11:04|6.90387139|80.91963568
28,2013-10-02,4,STAY,0.0,39.4333,13:11:04,13:50:30,3,1|2013-10-02 13:11:04|6.903871|80.919636
28,2013-10-02,5,MOVE,17367.3321,30.7833,13:50:30,14:58:12,3,1|2013-10-02 13:50:30|6.90387139|80.91963568;2|2013-10-02 14:21:17|6.984719398|81.05438236;3|2013-10-02 14:58:12|6.90387139|80.91963568
28,2013-10-02,6,STAY,0.0,89.4,14:58:12,16:27:36,5,1|2013-10-02 14:58:12|6.903871|80.919636
28,2013-10-02,7,MOVE,38378.0218,405.95,16:27:36,23:13:33,14,1|2013-10-02 16:27:36|6.90387139|80.91963568;2|2013-10-02 16:37:17|6.90387139|80.91065257;3|2013-10-02 16:49:56|6.90387139|80.91065257;4|2013-10-02 17:05:37|6.832006494|81.00048369;5|2013-10-02 19:05:44|6.90387139|80.91963568;6|2013-10-02 19:15:46|6.90387139|80.91963568;7|2013-10-02 19:28:29|6.90387139|80.91065257;8|2013-10-02 20:06:55|6.90387139|80.91963568;9|2013-10-02 20:07:13|6.90387139|80.91963568;10|2013-10-02 20:11:25|6.90387139|80.91065257;11|2013-10-02 20:41:45|6.90387139|80.91963568;12|2013-10-02 20:50:11|6.90387139|80.91963568;13|2013-10-02 22:58:17|6.984719398|81.06336547;14|2013-10-02 23:13:33|6.876922054|80.94658502
29,2013-10-02,1,MOVE,0.0,0.0,09:33:34,18:24:36,2,1|2013-10-02 09:33:34|6.921837614|79.90454402;2|2013-10-02 18:24:36|6.607428694|80.24590228
29,2013-10-02,2,STAY,0.0,95.9167,18:24:36,20:00:31,3,1|2013-10-02 18:24:36|6.607429|80.245902
30,2013-10-02,1,MOVE,0.0,0.0,02:18:59,09:28:56,2,1|2013-10-02 02:18:59|6.562513134|80.00335826;2|2013-10-02 09:28:56|6.805057158|79.91352714
30,2013-10-02,2,STAY,0.0,48.2333,09:28:56,10:17:10,7,1|2013-10-02 09:28:56|6.805057|79.913527
30,2013-10-02,3,MOVE,61112.9955,361.7,10:17:10,16:25:28,8,1|2013-10-02 10:17:10|6.805057158|79.91352714;2|2013-10-02 11:20:58|6.849972718|79.86861158;3|2013-10-02 11:40:52|6.580479358|79.9584427;4|2013-10-02 11:57:54|6.805057158|79.91352714;5|2013-10-02 14:29:30|6.580479358|80.02132448;6|2013-10-02 14:58:04|6.805057158|79.91352714;7|2013-10-02 16:18:52|6.805057158|79.92251025;8|2013-10-02 16:25:28|6.805057158|79.91352714
30,2013-10-02,4,STAY,0.0,56.4333,16:25:28,17:21:54,3,1|2013-10-02 16:25:28|6.805057|79.913527
30,2013-10-02,5,MOVE,60270.0519,105.3333,17:21:54,19:54:37,5,1|2013-10-02 17:21:54|6.805057158|79.91352714;2|2013-10-02 18:12:20|6.76912471|79.94047647;3|2013-10-02 19:05:31|6.580479358|80.02132448;4|2013-10-02 19:07:14|6.580479358|80.02132448;5|2013-10-02 19:54:37|6.562513134|80.00335826
30,2013-10-02,6,STAY,0.0,90.7167,19:54:37,21:25:20,2,1|2013-10-02 19:54:37|6.562513|80.003358
31,2013-10-02,1,STAY,0.0,287.7833,07:32:01,12:19:48,7,1|2013-10-02 07:32:01|8.188456|79.859628
31,2013-10-02,2,MOVE,18210.6058,306.75,12:19:48,18:39:28,3,1|2013-10-02 12:19:48|8.188456406|79.85962846;2|2013-10-02 17:26:33|8.02676039|79.83267913;3|2013-10-02 18:39:28|8.188456406|79.85962846
31,2013-10-02,3,STAY,0.0,124.35,18:39:28,20:43:49,3,1|2013-10-02 18:39:28|8.188456|79.859628
32,2013-10-02,1,MOVE,120695.1044,384.3333,08:35:32,15:14:37,9,1|2013-10-02 08:35:32|9.158632502|80.54234498;2|2013-10-02 08:58:08|8.96998715|80.52437875;3|2013-10-02 11:39:38|9.068801382|80.49742942;4|2013-10-02 12:00:13|9.158632502|80.54234498;5|2013-10-02 13:15:50|8.96998715|80.52437875;6|2013-10-02 13:33:13|9.068801382|80.49742942;7|2013-10-02 13:35:20|9.068801382|80.49742942;8|2013-10-02 14:59:52|8.754392462|80.49742942;9|2013-10-02 15:14:37|8.96998715|80.52437875
32,2013-10-02,2,STAY,0.0,423.8333,15:14:37,22:18:27,7,1|2013-10-02 15:14:37|8.969987|80.524379
33,2013-10-02,1,STAY,0.0,145.85,15:56:55,18:22:46,3,1|2013-10-02 15:56:55|7.981845|80.380649
33,2013-10-02,2,MOVE,145435.0024,77.05,18:22:46,19:39:49,3,1|2013-10-02 18:22:46|7.98184483|80.38064896;2|2013-10-02 18:54:33|6.715226038|80.04827382;3|2013-10-02 19:39:49|7.98184483|80.38064896
34,2013-10-02,1,STAY,0.0,495.35,05:19:28,13:34:49,15,1|2013-10-02 05:19:28|6.221155|80.120139
34,2013-10-02,2,MOVE,2815.0203,44.2,13:34:49,14:59:45,3,1|2013-10-02 13:34:49|6.221154878|80.12013871;2|2013-10-02 14:19:01|6.239121102|80.10217249;3|2013-10-02 14:59:45|6.221154878|80.12013871
34,2013-10-02,3,STAY,0.0,63.75,14:59:45,16:03:30,8,1|2013-10-02 14:59:45|6.221155|80.120139
34,2013-10-02,4,MOVE,17606.5015,135.7833,16:03:30,18:32:11,5,1|2013-10-02 16:03:30|6.221154878|80.12013871;2|2013-10-02 17:09:06|6.248104214|80.05725693;3|2013-10-02 17:38:41|6.239121102|80.05725693;4|2013-10-02 18:19:17|6.239121102|80.10217249;5|2013-10-02 18:32:11|6.221154878|80.12013871
34,2013-10-02,5,STAY,0.0,236.55,18:32:11,22:28:44,10,1|2013-10-02 18:32:11|6.221155|80.120139
35,2013-10-02,1,MOVE,13305.2906,274.2667,06:51:16,13:53:40,4,1|2013-10-02 06:51:16|6.876922054|80.1111556;2|2013-10-02 07:19:12|6.85895583|80.16505427;3|2013-10-02 11:25:32|6.921837614|80.15607116;4|2013-10-02 13:53:40|6.85895583|80.16505427
35,2013-10-02,2,STAY,0.0,533.9667,13:53:40,22:47:38,3,1|2013-10-02 13:53:40|6.858956|80.165054
36,2013-10-02,1,STAY,0.0,199.1833,01:09:18,04:28:29,4,1|2013-10-02 01:09:18|9.652704|80.021324
36,2013-10-02,2,STAY,0.0,221.1833,04:28:29,08:14:40,2,1|2013-10-02 04:28:29|9.652704|80.021324
36,2013-10-02,3,MOVE,0.0,0.0,08:14:40,08:19:40,2,1|2013-10-02 08:14:40|9.652703662|80.02132448;2|2013-10-02 08:19:40|9.652703662|80.03030759
36,2013-10-02,4,STAY,0.0,503.2167,08:19:40,16:47:53,2,1|2013-10-02 08:19:40|9.652704|80.030308
36,2013-10-02,5,MOVE,2385.7768,31.9667,16:47:53,19:01:05,4,1|2013-10-02 16:47:53|9.652703662|80.03030759;2|2013-10-02 16:52:53|9.652703662|80.02132448;3|2013-10-02 17:19:51|9.661686774|80.0392907;4|2013-10-02 19:01:05|9.652703662|80.02132448
36,2013-10-02,6,STAY,0.0,27.85,19:01:05,19:28:56,2,1|2013-10-02 19:01:05|9.652704|80.021324
36,2013-10-02,7,MOVE,984.0708,83.75,19:28:56,20:52:41,3,1|2013-10-02 19:28:56|9.652703662|80.02132448;2|2013-10-02 19:54:04|9.652703662|80.03030759;3|2013-10-02 20:52:41|9.652703662|80.02132448
37,2013-10-02,1,STAY,0.0,622.2333,07:12:20,17:34:34,3,1|2013-10-02 07:12:20|6.867939|81.341842
37,2013-10-02,2,MOVE,26468.8003,204.85,17:34:34,20:59:25,3,1|2013-10-02 17:34:34|6.867938942|81.34184194;2|2013-10-02 19:14:53|6.894888278|81.24302771;3|2013-10-02 20:59:25|6.894888278|81.20709526
38,2013-10-02,1,MOVE,0.0,0.0,06:55:51,08:18:34,2,1|2013-10-02 06:55:51|7.047601182|81.20709526;2|2013-10-02 08:18:34|6.99370251|81.0094668
38,2013-10-02,2,STAY,0.0,53.6833,08:18:34,09:12:15,3,1|2013-10-02 08:18:34|6.993703|81.009467
38,2013-10-02,3,MOVE,279121.2856,768.6167,09:12:15,22:00:52,13,1|2013-10-02 09:12:15|6.99370251|81.0094668;2|2013-10-02 09:31:42|6.912854502|80.98251746;3|2013-10-02 09:44:37|6.94878695|81.1621797;4|2013-10-02 10:09:20|7.415908774|81.82692999;5|2013-10-02 10:21:49|7.415908774|81.82692999;6|2013-10-02 10:30:13|6.912854502|80.98251746;7|2013-10-02 12:00:41|6.984719398|81.05438236;8|2013-10-02 14:31:40|6.984719398|81.04539925;9|2013-10-02 14:44:51|6.912854502|80.98251746;10|2013-10-02 15:09:30|6.99370251|81.0094668;11|2013-10-02 15:56:47|6.939803838|80.99150058;12|2013-10-02 18:21:22|6.984719398|81.05438236;13|2013-10-02 22:00:52|6.912854502|80.98251746
40,2013-10-02,1,STAY,0.0,947.5667,07:42:30,23:30:04,11,1|2013-10-02 07:42:30|8.323203|80.398615
41,2013-10-02,1,STAY,0.0,282.2833,07:26:07,12:08:24,3,1|2013-10-02 07:26:07|7.263196|79.859628
41,2013-10-02,2,MOVE,6070.5322,261.1,12:08:24,16:29:30,2,1|2013-10-02 12:08:24|7.26319587|79.85962846;2|2013-10-02 16:29:30|7.209297198|79.85064535
42,2013-10-02,1,STAY,0.0,316.75,10:58:01,16:14:46,3,1|2013-10-02 10:58:01|7.281162|80.73099
43,2013-10-02,1,MOVE,18429.9085,217.2167,09:46:11,14:39:52,5,1|2013-10-02 09:46:11|9.742534782|80.03030759;2|2013-10-02 10:20:40|9.724568558|80.02132448;3|2013-10-02 13:04:29|9.661686774|80.01234137;4|2013-10-02 13:23:24|9.787450342|80.07522315;5|2013-10-02 14:39:52|9.742534782|80.03030759
43,2013-10-02,2,STAY,0.0,253.25,14:39:52,18:53:07,6,1|2013-10-02 14:39:52|9.742535|80.030308
43,2013-10-02,3,MOVE,10002.0288,288.6167,18:53:07,23:41:44,4,1|2013-10-02 18:53:07|9.742534782|80.03030759;2|2013-10-02 19:02:15|9.769484118|80.03030759;3|2013-10-02 20:00:02|9.742534782|80.03030759;4|2013-10-02 23:41:44|9.787450342|80.07522315
45,2013-10-02,1,MOVE,0.0,0.0,13:14:07,13:14:07,1,1|2013-10-02 13:14:07|6.984719398|79.98539203
46,2013-10-02,1,MOVE,34203.1797,946.55,04:08:39,19:55:12,5,1|2013-10-02 04:08:39|7.415908774|81.82692999;2|2013-10-02 04:45:04|7.362010102|81.79998066;3|2013-10-02 06:54:48|7.290145206|81.86286244;4|2013-10-02 18:41:14|7.362010102|81.79998066;5|2013-10-02 19:55:12|7.362010102|81.84489622
47,2013-10-02,1,MOVE,998.2034,19.8333,03:30:47,05:58:23,3,1|2013-10-02 03:30:47|8.987953374|79.90454402;2|2013-10-02 03:50:37|8.978970262|79.90454402;3|2013-10-02 05:58:23|8.987953374|79.90454402
47,2013-10-02,2,STAY,0.0,108.15,05:58:23,07:46:32,2,1|2013-10-02 05:58:23|8.987953|79.904544
47,2013-10-02,3,MOVE,0.0,0.0,07:46:32,08:22:24,2,1|2013-10-02 07:46:32|8.987953374|79.90454402;2|2013-10-02 08:22:24|8.978970262|79.90454402
47,2013-10-02,4,STAY,0.0,846.8,08:22:24,22:34:12,2,1|2013-10-02 08:22:24|8.97897|79.904544
47,2013-10-02,5,MOVE,998.2034,5.0,22:34:12,22:39:12,2,1|2013-10-02 22:34:12|8.978970262|79.90454402;2|2013-10-02 22:39:12|8.987953374|79.90454402
48,2013-10-02,1,MOVE,17710.3564,601.1167,06:37:16,16:38:23,2,1|2013-10-02 06:37:16|6.05047575|80.27285162;2|2013-10-02 16:38:23|6.149289982|80.14708805
49,2013-10-02,1,MOVE,0.0,0.0,19:25:52,19:25:52,1,1|2013-10-02 19:25:52|6.293019774|80.15607116
50,2013-10-02,1,MOVE,0.0,6.8833,09:03:22,09:15:22,3,1|2013-10-02 09:03:22|7.164381638|81.22506149;2|2013-10-02 09:10:15|7.164381638|81.22506149;3|2013-10-02 09:15:22|7.362010102|80.94658502
50,2013-10-02,2,STAY,0.0,23.25,09:15:22,09:38:37,3,1|2013-10-02 09:15:22|7.36201|80.946585
50,2013-10-02,3,MOVE,87260.3613,39.7167,09:38:37,10:34:16,4,1|2013-10-02 09:38:37|7.362010102|80.94658502;2|2013-10-02 10:01:45|7.182347862|80.69505788;3|2013-10-02 10:18:20|7.245229646|80.47946319;4|2013-10-02 10:34:16|7.164381638|81.22506149
50,2013-10-02,4,STAY,0.0,65.55,10:34:16,11:39:49,2,1|2013-10-02 10:34:16|7.164382|81.225061
50,2013-10-02,5,MOVE,0.0,0.0,11:39:49,12:52:07,2,1|2013-10-02 11:39:49|7.164381638|81.22506149;2|2013-10-02 12:52:07|7.362010102|80.94658502
50,2013-10-02,6,STAY,0.0,106.4167,12:52:07,14:38:32,3,1|2013-10-02 12:52:07|7.36201|80.946585
50,2013-10-02,7,MOVE,54952.4769,236.45,14:38:32,18:34:59,3,1|2013-10-02 14:38:32|7.362010102|80.94658502;2|2013-10-02 18:23:48|7.281162094|80.73099033;3|2013-10-02 18:34:59|7.299128318|80.68607477
51,2013-10-02,1,STAY,0.0,984.6,03:00:14,19:24:50,11,1|2013-10-02 03:00:14|8.233372|80.344717
52,2013-10-02,1,MOVE,80105.5957,729.3,08:19:33,20:28:51,8,1|2013-10-02 08:19:33|6.885905166|79.85962846;2|2013-10-02 11:02:44|6.90387139|79.85064535;3|2013-10-02 12:11:32|6.885905166|79.85962846;4|2013-10-02 14:13:58|6.930820726|79.85064535;5|2013-10-02 15:42:37|7.047601182|80.00335826;6|2013-10-02 16:21:45|7.03861807|79.98539203;7|2013-10-02 16:53:45|6.930820726|79.85962846;8|2013-10-02 20:28:51|7.03861807|79.98539203
53,2013-10-02,1,STAY,0.0,751.7833,09:43:11,22:14:58,11,1|2013-10-02 09:43:11|8.233372|79.769797
54,2013-10-02,1,STAY,0.0,681.2,09:05:09,20:26:21,11,1|2013-10-02 09:05:09|6.912855|79.940476
55,2013-10-02,1,STAY,0.0,868.7833,06:13:28,20:42:15,9,1|2013-10-02 06:13:28|7.936929|80.722007
56,2013-10-02,1,STAY,0.0,641.1167,09:15:25,19:56:32,26,1|2013-10-02 09:15:25|6.912855|79.850645
57,2013-10-02,1,MOVE,0.0,0.0,08:45:56,10:12:23,2,1|2013-10-02 08:45:56|6.984719398|79.8865778;2|2013-10-02 10:12:23|6.939803838|79.85962846
57,2013-10-02,2,STAY,0.0,416.65,10:12:23,17:09:02,6,1|2013-10-02 10:12:23|6.939804|79.859628
57,2013-10-02,3,MOVE,5455.7494,160.1167,17:09:02,21:43:06,4,1|2013-10-02 17:09:02|6.939803838|79.85962846;2|2013-10-02 19:35:28|6.94878695|79.85962846;3|2013-10-02 19:49:09|6.975736286|79.87759469;4|2013-10-02 21:43:06|6.984719398|79.87759469
57,2013-10-02,4,STAY,0.0,114.8167,21:43:06,23:37:55,2,1|2013-10-02 21:43:06|6.984719|79.877595
58,2013-10-02,1,MOVE,19964.068,79.65,06:24:54,09:05:22,5,1|2013-10-02 06:24:54|7.08353363|79.93149336;2|2013-10-02 06:56:23|7.011668734|79.93149336;3|2013-10-02 07:07:53|7.011668734|79.93149336;4|2013-10-02 07:44:33|7.119466078|79.93149336;5|2013-10-02 09:05:22|7.011668734|79.93149336
58,2013-10-02,2,STAY,0.0,540.7167,09:05:22,18:06:05,2,1|2013-10-02 09:05:22|7.011669|79.931493
58,2013-10-02,3,MOVE,26951.492,80.6833,18:06:05,19:53:11,4,1|2013-10-02 18:06:05|7.011668734|79.93149336;2|2013-10-02 18:49:46|7.146415414|79.93149336;3|2013-10-02 19:26:46|7.119466078|79.93149336;4|2013-10-02 19:53:11|7.146415414|79.93149336
58,2013-10-02,4,STAY,0.0,37.5,19:53:11,20:30:41,3,1|2013-10-02 19:53:11|7.146415|79.931493
58,2013-10-02,5,MOVE,26298.8284,151.2667,20:30:41,23:52:34,4,1|2013-10-02 20:30:41|7.146415414|79.93149336;2|2013-10-02 21:25:04|7.209297198|79.85064535;3|2013-10-02 23:01:57|7.011668734|79.93149336;4|2013-10-02 23:52:34|7.08353363|79.93149336
58,2013-10-02,6,STAY,0.0,4.7,23:52:34,23:57:16,2,1|2013-10-02 23:52:34|7.083534|79.931493
59,2013-10-02,1,MOVE,28947.8988,189.1,12:27:28,16:56:52,4,1|2013-10-02 12:27:28|7.101499854|81.85387933;2|2013-10-02 15:28:06|7.236246534|81.85387933;3|2013-10-02 15:36:34|7.227263422|81.85387933;4|2013-10-02 16:56:52|7.21828031|81.84489622
59,2013-10-02,2,STAY,0.0,18.0333,16:56:52,17:14:54,2,1|2013-10-02 16:56:52|7.21828|81.844896
59,2013-10-02,3,MOVE,990.2921,44.85,17:14:54,18:12:11,3,1|2013-10-02 17:14:54|7.21828031|81.84489622;2|2013-10-02 17:59:45|7.21828031|81.85387933;3|2013-10-02 18:12:11|7.236246534|81.85387933
59,2013-10-02,4,STAY,0.0,112.9333,18:12:11,20:05:07,3,1|2013-10-02 18:12:11|7.236247|81.853879
59,2013-10-02,5,MOVE,5989.2204,44.7,20:05:07,20:54:35,6,1|2013-10-02 20:05:07|7.236246534|81.85387933;2|2013-10-02 20:08:55|7.227263422|81.85387933;3|2013-10-02 20:17:56|7.227263422|81.85387933;4|2013-10-02 20:46:00|7.21828031|81.85387933;5|2013-10-02 20:49:49|7.21828031|81.85387933;6|2013-10-02 20:54:35|7.236246534|81.85387933
59,2013-10-02,6,STAY,0.0,146.95,20:54:35,23:21:32,3,1|2013-10-02 20:54:35|7.236247|81.853879
60,2013-10-02,1,STAY,0.0,99.8833,09:27:03,11:06:56,3,1|2013-10-02 09:27:03|7.847098|80.569294
60,2013-10-02,2,MOVE,145922.9928,155.3167,11:06:56,14:41:44,6,1|2013-10-02 11:06:56|7.84709815|80.56929431;2|2013-10-02 12:37:21|7.424891886|80.46149697;3|2013-10-02 12:49:46|7.424891886|80.46149697;4|2013-10-02 13:12:15|7.84709815|80.56929431;5|2013-10-02 13:42:15|7.415908774|80.47048008;6|2013-10-02 14:41:44|7.84709815|80.56929431
60,2013-10-02,3,STAY,0.0,290.7,14:41:44,19:32:26,5,1|2013-10-02 14:41:44|7.847098|80.569294
60,2013-10-02,4,MOVE,48394.4075,67.0167,19:32:26,20:39:27,2,1|2013-10-02 19:32:26|7.84709815|80.56929431;2|2013-10-02 20:39:27|7.424891886|80.46149697
61,2013-10-02,1,MOVE,4999.3103,168.3333,06:07:02,09:25:40,6,1|2013-10-02 06:07:02|6.45471579|79.98539203;2|2013-10-02 06:13:10|6.427766454|80.00335826;3|2013-10-02 07:37:08|6.45471579|79.98539203;4|2013-10-02 07:41:08|6.45471579|79.98539203;5|2013-10-02 08:55:22|6.445732678|79.99437514;6|2013-10-02 09:25:40|6.45471579|79.98539203
61,2013-10-02,2,STAY,0.0,197.7833,09:25:40,12:43:27,7,1|2013-10-02 09:25:40|6.454716|79.985392
61,2013-10-02,3,MOVE,9457.798,114.5,12:43:27,16:07:47,8,1|2013-10-02 12:43:27|6.45471579|79.98539203;2|2013-10-02 12:49:40|6.418783342|80.00335826;3|2013-10-02 13:15:50|6.45471579|79.98539203;4|2013-10-02 13:25:09|6.45471579|79.98539203;5|2013-10-02 13:30:05|6.45471579|79.98539203;6|2013-10-02 13:43:51|6.427766454|80.00335826;7|2013-10-02 14:37:57|6.445732678|79.99437514;8|2013-10-02 16:07:47|6.45471579|79.98539203
61,2013-10-02,4,STAY,0.0,130.1333,16:07:47,18:17:55,3,1|2013-10-02 16:07:47|6.454716|79.985392
61,2013-10-02,5,MOVE,1407.2117,43.9667,18:17:55,19:04:56,3,1|2013-10-02 18:17:55|6.45471579|79.98539203;2|2013-10-02 19:01:53|6.445732678|79.99437514;3|2013-10-02 19:04:56|6.45471579|79.98539203
61,2013-10-02,6,STAY,0.0,82.9333,19:04:56,20:27:52,5,1|2013-10-02 19:04:56|6.454716|79.985392
62,2013-10-02,1,MOVE,46480.1598,246.7333,06:17:37,10:40:06,8,1|2013-10-02 06:17:37|6.670310478|80.06624004;2|2013-10-02 06:23:50|6.670310478|80.06624004;3|2013-10-02 06:28:30|6.67929359|80.16505427;4|2013-10-02 07:31:29|6.715226038|80.06624004;5|2013-10-02 09:24:19|6.706242926|80.07522315;6|2013-10-02 10:05:43|6.652344254|80.13810494;7|2013-10-02 10:24:21|6.733192262|80.21895294;8|2013-10-02 10:40:06|6.670310478|80.06624004
62,2013-10-02,2,STAY,0.0,24.4167,10:40:06,11:04:31,2,1|2013-10-02 10:40:06|6.67031|80.06624
62,2013-10-02,3,MOVE,0.0,0.0,11:04:31,11:25:53,2,1|2013-10-02 11:04:31|6.670310478|80.06624004;2|2013-10-02 11:25:53|6.652344254|80.13810494
62,2013-10-02,4,STAY,0.0,29.6667,11:25:53,11:55:33,3,1|2013-10-02 11:25:53|6.652344|80.138105
62,2013-10-02,5,MOVE,27916.3953,95.8167,11:55:33,13:50:26,6,1|2013-10-02 11:55:33|6.652344254|80.13810494;2|2013-10-02 12:24:46|6.670310478|80.06624004;3|2013-10-02 12:51:52|6.652344254|80.13810494;4|2013-10-02 13:28:32|6.715226038|80.06624004;5|2013-10-02 13:31:22|6.706242926|80.07522315;6|2013-10-02 13:50:26|6.670310478|80.06624004
62,2013-10-02,6,STAY,0.0,117.45,13:50:26,15:47:53,3,1|2013-10-02 13:50:26|6.67031|80.06624
62,2013-10-02,7,MOVE,0.0,0.0,15:47:53,17:47:49,2,1|2013-10-02 15:47:53|6.670310478|80.06624004;2|2013-10-02 17:47:49|6.67929359|80.16505427
62,2013-10-02,8,STAY,0.0,301.4667,17:47:49,22:49:17,2,1|2013-10-02 17:47:49|6.679294|80.165054
63,2013-10-02,1,MOVE,0.0,0.0,07:23:51,09:16:15,2,1|2013-10-02 07:23:51|7.649469686|80.51539564;2|2013-10-02 09:16:15|6.94878695|79.90454402
63,2013-10-02,2,STAY,0.0,169.3,09:16:15,12:05:33,2,1|2013-10-02 09:16:15|6.948787|79.904544
64,2013-10-02,1,MOVE,25085.0278,122.3833,07:38:39,11:28:42,4,1|2013-10-02 07:38:39|6.984719398|79.97640892;2|2013-10-02 09:39:12|6.94878695|79.86861158;3|2013-10-02 09:41:02|6.94878695|79.86861158;4|2013-10-02 11:28:42|6.984719398|79.97640892
64,2013-10-02,2,STAY,0.0,112.6167,11:28:42,13:21:19,2,1|2013-10-02 11:28:42|6.984719|79.976409
64,2013-10-02,3,MOVE,7306.5451,239.3,13:21:19,20:40:05,5,1|2013-10-02 13:21:19|6.984719398|79.97640892;2|2013-10-02 14:35:07|6.966753174|79.98539203;3|2013-10-02 17:06:14|6.984719398|79.98539203;4|2013-10-02 17:20:37|6.975736286|79.94047647;5|2013-10-02 20:40:05|6.984719398|79.98539203
64,2013-10-02,4,STAY,0.0,34.7833,20:40:05,21:14:52,2,1|2013-10-02 20:40:05|6.984719|79.985392
64,2013-10-02,5,MOVE,1996.4068,130.2333,21:14:52,23:25:06,2,1|2013-10-02 21:14:52|6.984719398|79.98539203;2|2013-10-02 23:25:06|6.966753174|79.98539203
65,2013-10-02,1,MOVE,73129.3288,178.65,06:28:29,09:27:08,2,1|2013-10-02 06:28:29|7.66743591|79.83267913;2|2013-10-02 09:27:08|8.242355078|80.15607116
66,2013-10-02,1,STAY,0.0,579.5,07:09:56,16:49:26,7,1|2013-10-02 07:09:56|6.167256|80.093189
66,2013-10-02,2,MOVE,4114.3088,100.0333,16:49:26,19:08:36,4,1|2013-10-02 16:49:26|6.167256206|80.09318938;2|2013-10-02 17:51:28|6.131323758|80.10217249;3|2013-10-02 18:29:28|6.167256206|80.09318938;4|2013-10-02 19:08:36|6.131323758|80.10217249
66,2013-10-02,3,STAY,0.0,51.7,19:08:36,20:00:18,2,1|2013-10-02 19:08:36|6.131324|80.102172
66,2013-10-02,4,MOVE,4114.3088,211.3,20:00:18,23:31:36,3,1|2013-10-02 20:00:18|6.131323758|80.10217249;2|2013-10-02 23:19:16|6.167256206|80.09318938;3|2013-10-02 23:31:36|6.131323758|80.10217249
67,2013-10-02,1,STAY,0.0,26.05,21:40:32,22:06:35,2,1|2013-10-02 21:40:32|7.227263|81.853879
68,2013-10-02,1,MOVE,0.0,0.0,07:21:40,12:19:45,2,1|2013-10-02 07:21:40|7.496756782|79.91352714;2|2013-10-02 12:19:45|7.460824334|79.91352714
68,2013-10-02,2,STAY,0.0,298.7667,12:19:45,17:18:31,3,1|2013-10-02 12:19:45|7.460824|79.913527
68,2013-10-02,3,MOVE,10733.5631,237.5167,17:18:31,21:16:02,3,1|2013-10-02 17:18:31|7.460824334|79.91352714;2|2013-10-02 17:55:38|7.514723006|79.83267913;3|2013-10-02 21:16:02|7.460824334|79.91352714
69,2013-10-02,1,STAY,0.0,41.2,13:30:45,14:11:57,2,1|2013-10-02 13:30:45|6.885905|79.859628
69,2013-10-02,2,MOVE,0.0,0.0,14:11:57,14:45:36,2,1|2013-10-02 14:11:57|6.885905166|79.85962846;2|2013-10-02 14:45:36|6.885905166|79.86861158
69,2013-10-02,3,STAY,0.0,359.1333,14:45:36,20:44:44,6,1|2013-10-02 14:45:36|6.885905|79.868612
70,2013-10-02,1,STAY,0.0,124.7833,06:31:31,08:36:18,4,1|2013-10-02 06:31:31|7.927946|81.180146
70,2013-10-02,2,MOVE,194258.0699,483.0667,08:36:18,17:02:48,14,1|2013-10-02 08:36:18|7.927946158|81.18014593;2|2013-10-02 08:48:04|7.909979934|81.06336547;3|2013-10-02 10:13:40|7.98184483|80.96455124;4|2013-10-02 10:21:09|7.927946158|81.0094668;5|2013-10-02 11:15:09|7.865064374|81.11726414;6|2013-10-02 11:59:47|7.909979934|81.11726414;7|2013-10-02 12:41:54|7.990827942|80.91963568;8|2013-10-02 12:55:49|7.909979934|81.06336547;9|2013-10-02 13:00:38|7.927946158|81.0094668;10|2013-10-02 15:27:49|7.93692927|81.02743302;11|2013-10-02 15:30:53|7.909979934|81.06336547;12|2013-10-02 15:35:21|7.909979934|81.06336547;13|2013-10-02 16:39:22|7.927946158|81.02743302;14|2013-10-02 17:02:48|7.927946158|81.0094668
70,2013-10-02,3,STAY,0.0,39.4667,17:02:48,17:42:16,2,1|2013-10-02 17:02:48|7.927946|81.009467
70,2013-10-02,4,MOVE,222346.3652,177.6333,17:42:16,20:39:54,5,1|2013-10-02 17:42:16|7.927946158|81.0094668;2|2013-10-02 17:45:32|7.927946158|81.02743302;3|2013-10-02 18:40:05|8.323203086|80.35369962;4|2013-10-02 19:07:08|8.224388854|80.52437875;5|2013-10-02 20:39:54|8.314219974|80.47048008
71,2013-10-02,1,STAY,0.0,396.7167,08:42:43,15:19:26,2,1|2013-10-02 08:42:43|6.634378|79.940476
71,2013-10-02,2,MOVE,4979.076,27.2667,15:19:26,17:25:59,3,1|2013-10-02 15:19:26|6.63437803|79.94047647;2|2013-10-02 15:46:42|6.598445582|79.96742581;3|2013-10-02 17:25:59|6.63437803|79.94047647
71,2013-10-02,3,STAY,0.0,21.3667,17:25:59,17:47:21,2,1|2013-10-02 17:25:59|6.634378|79.940476
72,2013-10-02,1,STAY,0.0,918.5333,08:00:14,23:18:46,3,1|2013-10-02 08:00:14|7.083534|79.94946
73,2013-10-02,1,MOVE,234810.9555,526.7167,06:33:14,16:06:00,9,1|2013-10-02 06:33:14|8.502865326|81.18014593;2|2013-10-02 06:33:29|8.502865326|81.18014593;3|2013-10-02 09:28:52|8.529814662|81.19811215;4|2013-10-02 10:27:12|8.502865326|81.17116282;5|2013-10-02 11:36:36|8.502865326|81.18014593;6|2013-10-02 12:07:59|6.930820726|79.86861158;7|2013-10-02 13:40:28|8.502865326|81.18014593;8|2013-10-02 15:19:57|8.529814662|81.19811215;9|2013-10-02 16:06:00|8.502865326|81.18014593
73,2013-10-02,2,STAY,0.0,471.75,16:06:00,23:57:45,4,1|2013-10-02 16:06:00|8.502865|81.180146
74,2013-10-02,1,MOVE,0.0,0.0,06:12:37,07:58:50,2,1|2013-10-02 06:12:37|7.550655454|80.7130241;2|2013-10-02 07:58:50|7.514723006|80.67709166
74,2013-10-02,2,STAY,0.0,197.3167,07:58:50,11:16:09,3,1|2013-10-02 07:58:50|7.514723|80.677092
74,2013-10-02,3,MOVE,16867.1355,174.0,11:16:09,17:05:27,6,1|2013-10-02 11:16:09|7.514723006|80.67709166;2|2013-10-02 11:37:46|7.550655454|80.7130241;3|2013-10-02 11:51:14|7.550655454|80.7130241;4|2013-10-02 12:25:18|7.514723006|80.67709166;5|2013-10-02 14:10:09|7.550655454|80.7130241;6|2013-10-02 17:05:27|7.514723006|80.67709166
74,2013-10-02,4,STAY,0.0,22.3833,17:05:27,17:27:50,2,1|2013-10-02 17:05:27|7.514723|80.677092
75,2013-10-02,1,STAY,0.0,117.65,09:52:48,11:50:27,3,1|2013-10-02 09:52:48|6.95777|80.20997
75,2013-10-02,2,MOVE,0.0,0.0,11:50:27,12:03:27,2,1|2013-10-02 11:50:27|6.957770062|80.20996983;2|2013-10-02 12:03:27|6.930820726|80.21895294
75,2013-10-02,3,STAY,0.0,27.0,12:03:27,12:30:27,2,1|2013-10-02 12:03:27|6.930821|80.218953
75,2013-10-02,4,MOVE,0.0,0.0,12:30:27,14:44:09,2,1|2013-10-02 12:30:27|6.930820726|80.21895294;2|2013-10-02 14:44:09|6.957770062|80.20996983
75,2013-10-02,5,STAY,0.0,292.35,14:44:09,19:36:30,5,1|2013-10-02 14:44:09|6.95777|80.20997
76,2013-10-02,1,MOVE,12617.1889,67.15,16:15:53,17:23:02,2,1|2013-10-02 16:15:53|6.984719398|80.61420987;2|2013-10-02 17:23:02|6.876922054|80.65014232
77,2013-10-02,1,MOVE,3398.0759,209.4833,06:33:46,11:46:22,4,1|2013-10-02 06:33:46|9.670669886|80.01234137;2|2013-10-02 09:17:23|9.679652998|80.02132448;3|2013-10-02 10:03:15|9.68863611|80.01234137;4|2013-10-02 11:46:22|9.679652998|80.02132448
77,2013-10-02,2,STAY,0.0,223.1333,11:46:22,15:29:30,5,1|2013-10-02 11:46:22|9.679653|80.021324
77,2013-10-02,3,MOVE,1401.6691,48.1333,15:29:30,18:18:43,3,1|2013-10-02 15:29:30|9.679652998|80.02132448;2|2013-10-02 16:17:38|9.670669886|80.01234137;3|2013-10-02 18:18:43|9.679652998|80.02132448
77,2013-10-02,4,STAY,0.0,105.6333,18:18:43,20:04:21,2,1|2013-10-02 18:18:43|9.679653|80.021324
78,2013-10-02,1,STAY,0.0,125.0167,06:42:55,08:47:56,3,1|2013-10-02 06:42:55|8.754392|80.434548
78,2013-10-02,2,MOVE,10764.6958,298.5333,08:47:56,14:14:33,4,1|2013-10-02 08:47:56|8.754392462|80.43454763;2|2013-10-02 11:18:35|8.763375574|80.45251386;3|2013-10-02 13:46:28|8.691510678|80.47946319;4|2013-10-02 14:14:33|8.754392462|80.43454763
78,2013-10-02,3,STAY,0.0,55.65,14:14:33,15:10:12,2,1|2013-10-02 14:14:33|8.754392|80.434548
78,2013-10-02,4,MOVE,2211.2515,41.0333,15:10:12,18:44:30,3,1|2013-10-02 15:10:12|8.754392462|80.43454763;2|2013-10-02 15:51:14|8.763375574|80.45251386;3|2013-10-02 18:44:30|8.754392462|80.43454763
78,2013-10-02,5,STAY,0.0,54.1833,18:44:30,19:38:41,3,1|2013-10-02 18:44:30|8.754392|80.434548
79,2013-10-02,1,STAY,0.0,806.7833,07:00:02,20:26:49,12,1|2013-10-02 07:00:02|9.688636|80.048274
79,2013-10-02,2,MOVE,8506.3412,6.6667,20:26:49,20:45:01,3,1|2013-10-02 20:26:49|9.68863611|80.04827382;2|2013-10-02 20:33:29|9.64372055|80.1111556;3|2013-10-02 20:45:01|9.68863611|80.04827382
79,2013-10-02,3,STAY,0.0,146.8333,20:45:01,23:11:51,3,1|2013-10-02 20:45:01|9.688636|80.048274
79,2013-10-02,4,MOVE,76932.2834,34.7833,23:11:51,23:46:38,2,1|2013-10-02 23:11:51|9.68863611|80.04827382;2|2013-10-02 23:46:38|9.122700054|80.45251386
80,2013-10-02,1,STAY,0.0,396.3,12:25:16,19:01:34,3,1|2013-10-02 12:25:16|7.388959|80.06624
81,2013-10-02,1,MOVE,569835.1788,339.4,04:27:43,11:14:11,10,1|2013-10-02 04:27:43|6.975736286|79.8865778;2|2013-10-02 06:38:16|6.248104214|81.33285883;3|2013-10-02 07:42:26|6.27505355|81.40472373;4|2013-10-02 07:47:30|6.984719398|79.90454402;5|2013-10-02 09:10:04|6.930820726|79.85064535;6|2013-10-02 09:10:10|6.27505355|81.40472373;7|2013-10-02 09:23:32|6.930820726|79.85064535;8|2013-10-02 09:35:27|6.975736286|79.8865778;9|2013-10-02 10:07:07|6.930820726|79.85064535;10|2013-10-02 11:14:11|6.27505355|81.40472373
81,2013-10-02,2,STAY,0.0,88.35,11:14:11,12:42:32,5,1|2013-10-02 11:14:11|6.275054|81.404724
81,2013-10-02,3,MOVE,911191.018,453.4667,12:42:32,20:16:00,6,1|2013-10-02 12:42:32|6.27505355|81.40472373;2|2013-10-02 15:43:10|6.921837614|79.85064535;3|2013-10-02 18:35:28|6.90387139|79.90454402;4|2013-10-02 18:38:43|6.90387139|79.90454402;5|2013-10-02 19:33:09|6.921837614|79.85064535;6|2013-10-02 20:16:00|6.90387139|79.90454402
82,2013-10-02,1,MOVE,0.0,13.5833,09:53:04,10:06:39,2,1|2013-10-02 09:53:04|7.245229646|80.31776718;2|2013-10-02 10:06:39|7.245229646|80.31776718
83,2013-10-02,1,MOVE,18722.2315,102.3,07:43:40,12:06:38,3,1|2013-10-02 07:43:40|9.679652998|79.85962846;2|2013-10-02 09:25:58|9.68863611|80.03030759;3|2013-10-02 12:06:38|9.526940094|79.70691556
83,2013-10-02,2,STAY,0.0,206.1333,12:06:38,15:32:46,2,1|2013-10-02 12:06:38|9.52694|79.706916
83,2013-10-02,3,MOVE,11321.8609,89.4333,15:32:46,17:32:16,3,1|2013-10-02 15:32:46|9.526940094|79.70691556;2|2013-10-02 17:02:12|9.607788102|79.76979734;3|2013-10-02 17:32:16|9.68863611|80.03030759
83,2013-10-02,4,STAY,0.0,261.35,17:32:16,21:53:37,3,1|2013-10-02 17:32:16|9.688636|80.030308
84,2013-10-02,1,STAY,0.0,462.1833,11:55:53,19:38:04,2,1|2013-10-02 11:55:53|7.119466|80.308784
85,2013-10-02,1,MOVE,0.0,0.0,18:42:33,18:42:33,1,1|2013-10-02 18:42:33|6.445732678|80.02132448
86,2013-10-02,1,STAY,0.0,84.65,06:55:33,08:20:12,2,1|2013-10-02 06:55:33|6.921838|79.868612
86,2013-10-02,2,MOVE,623276.4479,109.8667,08:20:12,10:24:51,6,1|2013-10-02 08:20:12|6.921837614|79.86861158;2|2013-10-02 08:21:45|9.706602334|80.06624004;3|2013-10-02 08:31:25|9.68863611|80.04827382;4|2013-10-02 08:53:07|6.921837614|79.86861158;5|2013-10-02 10:10:04|6.876922054|79.86861158;6|2013-10-02 10:24:51|9.679652998|80.03030759
86,2013-10-02,3,STAY,0.0,159.15,10:24:51,13:04:00,6,1|2013-10-02 10:24:51|9.679653|80.030308
86,2013-10-02,4,MOVE,535239.9456,270.7,13:04:00,17:53:35,7,1|2013-10-02 13:04:00|9.679652998|80.03030759;2|2013-10-02 13:24:00|9.670669886|80.0392907;3|2013-10-02 14:37:04|9.661686774|80.02132448;4|2013-10-02 16:39:46|9.679652998|80.03030759;5|2013-10-02 16:40:23|6.921837614|79.86861158;6|2013-10-02 17:34:42|7.66743591|79.83267913;7|2013-10-02 17:53:35|9.679652998|80.03030759
86,2013-10-02,5,STAY,0.0,76.45,17:53:35,19:10:02,2,1|2013-10-02 17:53:35|9.679653|80.030308
86,2013-10-02,6,MOVE,1401.6506,8.6333,19:10:02,19:21:45,3,1|2013-10-02 19:10:02|9.679652998|80.03030759;2|2013-10-02 19:18:40|9.68863611|80.0392907;3|2013-10-02 19:21:45|9.679652998|80.03030759
86,2013-10-02,7,STAY,0.0,75.5167,19:21:45,20:37:16,2,1|2013-10-02 19:21:45|9.679653|80.030308
86,2013-10-02,8,MOVE,314153.1381,77.3333,20:37:16,21:54:36,3,1|2013-10-02 20:37:16|9.679652998|80.03030759;2|2013-10-02 20:56:26|9.68863611|80.04827382;3|2013-10-02 21:54:36|6.876922054|79.86861158
87,2013-10-02,1,STAY,0.0,33.7167,06:09:44,06:43:27,2,1|2013-10-02 06:09:44|7.155399|79.958443
87,2013-10-02,2,MOVE,33070.5987,290.75,06:43:27,11:36:17,11,1|2013-10-02 06:43:27|7.155398526|79.9584427;2|2013-10-02 07:06:17|7.17336475|79.9584427;3|2013-10-02 07:24:51|7.209297198|79.84166224;4|2013-10-02 09:47:16|7.155398526|79.9584427;5|2013-10-02 10:04:43|7.12844919|79.98539203;6|2013-10-02 10:05:00|7.12844919|79.98539203;7|2013-10-02 10:10:18|7.155398526|79.9584427;8|2013-10-02 10:12:28|7.12844919|79.98539203;9|2013-10-02 11:24:10|7.155398526|79.9584427;10|2013-10-02 11:34:12|7.12844919|79.98539203;11|2013-10-02 11:36:17|7.155398526|79.9584427
87,2013-10-02,3,STAY,0.0,15.2667,11:36:17,11:51:33,3,1|2013-10-02 11:36:17|7.155399|79.958443
87,2013-10-02,4,MOVE,40743.0409,50.8833,11:51:33,12:44:55,8,1|2013-10-02 11:51:33|7.155398526|79.9584427;2|2013-10-02 11:57:56|6.912854502|79.85962846;3|2013-10-02 12:18:53|7.17336475|79.89556091;4|2013-10-02 12:23:21|7.17336475|79.94945958;5|2013-10-02 12:26:22|7.155398526|79.9584427;6|2013-10-02 12:34:35|7.155398526|79.9584427;7|2013-10-02 12:42:26|7.17336475|79.94945958;8|2013-10-02 12:44:55|7.155398526|79.9584427
87,2013-10-02,5,STAY,0.0,188.7167,12:44:55,15:53:38,8,1|2013-10-02 12:44:55|7.155399|79.958443
87,2013-10-02,6,MOVE,0.0,0.0,15:53:38,16:25:34,2,1|2013-10-02 15:53:38|7.155398526|79.9584427;2|2013-10-02 16:25:34|7.17336475|79.94945958
87,2013-10-02,7,STAY,0.0,20.1667,16:25:34,16:45:44,2,1|2013-10-02 16:25:34|7.173365|79.94946
87,2013-10-02,8,MOVE,51377.6897,33.4833,16:45:44,17:21:02,6,1|2013-10-02 16:45:44|7.17336475|79.94945958;2|2013-10-02 16:49:58|7.17336475|79.9584427;3|2013-10-02 16:53:31|7.209297198|79.84166224;4|2013-10-02 17:17:18|7.011668734|79.89556091;5|2013-10-02 17:19:13|7.011668734|79.89556091;6|2013-10-02 17:21:02|7.155398526|79.9584427
87,2013-10-02,9,STAY,0.0,44.8667,17:21:02,18:05:54,3,1|2013-10-02 17:21:02|7.155399|79.958443
87,2013-10-02,10,MOVE,13132.927,351.5167,18:05:54,23:57:25,9,1|2013-10-02 18:05:54|7.155398526|79.9584427;2|2013-10-02 18:17:44|7.17336475|79.94945958;3|2013-10-02 18:17:47|7.17336475|79.94945958;4|2013-10-02 18:23:02|7.155398526|79.9584427;5|2013-10-02 19:36:48|7.12844919|79.98539203;6|2013-10-02 20:06:31|7.17336475|79.94945958;7|2013-10-02 20:34:48|7.155398526|79.9584427;8|2013-10-02 20:47:56|7.155398526|79.9584427;9|2013-10-02 23:57:25|7.17336475|79.94945958
88,2013-10-02,1,STAY,0.0,141.4833,06:41:02,09:02:31,3,1|2013-10-02 06:41:02|9.751518|79.985392
88,2013-10-02,2,MOVE,3152.0776,193.6167,09:02:31,12:16:08,3,1|2013-10-02 09:02:31|9.751517894|79.98539203;2|2013-10-02 11:09:23|9.724568558|79.99437514;3|2013-10-02 12:16:08|9.751517894|79.98539203
89,2013-10-02,1,MOVE,32230.6225,821.7167,07:06:01,20:47:44,4,1|2013-10-02 07:06:01|6.930820726|79.86861158;2|2013-10-02 09:52:48|6.796074046|79.87759469;3|2013-10-02 17:17:13|6.939803838|79.85064535;4|2013-10-02 20:47:44|6.796074046|79.87759469
90,2013-10-02,1,MOVE,0.0,0.0,21:39:07,21:39:07,1,1|2013-10-02 21:39:07|6.266070438|80.72200722
91,2013-10-02,1,MOVE,0.0,0.0,08:04:32,08:04:32,1,1|2013-10-02 08:04:32|7.406925662|81.24302771
92,2013-10-02,1,MOVE,0.0,0.0,07:22:29,07:22:29,1,1|2013-10-02 07:22:29|7.505739894|81.01844991
93,2013-10-02,1,STAY,0.0,376.2333,06:21:36,12:37:50,4,1|2013-10-02 06:21:36|6.724209|80.335733
94,2013-10-02,1,STAY,0.0,354.1,14:43:38,20:37:44,2,1|2013-10-02 14:43:38|7.460824|79.913527
