1,2000-10-02 00:00:00,135.868515,35.253685
1,2000-10-02 09:30:00,135.868510,35.253685
1,2000-10-02 09:30:00,135.868809,35.253938
1,2000-10-02 09:31:00,135.867314,35.245535
1,2000-10-02 09:32:00,135.864602,35.236571
1,2000-10-02 09:33:00,135.862549,35.227869
1,2000-10-02 09:34:00,135.862223,35.218827
1,2000-10-02 09:35:00,135.856298,35.211470
1,2000-10-02 09:36:00,135.859133,35.202456
1,2000-10-02 09:37:00,135.860513,35.193566
1,2000-10-02 09:38:00,135.856628,35.185576
1,2000-10-02 09:39:00,135.858612,35.177494
1,2000-10-02 09:40:00,135.857612,35.176002
1,2000-10-02 09:41:00,135.859619,35.168240
1,2000-10-02 09:42:00,135.864807,35.161158
1,2000-10-02 09:43:00,135.869445,35.155393
1,2000-10-02 09:44:00,135.872312,35.149204
1,2000-10-02 09:45:00,135.872139,35.141617
1,2000-10-02 09:45:00,135.873123,35.141891
1,2000-10-02 11:40:00,135.873120,35.141891
1,2000-10-02 11:40:00,135.872139,35.141617
1,2000-10-02 11:41:00,135.871215,35.153358
1,2000-10-02 11:42:00,135.864807,35.161158
1,2000-10-02 11:43:00,135.858826,35.172262
1,2000-10-02 11:44:00,135.858612,35.177494
1,2000-10-02 11:45:00,135.856598,35.190289
1,2000-10-02 11:46:00,135.859133,35.202456
1,2000-10-02 11:47:00,135.858639,35.215494
1,2000-10-02 11:48:00,135.862549,35.227869
1,2000-10-02 11:49:00,135.865515,35.241071
1,2000-10-02 11:50:00,135.868809,35.253938
1,2000-10-02 11:50:00,135.868515,35.253685
1,2000-10-02 23:59:00,135.868510,35.253685
2,2000-10-02 00:00:00,135.859344,35.167294
2,2000-10-02 16:30:00,135.859340,35.167294
2,2000-10-02 16:30:00,135.858926,35.167530
2,2000-10-02 16:31:00,135.856044,35.167082
2,2000-10-02 16:32:00,135.854569,35.164946
2,2000-10-02 16:33:00,135.852845,35.162943
2,2000-10-02 16:34:00,135.853008,35.160477
2,2000-10-02 16:35:00,135.851268,35.158363
2,2000-10-02 16:36:00,135.849408,35.156289
2,2000-10-02 16:37:00,135.847696,35.154141
2,2000-10-02 16:38:00,135.845519,35.152352
2,2000-10-02 16:39:00,135.844402,35.150030
2,2000-10-02 16:40:00,135.843140,35.147648
2,2000-10-02 16:41:00,135.841278,35.145551
2,2000-10-02 16:42:00,135.839251,35.143547
2,2000-10-02 16:43:00,135.836897,35.141843
2,2000-10-02 16:44:00,135.835351,35.139657
2,2000-10-02 16:45:00,135.834476,35.137218
2,2000-10-02 16:46:00,135.833228,35.134941
2,2000-10-02 16:47:00,135.832171,35.132580
2,2000-10-02 16:48:00,135.831199,35.130125
2,2000-10-02 16:49:00,135.831863,35.127660
2,2000-10-02 16:50:00,135.831595,35.125209
2,2000-10-02 16:51:00,135.830059,35.122933
2,2000-10-02 16:52:00,135.829290,35.120550
2,2000-10-02 16:53:00,135.828706,35.118028
2,2000-10-02 16:54:00,135.827353,35.115677
2,2000-10-02 16:55:00,135.825976,35.113338
2,2000-10-02 16:56:00,135.825355,35.110791
2,2000-10-02 16:57:00,135.824068,35.108473
2,2000-10-02 16:58:00,135.824119,35.105946
2,2000-10-02 16:59:00,135.824741,35.103447
2,2000-10-02 17:00:00,135.824212,35.100937
2,2000-10-02 17:01:00,135.822838,35.098799
2,2000-10-02 17:02:00,135.820691,35.096923
2,2000-10-02 17:03:00,135.821261,35.094637
2,2000-10-02 17:04:00,135.822054,35.092205
2,2000-10-02 17:05:00,135.822898,35.089956
2,2000-10-02 17:06:00,135.821411,35.087767
2,2000-10-02 17:07:00,135.819078,35.086073
2,2000-10-02 17:08:00,135.817594,35.083784
2,2000-10-02 17:09:00,135.817246,35.081357
2,2000-10-02 17:10:00,135.817006,35.078798
2,2000-10-02 17:11:00,135.815480,35.076623
2,2000-10-02 17:12:00,135.813539,35.074585
2,2000-10-02 17:13:00,135.810904,35.073191
2,2000-10-02 17:14:00,135.810497,35.070908
2,2000-10-02 17:15:00,135.809989,35.068487
2,2000-10-02 17:16:00,135.807768,35.066729
2,2000-10-02 17:17:00,135.805208,35.065383
2,2000-10-02 17:18:00,135.802415,35.064162
2,2000-10-02 17:19:00,135.799334,35.063547
2,2000-10-02 17:20:00,135.796171,35.063479
2,2000-10-02 17:21:00,135.794011,35.061847
2,2000-10-02 17:22:00,135.792067,35.059950
2,2000-10-02 17:23:00,135.791509,35.057589
2,2000-10-02 17:24:00,135.791369,35.054992
2,2000-10-02 17:25:00,135.790459,35.052562
2,2000-10-02 17:26:00,135.788519,35.050532
2,2000-10-02 17:27:00,135.786104,35.048842
2,2000-10-02 17:28:00,135.783829,35.047032
2,2000-10-02 17:29:00,135.781750,35.045066
2,2000-10-02 17:30:00,135.779861,35.042977
2,2000-10-02 17:31:00,135.778271,35.040735
2,2000-10-02 17:32:00,135.776866,35.038406
2,2000-10-02 17:33:00,135.775747,35.035973
2,2000-10-02 17:34:00,135.774617,35.033544
2,2000-10-02 17:35:00,135.773178,35.031225
2,2000-10-02 17:36:00,135.772525,35.028742
2,2000-10-02 17:37:00,135.772400,35.026143
2,2000-10-02 17:38:00,135.772317,35.023544
2,2000-10-02 17:39:00,135.772280,35.020943
2,2000-10-02 17:40:00,135.772298,35.018342
2,2000-10-02 17:41:00,135.772356,35.015742
2,2000-10-02 17:42:00,135.772404,35.013142
2,2000-10-02 17:43:00,135.772348,35.010558
2,2000-10-02 17:44:00,135.772253,35.007974
2,2000-10-02 17:45:00,135.772144,35.005376
2,2000-10-02 17:46:00,135.770936,35.003542
2,2000-10-02 17:47:00,135.769512,35.001263
2,2000-10-02 17:48:00,135.768316,34.998854
2,2000-10-02 17:49:00,135.767576,34.996347
2,2000-10-02 17:50:00,135.765454,34.994659
2,2000-10-02 17:51:00,135.764193,34.992278
2,2000-10-02 17:52:00,135.764243,34.989678
2,2000-10-02 17:53:00,135.764246,34.987086
2,2000-10-02 17:54:00,135.764268,34.984487
2,2000-10-02 17:55:00,135.764214,34.981901
2,2000-10-02 17:56:00,135.764081,34.979304
2,2000-10-02 17:57:00,135.763963,34.976705
2,2000-10-02 17:58:00,135.763843,34.974107
2,2000-10-02 17:59:00,135.763329,34.972000
2,2000-10-02 18:00:00,135.762680,34.969891
2,2000-10-02 18:01:00,135.760876,34.967752
2,2000-10-02 18:02:00,135.759097,34.965598
2,2000-10-02 18:03:00,135.757279,34.963467
2,2000-10-02 18:04:00,135.755194,34.961511
2,2000-10-02 18:05:00,135.753023,34.959632
2,2000-10-02 18:06:00,135.752466,34.957205
2,2000-10-02 18:07:00,135.752384,34.954606
2,2000-10-02 18:08:00,135.752266,34.952007
2,2000-10-02 18:09:00,135.752127,34.949409
2,2000-10-02 18:10:00,135.752002,34.946810
2,2000-10-02 18:11:00,135.751820,34.944214
2,2000-10-02 18:12:00,135.751661,34.941616
2,2000-10-02 18:13:00,135.751146,34.939297
2,2000-10-02 18:14:00,135.751065,34.936698
2,2000-10-02 18:15:00,135.750955,34.934099
2,2000-10-02 18:16:00,135.750836,34.931500
2,2000-10-02 18:17:00,135.750591,34.928907
2,2000-10-02 18:18:00,135.750337,34.926315
2,2000-10-02 18:19:00,135.750036,34.923726
2,2000-10-02 18:20:00,135.749776,34.921134
2,2000-10-02 18:21:00,135.749654,34.918535
2,2000-10-02 18:22:00,135.749528,34.915937
2,2000-10-02 18:23:00,135.749470,34.913338
2,2000-10-02 18:24:00,135.749407,34.910739
2,2000-10-02 18:25:00,135.749314,34.908140
2,2000-10-02 18:26:00,135.749269,34.905540
2,2000-10-02 18:27:00,135.748929,34.902968
2,2000-10-02 18:28:00,135.747448,34.900892
2,2000-10-02 18:29:00,135.746019,34.898571
2,2000-10-02 18:30:00,135.744148,34.897338
2,2000-10-02 18:31:00,135.743946,34.894832
2,2000-10-02 18:32:00,135.743868,34.892241
2,2000-10-02 18:33:00,135.743548,34.889660
2,2000-10-02 18:34:00,135.742329,34.887271
2,2000-10-02 18:35:00,135.740618,34.885082
2,2000-10-02 18:36:00,135.738918,34.882886
2,2000-10-02 18:37:00,135.737201,34.880700
2,2000-10-02 18:38:00,135.735501,34.878505
2,2000-10-02 18:39:00,135.733755,34.876340
2,2000-10-02 18:40:00,135.732044,34.874153
2,2000-10-02 18:41:00,135.730333,34.871966
2,2000-10-02 18:42:00,135.728628,34.869773
2,2000-10-02 18:43:00,135.726892,34.867598
2,2000-10-02 18:44:00,135.724483,34.866265
2,2000-10-02 18:45:00,135.721314,34.866210
2,2000-10-02 18:45:00,135.721298,34.866383
2,2000-10-02 20:30:00,135.721290,34.866383
2,2000-10-02 20:30:00,135.721314,34.866210
2,2000-10-02 20:31:00,135.727545,34.868399
2,2000-10-02 20:32:00,135.731603,34.873589
2,2000-10-02 20:33:00,135.735693,34.878752
2,2000-10-02 20:34:00,135.739734,34.883951
2,2000-10-02 20:35:00,135.743439,34.889291
2,2000-10-02 20:36:00,135.744079,34.895323
2,2000-10-02 20:37:00,135.746855,34.899960
2,2000-10-02 20:38:00,135.749267,34.905453
2,2000-10-02 20:39:00,135.749459,34.911615
2,2000-10-02 20:40:00,135.749623,34.917777
2,2000-10-02 20:41:00,135.750058,34.923931
2,2000-10-02 20:42:00,135.751129,34.929780
2,2000-10-02 20:43:00,135.755183,34.932887
2,2000-10-02 20:44:00,135.756332,34.938516
2,2000-10-02 20:45:00,135.758207,34.943694
2,2000-10-02 20:45:00,135.758377,34.943897
2,2000-10-02 21:20:00,135.758370,34.943897
2,2000-10-02 21:20:00,135.758207,34.943694
2,2000-10-02 21:21:00,135.760015,34.942500
2,2000-10-02 21:22:00,135.763282,34.942254
2,2000-10-02 21:23:00,135.765028,34.940955
2,2000-10-02 21:24:00,135.766655,34.939643
2,2000-10-02 21:25:00,135.766960,34.937162
2,2000-10-02 21:26:00,135.767953,34.934833
2,2000-10-02 21:27:00,135.768043,34.932140
2,2000-10-02 21:28:00,135.768026,34.929447
2,2000-10-02 21:29:00,135.768609,34.926855
2,2000-10-02 21:30:00,135.770682,34.925205
2,2000-10-02 21:30:00,135.771042,34.925301
2,2000-10-02 21:37:00,135.771040,34.925301
2,2000-10-02 21:37:00,135.770682,34.925205
2,2000-10-02 21:38:00,135.768336,34.927451
2,2000-10-02 21:39:00,135.768070,34.930720
2,2000-10-02 21:40:00,135.768001,34.934052
2,2000-10-02 21:41:00,135.767409,34.937301
2,2000-10-02 21:42:00,135.768219,34.940556
2,2000-10-02 21:43:00,135.768634,34.943837
2,2000-10-02 21:44:00,135.769451,34.947064
2,2000-10-02 21:45:00,135.770395,34.950304
2,2000-10-02 21:46:00,135.771258,34.953554
2,2000-10-02 21:47:00,135.771368,34.956881
2,2000-10-02 21:48:00,135.771301,34.960213
2,2000-10-02 21:49:00,135.771196,34.963544
2,2000-10-02 21:50:00,135.771007,34.966864
2,2000-10-02 21:51:00,135.770968,34.970195
2,2000-10-02 21:52:00,135.770948,34.973527
2,2000-10-02 21:53:00,135.770898,34.976859
2,2000-10-02 21:54:00,135.770697,34.980186
2,2000-10-02 21:55:00,135.773485,34.982280
2,2000-10-02 21:56:00,135.774201,34.985473
2,2000-10-02 21:57:00,135.774556,34.988791
2,2000-10-02 21:58:00,135.774857,34.992114
2,2000-10-02 21:59:00,135.776451,34.995081
2,2000-10-02 22:00:00,135.777137,34.998365
2,2000-10-02 22:01:00,135.777492,35.001673
2,2000-10-02 22:02:00,135.777578,35.004898
2,2000-10-02 22:03:00,135.777932,35.008216
2,2000-10-02 22:04:00,135.778280,35.011536
2,2000-10-02 22:05:00,135.778365,35.014867
2,2000-10-02 22:06:00,135.778428,35.018198
2,2000-10-02 22:07:00,135.778538,35.021529
2,2000-10-02 22:08:00,135.778624,35.024860
2,2000-10-02 22:09:00,135.779091,35.028160
2,2000-10-02 22:10:00,135.779898,35.031420
2,2000-10-02 22:11:00,135.780874,35.034654
2,2000-10-02 22:12:00,135.781911,35.037874
2,2000-10-02 22:13:00,135.782869,35.041100
2,2000-10-02 22:14:00,135.784032,35.044275
2,2000-10-02 22:15:00,135.786774,35.046733
2,2000-10-02 22:16:00,135.789068,35.049450
2,2000-10-02 22:17:00,135.790821,35.052188
2,2000-10-02 22:18:00,135.791428,35.055477
2,2000-10-02 22:19:00,135.791840,35.058697
2,2000-10-02 22:20:00,135.793579,35.061302
2,2000-10-02 22:21:00,135.796259,35.063488
2,2000-10-02 22:22:00,135.800313,35.063683
2,2000-10-02 22:23:00,135.804115,35.064821
2,2000-10-02 22:24:00,135.807662,35.066420
2,2000-10-02 22:25:00,135.810312,35.068790
2,2000-10-02 22:26:00,135.810103,35.071920
2,2000-10-02 22:27:00,135.812895,35.074089
2,2000-10-02 22:28:00,135.815480,35.076623
2,2000-10-02 22:29:00,135.817178,35.079514
2,2000-10-02 22:30:00,135.816986,35.082804
2,2000-10-02 22:31:00,135.818861,35.085708
2,2000-10-02 22:32:00,135.821671,35.088009
2,2000-10-02 22:33:00,135.823126,35.090956
2,2000-10-02 22:34:00,135.821498,35.093877
2,2000-10-02 22:35:00,135.820612,35.096873
2,2000-10-02 22:36:00,135.823468,35.099191
2,2000-10-02 22:37:00,135.824238,35.102300
2,2000-10-02 22:38:00,135.824359,35.105499
2,2000-10-02 22:39:00,135.824127,35.108712
2,2000-10-02 22:40:00,135.825552,35.111752
2,2000-10-02 22:41:00,135.826875,35.114873
2,2000-10-02 22:42:00,135.828642,35.117874
2,2000-10-02 22:43:00,135.829277,35.121117
2,2000-10-02 22:44:00,135.830844,35.124063
2,2000-10-02 22:45:00,135.832134,35.127137
2,2000-10-02 22:46:00,135.831210,35.130287
2,2000-10-02 22:47:00,135.832487,35.133432
2,2000-10-02 22:48:00,135.833876,35.136413
2,2000-10-02 22:49:00,135.835254,35.139426
2,2000-10-02 22:50:00,135.837302,35.142200
2,2000-10-02 22:51:00,135.840201,35.144486
2,2000-10-02 22:52:00,135.842746,35.147083
2,2000-10-02 22:53:00,135.844440,35.150105
2,2000-10-02 22:54:00,135.846213,35.152920
2,2000-10-02 22:55:00,135.848663,35.155434
2,2000-10-02 22:56:00,135.851006,35.158125
2,2000-10-02 22:57:00,135.853045,35.160878
2,2000-10-02 22:58:00,135.853549,35.163825
2,2000-10-02 22:59:00,135.855316,35.166656
2,2000-10-02 23:00:00,135.858926,35.167530
2,2000-10-02 23:00:00,135.859344,35.167294
2,2000-10-02 23:59:00,135.859340,35.167294
3,2000-10-02 00:00:00,135.892807,35.149849
3,2000-10-02 10:00:00,135.892800,35.149849
3,2000-10-02 10:00:00,135.893149,35.149908
3,2000-10-02 10:01:00,135.892148,35.151808
3,2000-10-02 10:02:00,135.892927,35.153762
3,2000-10-02 10:03:00,135.890833,35.152733
3,2000-10-02 10:04:00,135.888135,35.152606
3,2000-10-02 10:05:00,135.885411,35.152442
3,2000-10-02 10:06:00,135.883657,35.153839
3,2000-10-02 10:07:00,135.881487,35.154909
3,2000-10-02 10:08:00,135.878999,35.155895
3,2000-10-02 10:09:00,135.876441,35.155697
3,2000-10-02 10:10:00,135.876358,35.153653
3,2000-10-02 10:11:00,135.876185,35.151463
3,2000-10-02 10:12:00,135.875319,35.149398
3,2000-10-02 10:13:00,135.873458,35.147947
3,2000-10-02 10:14:00,135.871690,35.146300
3,2000-10-02 10:15:00,135.873651,35.144666
3,2000-10-02 10:15:00,135.873642,35.143898
3,2000-10-02 11:55:00,135.873640,35.143898
3,2000-10-02 11:55:00,135.873651,35.144666
3,2000-10-02 11:56:00,135.872148,35.145876
3,2000-10-02 11:57:00,135.872524,35.147135
3,2000-10-02 11:58:00,135.874163,35.147983
3,2000-10-02 11:59:00,135.875319,35.149398
3,2000-10-02 12:00:00,135.876304,35.150935
3,2000-10-02 12:01:00,135.875876,35.152577
3,2000-10-02 12:02:00,135.876707,35.154156
3,2000-10-02 12:03:00,135.876441,35.155697
3,2000-10-02 12:04:00,135.878429,35.156220
3,2000-10-02 12:05:00,135.880125,35.155219
3,2000-10-02 12:06:00,135.882156,35.154727
3,2000-10-02 12:07:00,135.883657,35.153839
3,2000-10-02 12:08:00,135.884712,35.152530
3,2000-10-02 12:09:00,135.886803,35.152380
3,2000-10-02 12:10:00,135.888836,35.152678
3,2000-10-02 12:11:00,135.890833,35.152733
3,2000-10-02 12:12:00,135.892297,35.153822
3,2000-10-02 12:13:00,135.892461,35.152689
3,2000-10-02 12:14:00,135.892023,35.151306
3,2000-10-02 12:15:00,135.893149,35.149908
3,2000-10-02 12:15:00,135.892807,35.149849
3,2000-10-02 23:59:00,135.892800,35.149849
4,2000-10-02 00:00:00,135.887589,35.130203
4,2000-10-02 06:50:00,135.887580,35.130203
4,2000-10-02 06:50:00,135.886688,35.130543
4,2000-10-02 06:51:00,135.878475,35.147193
4,2000-10-02 06:52:00,135.867499,35.158751
4,2000-10-02 06:53:00,135.858407,35.172677
4,2000-10-02 06:54:00,135.858825,35.181532
4,2000-10-02 06:55:00,135.861275,35.197402
4,2000-10-02 06:55:00,135.861275,35.197402
4,2000-10-02 06:56:00,135.860953,35.195124
4,2000-10-02 06:57:00,135.859836,35.192984
4,2000-10-02 06:58:00,135.858045,35.191175
4,2000-10-02 06:59:00,135.856430,35.189410
4,2000-10-02 07:00:00,135.856449,35.186998
4,2000-10-02 07:01:00,135.857194,35.184722
4,2000-10-02 07:02:00,135.859049,35.182859
4,2000-10-02 07:03:00,135.858567,35.180583
4,2000-10-02 07:04:00,135.859147,35.178231
4,2000-10-02 07:05:00,135.858196,35.178569
4,2000-10-02 07:06:00,135.857238,35.178457
4,2000-10-02 07:07:00,135.858322,35.176222
4,2000-10-02 07:08:00,135.857645,35.175010
4,2000-10-02 07:09:00,135.856926,35.175002
4,2000-10-02 07:10:00,135.857971,35.172913
4,2000-10-02 07:11:00,135.859615,35.171170
4,2000-10-02 07:12:00,135.859473,35.169038
4,2000-10-02 07:13:00,135.858962,35.166949
4,2000-10-02 07:14:00,135.860029,35.164730
4,2000-10-02 07:15:00,135.862151,35.163309
4,2000-10-02 07:16:00,135.864115,35.161614
4,2000-10-02 07:17:00,135.865775,35.159763
4,2000-10-02 07:18:00,135.868142,35.158584
4,2000-10-02 07:19:00,135.870006,35.156967
4,2000-10-02 07:20:00,135.872935,35.157086
4,2000-10-02 07:21:00,135.875788,35.156803
4,2000-10-02 07:22:00,135.877467,35.156057
4,2000-10-02 07:23:00,135.879969,35.155268
4,2000-10-02 07:24:00,135.882700,35.154465
4,2000-10-02 07:25:00,135.884154,35.152727
4,2000-10-02 07:26:00,135.886974,35.152452
4,2000-10-02 07:27:00,135.889800,35.152916
4,2000-10-02 07:28:00,135.892045,35.153755
4,2000-10-02 07:29:00,135.892711,35.152287
4,2000-10-02 07:30:00,135.894746,35.150556
4,2000-10-02 07:31:00,135.896875,35.149775
4,2000-10-02 07:32:00,135.898639,35.148494
4,2000-10-02 07:33:00,135.901446,35.148259
4,2000-10-02 07:34:00,135.903331,35.147566
4,2000-10-02 07:35:00,135.904440,35.145494
4,2000-10-02 07:36:00,135.904363,35.143084
4,2000-10-02 07:37:00,135.903936,35.140754
4,2000-10-02 07:38:00,135.906490,35.139866
4,2000-10-02 07:39:00,135.908051,35.138429
4,2000-10-02 07:40:00,135.908011,35.136651
4,2000-10-02 07:40:00,135.908011,35.136651
4,2000-10-02 07:41:00,135.907507,35.136217
4,2000-10-02 07:42:00,135.909039,35.134800
4,2000-10-02 07:43:00,135.911099,35.133862
4,2000-10-02 07:44:00,135.912177,35.132201
4,2000-10-02 07:45:00,135.912585,35.130271
4,2000-10-02 07:46:00,135.914077,35.129148
4,2000-10-02 07:47:00,135.916157,35.128157
4,2000-10-02 07:48:00,135.918238,35.127168
4,2000-10-02 07:49:00,135.920312,35.126171
4,2000-10-02 07:50:00,135.919936,35.124644
4,2000-10-02 07:50:00,135.919464,35.124638
4,2000-10-02 08:25:00,135.919460,35.124638
4,2000-10-02 08:25:00,135.919936,35.124644
4,2000-10-02 08:26:00,135.919729,35.124354
4,2000-10-02 08:27:00,135.919523,35.124064
4,2000-10-02 08:28:00,135.919319,35.123773
4,2000-10-02 08:29:00,135.919125,35.123477
4,2000-10-02 08:30:00,135.918931,35.123181
4,2000-10-02 08:31:00,135.918686,35.123029
4,2000-10-02 08:32:00,135.918326,35.123191
4,2000-10-02 08:33:00,135.917967,35.123353
4,2000-10-02 08:34:00,135.917651,35.123387
4,2000-10-02 08:35:00,135.917442,35.123098
4,2000-10-02 08:36:00,135.917234,35.122808
4,2000-10-02 08:37:00,135.917025,35.122519
4,2000-10-02 08:38:00,135.916817,35.122230
4,2000-10-02 08:39:00,135.916609,35.121941
4,2000-10-02 08:40:00,135.916402,35.121651
4,2000-10-02 08:41:00,135.916200,35.121359
4,2000-10-02 08:42:00,135.915998,35.121066
4,2000-10-02 08:43:00,135.915794,35.120775
4,2000-10-02 08:44:00,135.915571,35.120493
4,2000-10-02 08:45:00,135.915349,35.120211
4,2000-10-02 08:45:00,135.915619,35.119274
4,2000-10-02 13:50:00,135.915610,35.119274
4,2000-10-02 13:50:00,135.915349,35.120211
4,2000-10-02 13:51:00,135.915298,35.120245
4,2000-10-02 13:52:00,135.915247,35.120279
4,2000-10-02 13:53:00,135.915196,35.120313
4,2000-10-02 13:54:00,135.915145,35.120347
4,2000-10-02 13:55:00,135.915094,35.120381
4,2000-10-02 13:56:00,135.915080,35.120432
4,2000-10-02 13:57:00,135.915078,35.120484
4,2000-10-02 13:58:00,135.915113,35.120530
4,2000-10-02 13:59:00,135.915147,35.120576
4,2000-10-02 14:00:00,135.915182,35.120622
4,2000-10-02 14:01:00,135.914967,35.121003
4,2000-10-02 14:01:00,135.915211,35.120670
4,2000-10-02 14:02:00,135.910707,35.115101
4,2000-10-02 14:03:00,135.906300,35.109201
4,2000-10-02 14:04:00,135.901193,35.103696
4,2000-10-02 14:05:00,135.895904,35.098302
4,2000-10-02 14:06:00,135.890670,35.092874
4,2000-10-02 14:07:00,135.886313,35.086959
4,2000-10-02 14:08:00,135.882748,35.080698
4,2000-10-02 14:09:00,135.879895,35.074190
4,2000-10-02 14:10:00,135.877099,35.067665
4,2000-10-02 14:11:00,135.874986,35.060993
4,2000-10-02 14:12:00,135.872518,35.054444
4,2000-10-02 14:13:00,135.866594,35.049542
4,2000-10-02 14:14:00,135.861869,35.043935
4,2000-10-02 14:15:00,135.861461,35.037133
4,2000-10-02 14:16:00,135.861503,35.030286
4,2000-10-02 14:17:00,135.856533,35.023854
4,2000-10-02 14:17:00,135.857383,35.024392
4,2000-10-02 14:18:00,135.854507,35.024407
4,2000-10-02 14:19:00,135.852244,35.024453
4,2000-10-02 14:20:00,135.851275,35.025971
4,2000-10-02 14:21:00,135.850342,35.027532
4,2000-10-02 14:22:00,135.848694,35.028330
4,2000-10-02 14:23:00,135.846490,35.028742
4,2000-10-02 14:24:00,135.844307,35.028889
4,2000-10-02 14:25:00,135.842483,35.027995
4,2000-10-02 14:26:00,135.840901,35.027136
4,2000-10-02 14:27:00,135.839141,35.026432
4,2000-10-02 14:28:00,135.837447,35.025274
4,2000-10-02 14:29:00,135.835933,35.023992
4,2000-10-02 14:30:00,135.835823,35.022304
4,2000-10-02 14:31:00,135.836234,35.022131
4,2000-10-02 14:32:00,135.837161,35.020814
4,2000-10-02 14:33:00,135.838910,35.019829
4,2000-10-02 14:33:00,135.838257,35.020599
4,2000-10-02 19:20:00,135.838250,35.020599
4,2000-10-02 19:20:00,135.838910,35.019829
4,2000-10-02 19:21:00,135.837122,35.020926
4,2000-10-02 19:22:00,135.836030,35.021976
4,2000-10-02 19:23:00,135.835939,35.022655
4,2000-10-02 19:24:00,135.836162,35.024450
4,2000-10-02 19:25:00,135.837924,35.025757
4,2000-10-02 19:26:00,135.840037,35.026432
4,2000-10-02 19:27:00,135.841530,35.027538
4,2000-10-02 19:28:00,135.843311,35.028713
4,2000-10-02 19:29:00,135.845619,35.028728
4,2000-10-02 19:30:00,135.847941,35.028411
4,2000-10-02 19:31:00,135.849752,35.027651
4,2000-10-02 19:32:00,135.851287,35.026344
4,2000-10-02 19:33:00,135.851971,35.024561
4,2000-10-02 19:34:00,135.854355,35.024404
4,2000-10-02 19:35:00,135.857383,35.024392
4,2000-10-02 19:35:00,135.856533,35.023854
4,2000-10-02 19:36:00,135.860412,35.027966
4,2000-10-02 19:37:00,135.861913,35.032189
4,2000-10-02 19:38:00,135.861575,35.036588
4,2000-10-02 19:39:00,135.861071,35.040979
4,2000-10-02 19:40:00,135.862502,35.045215
4,2000-10-02 19:41:00,135.865581,35.048811
4,2000-10-02 19:42:00,135.869515,35.051843
4,2000-10-02 19:43:00,135.873025,35.055162
4,2000-10-02 19:44:00,135.874689,35.059351
4,2000-10-02 19:45:00,135.875534,35.063721
4,2000-10-02 19:46:00,135.877210,35.067926
4,2000-10-02 19:47:00,135.878997,35.072103
4,2000-10-02 19:48:00,135.880796,35.076276
4,2000-10-02 19:49:00,135.882632,35.080438
4,2000-10-02 19:50:00,135.884790,35.084490
4,2000-10-02 19:51:00,135.887325,35.088395
4,2000-10-02 19:52:00,135.890066,35.092207
4,2000-10-02 19:53:00,135.893406,35.095687
4,2000-10-02 19:54:00,135.896751,35.099165
4,2000-10-02 19:55:00,135.900135,35.102617
4,2000-10-02 19:56:00,135.903515,35.106073
4,2000-10-02 19:57:00,135.906682,35.109657
4,2000-10-02 19:58:00,135.909501,35.113435
4,2000-10-02 19:59:00,135.912275,35.117234
4,2000-10-02 20:00:00,135.915211,35.120670
4,2000-10-02 20:00:00,135.914967,35.121003
4,2000-10-02 20:01:00,135.915677,35.120922
4,2000-10-02 20:02:00,135.916083,35.121191
4,2000-10-02 20:03:00,135.916420,35.121675
4,2000-10-02 20:04:00,135.916764,35.122156
4,2000-10-02 20:05:00,135.917109,35.122636
4,2000-10-02 20:06:00,135.917455,35.123115
4,2000-10-02 20:07:00,135.917802,35.123595
4,2000-10-02 20:08:00,135.918147,35.124075
4,2000-10-02 20:09:00,135.918492,35.124555
4,2000-10-02 20:10:00,135.918836,35.125036
4,2000-10-02 20:10:00,135.918961,35.125652
4,2000-10-02 23:59:00,135.918960,35.125652
6,2000-10-02 00:00:00,135.868393,35.138348
6,2000-10-02 06:50:00,135.868390,35.138348
6,2000-10-02 06:50:00,135.867652,35.138575
6,2000-10-02 06:51:00,135.868104,35.137763
6,2000-10-02 06:52:00,135.868329,35.136902
6,2000-10-02 06:53:00,135.869331,35.136910
6,2000-10-02 06:54:00,135.870391,35.137003
6,2000-10-02 06:55:00,135.871457,35.137185
6,2000-10-02 06:56:00,135.872363,35.137727
6,2000-10-02 06:57:00,135.873292,35.138219
6,2000-10-02 06:58:00,135.874383,35.138164
6,2000-10-02 06:59:00,135.875236,35.137849
6,2000-10-02 07:00:00,135.876148,35.137348
6,2000-10-02 07:01:00,135.877170,35.137236
6,2000-10-02 07:02:00,135.878249,35.137329
6,2000-10-02 07:03:00,135.879326,35.137068
6,2000-10-02 07:04:00,135.880413,35.136832
6,2000-10-02 07:05:00,135.881506,35.136621
6,2000-10-02 07:06:00,135.882624,35.136573
6,2000-10-02 07:07:00,135.883497,35.136475
6,2000-10-02 07:08:00,135.884238,35.135784
6,2000-10-02 07:09:00,135.885078,35.135175
6,2000-10-02 07:10:00,135.886066,35.134740
6,2000-10-02 07:11:00,135.887126,35.134433
6,2000-10-02 07:12:00,135.888185,35.134127
6,2000-10-02 07:13:00,135.889245,35.133820
6,2000-10-02 07:14:00,135.890305,35.133513
6,2000-10-02 07:15:00,135.891372,35.133226
6,2000-10-02 07:16:00,135.892466,35.133024
6,2000-10-02 07:17:00,135.893584,35.132947
6,2000-10-02 07:18:00,135.894700,35.133046
6,2000-10-02 07:19:00,135.895814,35.133173
6,2000-10-02 07:20:00,135.896927,35.133300
6,2000-10-02 07:21:00,135.898043,35.133386
6,2000-10-02 07:22:00,135.899162,35.133306
6,2000-10-02 07:23:00,135.900273,35.133292
6,2000-10-02 07:24:00,135.901332,35.133597
6,2000-10-02 07:25:00,135.902408,35.133730
6,2000-10-02 07:26:00,135.903416,35.133479
6,2000-10-02 07:27:00,135.903736,35.132720
6,2000-10-02 07:28:00,135.904617,35.132149
6,2000-10-02 07:29:00,135.905139,35.131421
6,2000-10-02 07:30:00,135.905173,35.130530
6,2000-10-02 07:31:00,135.905824,35.129943
6,2000-10-02 07:32:00,135.906888,35.129652
6,2000-10-02 07:33:00,135.907547,35.128940
6,2000-10-02 07:34:00,135.908541,35.128555
6,2000-10-02 07:35:00,135.909128,35.127813
6,2000-10-02 07:36:00,135.909213,35.126910
6,2000-10-02 07:37:00,135.909274,35.125993
6,2000-10-02 07:38:00,135.909254,35.125079
6,2000-10-02 07:39:00,135.909339,35.124163
6,2000-10-02 07:40:00,135.909407,35.123246
6,2000-10-02 07:41:00,135.910014,35.122478
6,2000-10-02 07:42:00,135.910464,35.121756
6,2000-10-02 07:43:00,135.910436,35.120837
6,2000-10-02 07:44:00,135.910509,35.119964
6,2000-10-02 07:45:00,135.911474,35.119493
6,2000-10-02 07:46:00,135.912440,35.119022
6,2000-10-02 07:47:00,135.913403,35.118549
6,2000-10-02 07:48:00,135.914200,35.118631
6,2000-10-02 07:49:00,135.914774,35.119421
6,2000-10-02 07:50:00,135.915349,35.120211
6,2000-10-02 07:50:00,135.915619,35.119274
6,2000-10-02 18:00:00,135.915610,35.119274
6,2000-10-02 18:00:00,135.915349,35.120211
6,2000-10-02 18:01:00,135.914774,35.119421
6,2000-10-02 18:02:00,135.914200,35.118631
6,2000-10-02 18:03:00,135.913403,35.118549
6,2000-10-02 18:04:00,135.912440,35.119022
6,2000-10-02 18:05:00,135.911474,35.119493
6,2000-10-02 18:06:00,135.910509,35.119964
6,2000-10-02 18:07:00,135.910436,35.120837
6,2000-10-02 18:08:00,135.910464,35.121756
6,2000-10-02 18:09:00,135.910014,35.122478
6,2000-10-02 18:10:00,135.909407,35.123246
6,2000-10-02 18:11:00,135.909339,35.124163
6,2000-10-02 18:12:00,135.909254,35.125079
6,2000-10-02 18:13:00,135.909274,35.125993
6,2000-10-02 18:14:00,135.909213,35.126910
6,2000-10-02 18:15:00,135.909128,35.127813
6,2000-10-02 18:16:00,135.908541,35.128555
6,2000-10-02 18:17:00,135.907547,35.128940
6,2000-10-02 18:18:00,135.906888,35.129652
6,2000-10-02 18:19:00,135.905824,35.129943
6,2000-10-02 18:20:00,135.905173,35.130530
6,2000-10-02 18:21:00,135.905139,35.131421
6,2000-10-02 18:22:00,135.904617,35.132149
6,2000-10-02 18:23:00,135.903736,35.132720
6,2000-10-02 18:24:00,135.903416,35.133479
6,2000-10-02 18:25:00,135.902408,35.133730
6,2000-10-02 18:26:00,135.901332,35.133597
6,2000-10-02 18:27:00,135.900273,35.133292
6,2000-10-02 18:28:00,135.899162,35.133306
6,2000-10-02 18:29:00,135.898043,35.133386
6,2000-10-02 18:30:00,135.896927,35.133300
6,2000-10-02 18:31:00,135.895813,35.133173
6,2000-10-02 18:32:00,135.894700,35.133046
6,2000-10-02 18:33:00,135.893584,35.132947
6,2000-10-02 18:34:00,135.892466,35.133024
6,2000-10-02 18:35:00,135.891372,35.133226
6,2000-10-02 18:36:00,135.890305,35.133513
6,2000-10-02 18:37:00,135.889245,35.133820
6,2000-10-02 18:38:00,135.888185,35.134127
6,2000-10-02 18:39:00,135.887126,35.134433
6,2000-10-02 18:40:00,135.886066,35.134740
6,2000-10-02 18:41:00,135.885078,35.135175
6,2000-10-02 18:42:00,135.884238,35.135784
6,2000-10-02 18:43:00,135.883497,35.136475
6,2000-10-02 18:44:00,135.882624,35.136573
6,2000-10-02 18:45:00,135.881506,35.136621
6,2000-10-02 18:46:00,135.880413,35.136832
6,2000-10-02 18:47:00,135.879326,35.137068
6,2000-10-02 18:48:00,135.878249,35.137329
6,2000-10-02 18:49:00,135.877170,35.137236
6,2000-10-02 18:50:00,135.876148,35.137348
6,2000-10-02 18:51:00,135.875236,35.137849
6,2000-10-02 18:52:00,135.874383,35.138164
6,2000-10-02 18:53:00,135.873292,35.138219
6,2000-10-02 18:54:00,135.872363,35.137727
6,2000-10-02 18:55:00,135.871457,35.137185
6,2000-10-02 18:56:00,135.870391,35.137003
6,2000-10-02 18:57:00,135.869331,35.136910
6,2000-10-02 18:58:00,135.868329,35.136902
6,2000-10-02 18:59:00,135.868104,35.137763
6,2000-10-02 19:00:00,135.867652,35.138575
6,2000-10-02 19:00:00,135.868393,35.138348
6,2000-10-02 23:59:00,135.868390,35.138348
7,2000-10-02 00:00:00,135.884094,35.126625
7,2000-10-02 23:59:00,135.884090,35.126625
9,2000-10-02 00:00:00,135.877686,35.141674
9,2000-10-02 23:59:00,135.877680,35.141674
10,2000-10-02 00:00:00,135.875916,35.142639
10,2000-10-02 23:59:00,135.875910,35.142639
11,2000-10-02 00:00:00,135.865494,35.144337
11,2000-10-02 23:59:00,135.865490,35.144337
12,2000-10-02 00:00:00,135.894470,35.152107
12,2000-10-02 23:59:00,135.894470,35.152107
13,2000-10-02 00:00:00,135.868881,35.138020
13,2000-10-02 07:00:00,135.868880,35.138020
13,2000-10-02 07:00:00,135.868289,35.137217
13,2000-10-02 07:01:00,135.873506,35.132437
13,2000-10-02 07:02:00,135.881161,35.129945
13,2000-10-02 07:03:00,135.879733,35.123387
13,2000-10-02 07:04:00,135.880288,35.116841
13,2000-10-02 07:05:00,135.883014,35.113781
13,2000-10-02 07:06:00,135.882849,35.108255
13,2000-10-02 07:07:00,135.879047,35.102791
13,2000-10-02 07:08:00,135.877255,35.096631
13,2000-10-02 07:09:00,135.873439,35.090612
13,2000-10-02 07:10:00,135.870847,35.085960
13,2000-10-02 07:11:00,135.868620,35.082695
13,2000-10-02 07:12:00,135.867268,35.076273
13,2000-10-02 07:13:00,135.865455,35.070947
13,2000-10-02 07:14:00,135.866328,35.064303
13,2000-10-02 07:15:00,135.866108,35.057588
13,2000-10-02 07:16:00,135.861528,35.051916
13,2000-10-02 07:17:00,135.859403,35.045342
13,2000-10-02 07:18:00,135.857852,35.038647
13,2000-10-02 07:19:00,135.852282,35.035672
13,2000-10-02 07:20:00,135.848724,35.038481
13,2000-10-02 07:21:00,135.844853,35.036226
13,2000-10-02 07:22:00,135.840450,35.033705
13,2000-10-02 07:23:00,135.837765,35.034571
13,2000-10-02 07:24:00,135.830616,35.034519
13,2000-10-02 07:25:00,135.827117,35.039275
13,2000-10-02 07:26:00,135.821092,35.040419
13,2000-10-02 07:27:00,135.814148,35.040224
13,2000-10-02 07:28:00,135.809802,35.037010
13,2000-10-02 07:29:00,135.806238,35.032035
13,2000-10-02 07:30:00,135.799354,35.032539
13,2000-10-02 07:31:00,135.792722,35.034883
13,2000-10-02 07:32:00,135.787226,35.038402
13,2000-10-02 07:33:00,135.780978,35.041741
13,2000-10-02 07:34:00,135.774271,35.044756
13,2000-10-02 07:35:00,135.768564,35.046817
13,2000-10-02 07:35:00,135.769043,35.046928
13,2000-10-02 17:40:00,135.769040,35.046928
13,2000-10-02 17:40:00,135.768564,35.046817
13,2000-10-02 17:41:00,135.774271,35.044756
13,2000-10-02 17:42:00,135.780978,35.041741
13,2000-10-02 17:43:00,135.787226,35.038402
13,2000-10-02 17:44:00,135.792722,35.034883
13,2000-10-02 17:45:00,135.799354,35.032539
13,2000-10-02 17:46:00,135.806238,35.032035
13,2000-10-02 17:47:00,135.809802,35.037010
13,2000-10-02 17:48:00,135.814148,35.040224
13,2000-10-02 17:49:00,135.821092,35.040419
13,2000-10-02 17:50:00,135.827116,35.039275
13,2000-10-02 17:51:00,135.830616,35.034519
13,2000-10-02 17:52:00,135.837765,35.034571
13,2000-10-02 17:53:00,135.840450,35.033705
13,2000-10-02 17:54:00,135.844853,35.036226
13,2000-10-02 17:55:00,135.848724,35.038481
13,2000-10-02 17:56:00,135.852282,35.035672
13,2000-10-02 17:57:00,135.857852,35.038647
13,2000-10-02 17:58:00,135.859403,35.045342
13,2000-10-02 17:59:00,135.861528,35.051917
13,2000-10-02 18:00:00,135.866108,35.057588
13,2000-10-02 18:01:00,135.866328,35.064303
13,2000-10-02 18:02:00,135.865455,35.070947
13,2000-10-02 18:03:00,135.867268,35.076273
13,2000-10-02 18:04:00,135.868620,35.082695
13,2000-10-02 18:05:00,135.870847,35.085960
13,2000-10-02 18:06:00,135.873439,35.090612
13,2000-10-02 18:07:00,135.877255,35.096631
13,2000-10-02 18:08:00,135.879047,35.102791
13,2000-10-02 18:09:00,135.882850,35.108255
13,2000-10-02 18:10:00,135.883014,35.113781
13,2000-10-02 18:11:00,135.880288,35.116841
13,2000-10-02 18:12:00,135.879733,35.123387
13,2000-10-02 18:13:00,135.881161,35.129945
13,2000-10-02 18:14:00,135.873506,35.132437
13,2000-10-02 18:15:00,135.868289,35.137217
13,2000-10-02 18:15:00,135.868881,35.138020
13,2000-10-02 23:59:00,135.868880,35.138020
14,2000-10-02 00:00:00,135.883438,35.129036
14,2000-10-02 08:25:00,135.883430,35.129036
14,2000-10-02 08:25:00,135.883626,35.128243
14,2000-10-02 08:26:00,135.875969,35.151903
14,2000-10-02 08:27:00,135.859580,35.169112
14,2000-10-02 08:28:00,135.856716,35.185355
14,2000-10-02 08:29:00,135.856584,35.210008
14,2000-10-02 08:30:00,135.863335,35.234232
14,2000-10-02 08:30:00,135.864258,35.235962
14,2000-10-02 17:00:00,135.864250,35.235962
14,2000-10-02 17:00:00,135.863335,35.234232
14,2000-10-02 17:01:00,135.856584,35.210008
14,2000-10-02 17:02:00,135.856716,35.185355
14,2000-10-02 17:03:00,135.859580,35.169112
14,2000-10-02 17:04:00,135.875969,35.151903
14,2000-10-02 17:05:00,135.883626,35.128243
14,2000-10-02 17:05:00,135.883438,35.129036
14,2000-10-02 23:59:00,135.883430,35.129036
15,2000-10-02 00:00:00,135.887146,35.130547
15,2000-10-02 07:00:00,135.887140,35.130547
15,2000-10-02 07:00:00,135.886726,35.130718
15,2000-10-02 07:01:00,135.890669,35.131621
15,2000-10-02 07:02:00,135.893559,35.132946
15,2000-10-02 07:03:00,135.897669,35.133385
15,2000-10-02 07:04:00,135.901709,35.133710
15,2000-10-02 07:05:00,135.905755,35.134246
15,2000-10-02 07:06:00,135.909094,35.132503
15,2000-10-02 07:07:00,135.912020,35.130132
15,2000-10-02 07:08:00,135.915600,35.128421
15,2000-10-02 07:09:00,135.919180,35.126711
15,2000-10-02 07:10:00,135.922732,35.124961
15,2000-10-02 07:11:00,135.926505,35.123582
15,2000-10-02 07:12:00,135.930424,35.122477
15,2000-10-02 07:13:00,135.934349,35.121386
15,2000-10-02 07:14:00,135.938263,35.120265
15,2000-10-02 07:15:00,135.942184,35.119164
15,2000-10-02 07:16:00,135.945558,35.117313
15,2000-10-02 07:17:00,135.948400,35.114860
15,2000-10-02 07:18:00,135.951175,35.112340
15,2000-10-02 07:19:00,135.953320,35.109458
15,2000-10-02 07:20:00,135.954513,35.106210
15,2000-10-02 07:21:00,135.955802,35.102989
15,2000-10-02 07:22:00,135.957923,35.100107
15,2000-10-02 07:23:00,135.960669,35.097629
15,2000-10-02 07:24:00,135.963928,35.095550
15,2000-10-02 07:25:00,135.967043,35.093367
15,2000-10-02 07:26:00,135.970561,35.091629
15,2000-10-02 07:27:00,135.974070,35.089870
15,2000-10-02 07:28:00,135.977327,35.087802
15,2000-10-02 07:29:00,135.980203,35.085486
15,2000-10-02 07:30:00,135.983618,35.083564
15,2000-10-02 07:31:00,135.987033,35.081643
15,2000-10-02 07:32:00,135.989518,35.079086
15,2000-10-02 07:33:00,135.991181,35.075980
15,2000-10-02 07:34:00,135.992837,35.072872
15,2000-10-02 07:35:00,135.994483,35.069759
15,2000-10-02 07:36:00,135.996026,35.066612
15,2000-10-02 07:37:00,135.997431,35.063424
15,2000-10-02 07:38:00,135.998732,35.060204
15,2000-10-02 07:39:00,135.999999,35.056975
15,2000-10-02 07:40:00,136.001262,35.053745
15,2000-10-02 07:41:00,135.999926,35.051628
15,2000-10-02 07:42:00,135.997375,35.048992
15,2000-10-02 07:43:00,135.995056,35.046183
15,2000-10-02 07:44:00,135.992784,35.043348
15,2000-10-02 07:45:00,135.990464,35.040540
15,2000-10-02 07:46:00,135.990784,35.038186
15,2000-10-02 07:47:00,135.989211,35.035307
15,2000-10-02 07:48:00,135.987006,35.032436
15,2000-10-02 07:49:00,135.986145,35.029867
15,2000-10-02 07:50:00,135.989614,35.028019
15,2000-10-02 07:51:00,135.991573,35.025206
15,2000-10-02 07:52:00,135.992564,35.022512
15,2000-10-02 07:53:00,135.994925,35.020245
15,2000-10-02 07:54:00,135.995971,35.017622
15,2000-10-02 07:55:00,135.994283,35.014594
15,2000-10-02 07:56:00,135.993676,35.011726
15,2000-10-02 07:57:00,135.994297,35.008942
15,2000-10-02 07:58:00,135.995085,35.005669
15,2000-10-02 07:59:00,135.996435,35.002490
15,2000-10-02 08:00:00,135.996648,34.999376
15,2000-10-02 08:00:00,135.996231,34.999275
15,2000-10-02 19:00:00,135.996230,34.999275
15,2000-10-02 19:00:00,135.996648,34.999376
15,2000-10-02 19:01:00,135.996435,35.002490
15,2000-10-02 19:02:00,135.995085,35.005669
15,2000-10-02 19:03:00,135.994297,35.008942
15,2000-10-02 19:04:00,135.993676,35.011726
15,2000-10-02 19:05:00,135.994283,35.014594
15,2000-10-02 19:06:00,135.995971,35.017623
15,2000-10-02 19:07:00,135.994925,35.020245
15,2000-10-02 19:08:00,135.992564,35.022512
15,2000-10-02 19:09:00,135.991573,35.025206
15,2000-10-02 19:10:00,135.989614,35.028019
15,2000-10-02 19:11:00,135.986145,35.029867
15,2000-10-02 19:12:00,135.987006,35.032437
15,2000-10-02 19:13:00,135.989211,35.035307
15,2000-10-02 19:14:00,135.990784,35.038186
15,2000-10-02 19:15:00,135.990464,35.040540
15,2000-10-02 19:16:00,135.992784,35.043348
15,2000-10-02 19:17:00,135.995056,35.046184
15,2000-10-02 19:18:00,135.997375,35.048993
15,2000-10-02 19:19:00,135.999926,35.051628
15,2000-10-02 19:20:00,136.001262,35.053745
15,2000-10-02 19:21:00,135.999999,35.056975
15,2000-10-02 19:22:00,135.998732,35.060204
15,2000-10-02 19:23:00,135.997431,35.063424
15,2000-10-02 19:24:00,135.996026,35.066612
15,2000-10-02 19:25:00,135.994483,35.069759
15,2000-10-02 19:26:00,135.992837,35.072872
15,2000-10-02 19:27:00,135.991181,35.075980
15,2000-10-02 19:28:00,135.989518,35.079086
15,2000-10-02 19:29:00,135.987033,35.081643
15,2000-10-02 19:30:00,135.983618,35.083564
15,2000-10-02 19:31:00,135.980203,35.085486
15,2000-10-02 19:32:00,135.977327,35.087802
15,2000-10-02 19:33:00,135.974070,35.089870
15,2000-10-02 19:34:00,135.970561,35.091629
15,2000-10-02 19:35:00,135.967043,35.093367
15,2000-10-02 19:36:00,135.963928,35.095550
15,2000-10-02 19:37:00,135.960669,35.097629
15,2000-10-02 19:38:00,135.957923,35.100107
15,2000-10-02 19:39:00,135.955802,35.102989
15,2000-10-02 19:40:00,135.954513,35.106210
15,2000-10-02 19:41:00,135.953320,35.109458
15,2000-10-02 19:42:00,135.951175,35.112340
15,2000-10-02 19:43:00,135.948400,35.114860
15,2000-10-02 19:44:00,135.945558,35.117313
15,2000-10-02 19:45:00,135.942184,35.119164
15,2000-10-02 19:46:00,135.938263,35.120265
15,2000-10-02 19:47:00,135.934349,35.121386
15,2000-10-02 19:48:00,135.930424,35.122477
15,2000-10-02 19:49:00,135.926505,35.123582
15,2000-10-02 19:50:00,135.922732,35.124961
15,2000-10-02 19:51:00,135.919180,35.126711
15,2000-10-02 19:52:00,135.915600,35.128421
15,2000-10-02 19:53:00,135.912020,35.130132
15,2000-10-02 19:54:00,135.909094,35.132503
15,2000-10-02 19:55:00,135.905755,35.134246
15,2000-10-02 19:56:00,135.901709,35.133710
15,2000-10-02 19:57:00,135.897669,35.133385
15,2000-10-02 19:58:00,135.893559,35.132946
15,2000-10-02 19:59:00,135.890669,35.131621
15,2000-10-02 20:00:00,135.886726,35.130718
15,2000-10-02 20:00:00,135.887146,35.130547
15,2000-10-02 23:59:00,135.887140,35.130547
16,2000-10-02 00:00:00,135.880463,35.280849
16,2000-10-02 07:50:00,135.880460,35.280849
16,2000-10-02 07:50:00,135.883406,35.284418
16,2000-10-02 07:51:00,135.871567,35.258079
16,2000-10-02 07:52:00,135.862809,35.230010
16,2000-10-02 07:53:00,135.858648,35.203218
16,2000-10-02 07:54:00,135.858292,35.178002
16,2000-10-02 07:55:00,135.866001,35.159490
16,2000-10-02 07:55:00,135.867661,35.160175
16,2000-10-02 17:00:00,135.867660,35.160175
16,2000-10-02 17:00:00,135.866001,35.159490
16,2000-10-02 17:01:00,135.858292,35.178002
16,2000-10-02 17:02:00,135.858648,35.203218
16,2000-10-02 17:03:00,135.862809,35.230010
16,2000-10-02 17:04:00,135.871567,35.258079
16,2000-10-02 17:05:00,135.883406,35.284418
16,2000-10-02 17:05:00,135.880463,35.280849
16,2000-10-02 23:59:00,135.880460,35.280849
17,2000-10-02 00:00:00,135.868500,35.247108
17,2000-10-02 07:20:00,135.868500,35.247108
17,2000-10-02 07:20:00,135.867797,35.246622
17,2000-10-02 07:21:00,135.864778,35.239371
17,2000-10-02 07:22:00,135.863773,35.232152
17,2000-10-02 07:23:00,135.861565,35.224918
17,2000-10-02 07:24:00,135.861758,35.217415
17,2000-10-02 07:25:00,135.856262,35.211686
17,2000-10-02 07:26:00,135.858062,35.204153
17,2000-10-02 07:27:00,135.861390,35.196994
17,2000-10-02 07:28:00,135.857011,35.190715
17,2000-10-02 07:29:00,135.858448,35.183618
17,2000-10-02 07:30:00,135.858221,35.178208
17,2000-10-02 07:31:00,135.857707,35.175184
17,2000-10-02 07:32:00,135.859436,35.170465
17,2000-10-02 07:33:00,135.861075,35.163857
17,2000-10-02 07:34:00,135.867470,35.158775
17,2000-10-02 07:35:00,135.875725,35.156820
17,2000-10-02 07:36:00,135.877329,35.149803
17,2000-10-02 07:37:00,135.880625,35.142523
17,2000-10-02 07:38:00,135.884485,35.135584
17,2000-10-02 07:39:00,135.893334,35.132950
17,2000-10-02 07:40:00,135.902680,35.133756
17,2000-10-02 07:41:00,135.908233,35.128642
17,2000-10-02 07:42:00,135.910459,35.121593
17,2000-10-02 07:43:00,135.914967,35.121003
17,2000-10-02 07:43:00,135.915211,35.120670
17,2000-10-02 07:44:00,135.909152,35.112951
17,2000-10-02 07:45:00,135.902658,35.105195
17,2000-10-02 07:46:00,135.895462,35.097850
17,2000-10-02 07:47:00,135.888653,35.090284
17,2000-10-02 07:48:00,135.883349,35.081944
17,2000-10-02 07:49:00,135.879426,35.073098
17,2000-10-02 07:50:00,135.875679,35.064200
17,2000-10-02 07:51:00,135.872984,35.055103
17,2000-10-02 07:52:00,135.865026,35.048374
17,2000-10-02 07:53:00,135.861032,35.039788
17,2000-10-02 07:54:00,135.861568,35.030461
17,2000-10-02 07:55:00,135.855254,35.022791
17,2000-10-02 07:56:00,135.848494,35.015284
17,2000-10-02 07:57:00,135.843188,35.006933
17,2000-10-02 07:58:00,135.836632,34.999304
17,2000-10-02 07:59:00,135.827535,34.993628
17,2000-10-02 08:00:00,135.816223,34.992638
17,2000-10-02 08:01:00,135.804771,34.992132
17,2000-10-02 08:02:00,135.794515,34.988342
17,2000-10-02 08:03:00,135.783183,34.986792
17,2000-10-02 08:04:00,135.771792,34.985668
17,2000-10-02 08:05:00,135.760318,34.985539
17,2000-10-02 08:06:00,135.748911,34.985326
17,2000-10-02 08:07:00,135.737756,34.983400
17,2000-10-02 08:08:00,135.727696,34.978939
17,2000-10-02 08:09:00,135.718100,34.973764
17,2000-10-02 08:10:00,135.711123,34.966615
17,2000-10-02 08:11:00,135.709901,34.957325
17,2000-10-02 08:12:00,135.709488,34.947918
17,2000-10-02 08:13:00,135.708045,34.938633
17,2000-10-02 08:14:00,135.708680,34.939263
17,2000-10-02 08:15:00,135.709845,34.948595
17,2000-10-02 08:16:00,135.710214,34.958003
17,2000-10-02 08:17:00,135.711175,34.967367
17,2000-10-02 08:18:00,135.718549,34.974253
17,2000-10-02 08:19:00,135.728131,34.979445
17,2000-10-02 08:20:00,135.725915,34.977979
17,2000-10-02 08:21:00,135.716321,34.972801
17,2000-10-02 08:22:00,135.710408,34.964972
17,2000-10-02 08:23:00,135.709802,34.955580
17,2000-10-02 08:24:00,135.709419,34.946175
17,2000-10-02 08:25:00,135.707331,34.936990
17,2000-10-02 08:26:00,135.703165,34.928219
17,2000-10-02 08:27:00,135.698971,34.919457
17,2000-10-02 08:28:00,135.693876,34.911087
17,2000-10-02 08:29:00,135.686809,34.903706
17,2000-10-02 08:30:00,135.683369,34.894749
17,2000-10-02 08:31:00,135.673218,34.890886
17,2000-10-02 08:32:00,135.665710,34.883887
17,2000-10-02 08:33:00,135.659826,34.875873
17,2000-10-02 08:34:00,135.654790,34.867467
17,2000-10-02 08:35:00,135.645038,34.862688
17,2000-10-02 08:36:00,135.634569,34.858839
17,2000-10-02 08:37:00,135.624184,34.854855
17,2000-10-02 08:38:00,135.614480,34.849838
17,2000-10-02 08:39:00,135.605072,34.844457
17,2000-10-02 08:40:00,135.595681,34.839053
17,2000-10-02 08:41:00,135.586366,34.833562
17,2000-10-02 08:42:00,135.577031,34.828097
17,2000-10-02 08:43:00,135.568097,34.822260
17,2000-10-02 08:44:00,135.561639,34.814490
17,2000-10-02 08:45:00,135.557896,34.805612
17,2000-10-02 08:46:00,135.553769,34.796878
17,2000-10-02 08:47:00,135.549046,34.788306
17,2000-10-02 08:48:00,135.542517,34.780643
17,2000-10-02 08:49:00,135.534587,34.773848
17,2000-10-02 08:50:00,135.526844,34.766923
17,2000-10-02 08:51:00,135.519372,34.759797
17,2000-10-02 08:52:00,135.511519,34.752957
17,2000-10-02 08:53:00,135.505992,34.744887
17,2000-10-02 08:54:00,135.501989,34.736069
17,2000-10-02 08:55:00,135.502488,34.727336
17,2000-10-02 08:56:00,135.503576,34.718028
17,2000-10-02 08:57:00,135.501893,34.708728
17,2000-10-02 08:58:00,135.495553,34.701699
17,2000-10-02 08:58:00,135.495133,34.701947
17,2000-10-02 08:59:00,135.496259,34.701513
17,2000-10-02 09:00:00,135.496253,34.701157
17,2000-10-02 09:01:00,135.495382,34.700710
17,2000-10-02 09:02:00,135.494557,34.700218
17,2000-10-02 09:03:00,135.493739,34.699710
17,2000-10-02 09:04:00,135.492951,34.699170
17,2000-10-02 09:05:00,135.492155,34.698637
17,2000-10-02 09:06:00,135.491360,34.698103
17,2000-10-02 09:07:00,135.490450,34.697719
17,2000-10-02 09:08:00,135.490083,34.697213
17,2000-10-02 09:09:00,135.490379,34.696408
17,2000-10-02 09:09:00,135.490540,34.696407
17,2000-10-02 13:15:00,135.490540,34.696407
17,2000-10-02 13:15:00,135.490379,34.696408
17,2000-10-02 13:16:00,135.490083,34.697213
17,2000-10-02 13:17:00,135.490450,34.697719
17,2000-10-02 13:18:00,135.491360,34.698103
17,2000-10-02 13:19:00,135.492155,34.698637
17,2000-10-02 13:20:00,135.492951,34.699170
17,2000-10-02 13:21:00,135.493739,34.699710
17,2000-10-02 13:22:00,135.494557,34.700218
17,2000-10-02 13:23:00,135.495382,34.700710
17,2000-10-02 13:24:00,135.496253,34.701157
17,2000-10-02 13:25:00,135.496259,34.701513
17,2000-10-02 13:26:00,135.495133,34.701947
17,2000-10-02 13:26:00,135.495553,34.701699
17,2000-10-02 13:27:00,135.502520,34.711880
17,2000-10-02 13:28:00,135.503420,34.724412
17,2000-10-02 13:29:00,135.502069,34.736223
17,2000-10-02 13:30:00,135.507378,34.748050
17,2000-10-02 13:31:00,135.516953,34.757748
17,2000-10-02 13:32:00,135.527097,34.767187
17,2000-10-02 13:33:00,135.537567,34.776391
17,2000-10-02 13:34:00,135.547572,34.785906
17,2000-10-02 13:35:00,135.554025,34.797336
17,2000-10-02 13:36:00,135.559248,34.809137
17,2000-10-02 13:37:00,135.566307,34.820215
17,2000-10-02 13:38:00,135.577699,34.828488
17,2000-10-02 13:39:00,135.590188,34.835823
17,2000-10-02 13:40:00,135.602726,34.843103
17,2000-10-02 13:41:00,135.615331,34.850304
17,2000-10-02 13:42:00,135.628588,34.856637
17,2000-10-02 13:43:00,135.642605,34.861796
17,2000-10-02 13:44:00,135.655582,34.868236
17,2000-10-02 13:45:00,135.661950,34.879688
17,2000-10-02 13:46:00,135.671206,34.889730
17,2000-10-02 13:47:00,135.683934,34.895826
17,2000-10-02 13:48:00,135.689860,34.907269
17,2000-10-02 13:49:00,135.698135,34.917739
17,2000-10-02 13:50:00,135.703786,34.929463
17,2000-10-02 13:51:00,135.708967,34.941320
17,2000-10-02 13:52:00,135.709725,34.953902
17,2000-10-02 13:53:00,135.711020,34.966397
17,2000-10-02 13:54:00,135.721114,34.975393
17,2000-10-02 13:55:00,135.729670,34.980282
17,2000-10-02 13:56:00,135.716840,34.973324
17,2000-10-02 13:57:00,135.710480,34.962536
17,2000-10-02 13:58:00,135.709884,34.949940
17,2000-10-02 13:59:00,135.707936,34.937517
17,2000-10-02 14:00:00,135.709267,34.943552
17,2000-10-02 14:01:00,135.709836,34.956150
17,2000-10-02 14:02:00,135.712021,34.968494
17,2000-10-02 14:03:00,135.723412,34.976629
17,2000-10-02 14:04:00,135.736585,34.983089
17,2000-10-02 14:05:00,135.751570,34.985417
17,2000-10-02 14:06:00,135.766870,34.985632
17,2000-10-02 14:07:00,135.782172,34.986652
17,2000-10-02 14:08:00,135.797349,34.988724
17,2000-10-02 14:09:00,135.811507,34.992506
17,2000-10-02 14:10:00,135.826778,34.993371
17,2000-10-02 14:11:00,135.838817,35.001075
17,2000-10-02 14:12:00,135.846410,35.012003
17,2000-10-02 14:13:00,135.854815,35.022437
17,2000-10-02 14:14:00,135.861961,35.033124
17,2000-10-02 14:15:00,135.862642,35.045455
17,2000-10-02 14:16:00,135.872778,35.054812
17,2000-10-02 14:17:00,135.876779,35.066911
17,2000-10-02 14:18:00,135.881917,35.078795
17,2000-10-02 14:19:00,135.888553,35.090136
17,2000-10-02 14:20:00,135.897776,35.100210
17,2000-10-02 14:21:00,135.907110,35.110229
17,2000-10-02 14:22:00,135.915211,35.120670
17,2000-10-02 14:22:00,135.914967,35.121003
17,2000-10-02 14:23:00,135.910469,35.121947
17,2000-10-02 14:24:00,135.907515,35.128988
17,2000-10-02 14:25:00,135.901426,35.133625
17,2000-10-02 14:26:00,135.891626,35.133158
17,2000-10-02 14:27:00,135.883091,35.136930
17,2000-10-02 14:28:00,135.879854,35.144541
17,2000-10-02 14:29:00,135.875947,35.151993
17,2000-10-02 14:30:00,135.872364,35.157023
17,2000-10-02 14:31:00,135.865101,35.160952
17,2000-10-02 14:32:00,135.859044,35.166819
17,2000-10-02 14:33:00,135.857286,35.173414
17,2000-10-02 14:34:00,135.857527,35.177738
17,2000-10-02 14:35:00,135.858565,35.180719
17,2000-10-02 14:36:00,135.856421,35.188031
17,2000-10-02 14:37:00,135.860765,35.194671
17,2000-10-02 14:38:00,135.859236,35.202261
17,2000-10-02 14:39:00,135.856600,35.209941
17,2000-10-02 14:40:00,135.860556,35.216474
17,2000-10-02 14:41:00,135.861205,35.223923
17,2000-10-02 14:42:00,135.863650,35.231453
17,2000-10-02 14:43:00,135.864814,35.239019
17,2000-10-02 14:44:00,135.867797,35.246622
17,2000-10-02 14:44:00,135.868500,35.247108
17,2000-10-02 23:59:00,135.868500,35.247108
18,2000-10-02 00:00:00,135.877304,35.268875
18,2000-10-02 10:30:00,135.877300,35.268875
18,2000-10-02 10:30:00,135.878082,35.272494
18,2000-10-02 10:31:00,135.870913,35.257287
18,2000-10-02 10:32:00,135.865696,35.241423
18,2000-10-02 10:33:00,135.862318,35.225885
18,2000-10-02 10:34:00,135.856245,35.211785
18,2000-10-02 10:35:00,135.861497,35.196061
18,2000-10-02 10:36:00,135.859004,35.181827
18,2000-10-02 10:37:00,135.856965,35.174188
18,2000-10-02 10:38:00,135.864632,35.161281
18,2000-10-02 10:39:00,135.875908,35.152154
18,2000-10-02 10:40:00,135.883213,35.136784
18,2000-10-02 10:40:00,135.883850,35.136364
18,2000-10-02 17:00:00,135.883850,35.136364
18,2000-10-02 17:00:00,135.883213,35.136784
18,2000-10-02 17:01:00,135.875908,35.152154
18,2000-10-02 17:02:00,135.864632,35.161281
18,2000-10-02 17:03:00,135.856965,35.174188
18,2000-10-02 17:04:00,135.859004,35.181827
18,2000-10-02 17:05:00,135.861497,35.196061
18,2000-10-02 17:06:00,135.856245,35.211785
18,2000-10-02 17:07:00,135.862318,35.225885
18,2000-10-02 17:08:00,135.865696,35.241423
18,2000-10-02 17:09:00,135.870913,35.257287
18,2000-10-02 17:10:00,135.878082,35.272494
18,2000-10-02 17:10:00,135.877304,35.268875
18,2000-10-02 23:59:00,135.877300,35.268875
19,2000-10-02 00:00:00,135.868683,35.139565
19,2000-10-02 11:00:00,135.868680,35.139565
19,2000-10-02 11:00:00,135.867552,35.139450
19,2000-10-02 11:01:00,135.867068,35.141413
19,2000-10-02 11:02:00,135.864908,35.142109
19,2000-10-02 11:03:00,135.865364,35.144108
19,2000-10-02 11:03:00,135.865173,35.143356
19,2000-10-02 11:20:00,135.865170,35.143356
19,2000-10-02 11:20:00,135.865364,35.144108
19,2000-10-02 11:21:00,135.864908,35.142109
19,2000-10-02 11:22:00,135.867068,35.141413
19,2000-10-02 11:23:00,135.867552,35.139450
19,2000-10-02 11:23:00,135.868683,35.139565
19,2000-10-02 23:59:00,135.868680,35.139565
20,2000-10-02 00:00:00,135.874512,35.144527
20,2000-10-02 06:30:00,135.874510,35.144527
20,2000-10-02 06:30:00,135.873651,35.144666
20,2000-10-02 06:31:00,135.871877,35.141794
20,2000-10-02 06:32:00,135.869686,35.139698
20,2000-10-02 06:33:00,135.871809,35.136366
20,2000-10-02 06:34:00,135.873452,35.132820
20,2000-10-02 06:35:00,135.877321,35.131007
20,2000-10-02 06:36:00,135.881234,35.129552
20,2000-10-02 06:37:00,135.880458,35.125913
20,2000-10-02 06:38:00,135.879511,35.122225
20,2000-10-02 06:39:00,135.879826,35.118596
20,2000-10-02 06:40:00,135.881114,35.115533
20,2000-10-02 06:41:00,135.883992,35.114471
20,2000-10-02 06:42:00,135.882428,35.111609
20,2000-10-02 06:43:00,135.883155,35.108399
20,2000-10-02 06:44:00,135.880528,35.105632
20,2000-10-02 06:45:00,135.878874,35.102331
20,2000-10-02 06:46:00,135.878127,35.099056
20,2000-10-02 06:47:00,135.876731,35.095454
20,2000-10-02 06:48:00,135.874349,35.092216
20,2000-10-02 06:49:00,135.872686,35.088687
20,2000-10-02 06:50:00,135.871726,35.086034
20,2000-10-02 06:51:00,135.868565,35.084137
20,2000-10-02 06:52:00,135.868381,35.082801
20,2000-10-02 06:53:00,135.868286,35.079405
20,2000-10-02 06:54:00,135.867238,35.075730
20,2000-10-02 06:55:00,135.866776,35.071961
20,2000-10-02 06:56:00,135.865540,35.069692
20,2000-10-02 06:57:00,135.865865,35.065968
20,2000-10-02 06:58:00,135.866715,35.062244
20,2000-10-02 06:59:00,135.866382,35.058495
20,2000-10-02 07:00:00,135.864071,35.055277
20,2000-10-02 07:01:00,135.861615,35.052066
20,2000-10-02 07:02:00,135.859322,35.049060
20,2000-10-02 07:03:00,135.855883,35.046541
20,2000-10-02 07:04:00,135.854624,35.042926
20,2000-10-02 07:05:00,135.852682,35.039491
20,2000-10-02 07:06:00,135.852590,35.035729
20,2000-10-02 07:07:00,135.850763,35.032295
20,2000-10-02 07:08:00,135.850258,35.028566
20,2000-10-02 07:09:00,135.849584,35.024851
20,2000-10-02 07:10:00,135.848257,35.021245
20,2000-10-02 07:11:00,135.847042,35.017620
20,2000-10-02 07:12:00,135.844281,35.014593
20,2000-10-02 07:13:00,135.841274,35.011711
20,2000-10-02 07:14:00,135.838699,35.008563
20,2000-10-02 07:15:00,135.837485,35.004950
20,2000-10-02 07:16:00,135.837466,35.001183
20,2000-10-02 07:17:00,135.835991,34.997635
20,2000-10-02 07:18:00,135.833629,34.994528
20,2000-10-02 07:19:00,135.831631,34.991574
20,2000-10-02 07:20:00,135.828777,34.989164
20,2000-10-02 07:21:00,135.827677,34.985495
20,2000-10-02 07:22:00,135.825178,34.982431
20,2000-10-02 07:23:00,135.823970,34.978992
20,2000-10-02 07:24:00,135.823016,34.975286
20,2000-10-02 07:25:00,135.821432,34.971730
20,2000-10-02 07:26:00,135.820220,34.968072
20,2000-10-02 07:27:00,135.819489,34.964337
20,2000-10-02 07:28:00,135.819193,34.960584
20,2000-10-02 07:29:00,135.818064,34.956906
20,2000-10-02 07:30:00,135.816957,34.953226
20,2000-10-02 07:31:00,135.815849,34.949544
20,2000-10-02 07:32:00,135.814197,34.946013
20,2000-10-02 07:33:00,135.811690,34.942840
20,2000-10-02 07:34:00,135.808888,34.939839
20,2000-10-02 07:35:00,135.805473,34.937346
20,2000-10-02 07:36:00,135.801815,34.935028
20,2000-10-02 07:37:00,135.798229,34.932632
20,2000-10-02 07:38:00,135.796768,34.929930
20,2000-10-02 07:39:00,135.793404,34.928384
20,2000-10-02 07:40:00,135.791809,34.925990
20,2000-10-02 07:41:00,135.792211,34.922257
20,2000-10-02 07:42:00,135.790745,34.918837
20,2000-10-02 07:43:00,135.788873,34.916340
20,2000-10-02 07:44:00,135.786084,34.913383
20,2000-10-02 07:45:00,135.782183,34.911346
20,2000-10-02 07:46:00,135.778588,34.909316
20,2000-10-02 07:47:00,135.774321,34.907986
20,2000-10-02 07:48:00,135.770373,34.906010
20,2000-10-02 07:49:00,135.766470,34.903976
20,2000-10-02 07:50:00,135.763969,34.901364
20,2000-10-02 07:51:00,135.763782,34.897575
20,2000-10-02 07:52:00,135.763589,34.893785
20,2000-10-02 07:53:00,135.763407,34.889996
20,2000-10-02 07:54:00,135.763074,34.886260
20,2000-10-02 07:55:00,135.762744,34.882476
20,2000-10-02 07:56:00,135.762385,34.878695
20,2000-10-02 07:57:00,135.762044,34.874913
20,2000-10-02 07:58:00,135.761768,34.871126
20,2000-10-02 07:59:00,135.762134,34.867356
20,2000-10-02 08:00:00,135.760973,34.864703
20,2000-10-02 08:00:00,135.761459,34.864555
20,2000-10-02 19:30:00,135.761450,34.864555
20,2000-10-02 19:30:00,135.760973,34.864703
20,2000-10-02 19:31:00,135.762134,34.867356
20,2000-10-02 19:32:00,135.761768,34.871126
20,2000-10-02 19:33:00,135.762044,34.874913
20,2000-10-02 19:34:00,135.762385,34.878695
20,2000-10-02 19:35:00,135.762744,34.882476
20,2000-10-02 19:36:00,135.763074,34.886260
20,2000-10-02 19:37:00,135.763407,34.889996
20,2000-10-02 19:38:00,135.763589,34.893785
20,2000-10-02 19:39:00,135.763782,34.897575
20,2000-10-02 19:40:00,135.763969,34.901364
20,2000-10-02 19:41:00,135.766470,34.903976
20,2000-10-02 19:42:00,135.770373,34.906010
20,2000-10-02 19:43:00,135.774321,34.907986
20,2000-10-02 19:44:00,135.778588,34.909316
20,2000-10-02 19:45:00,135.782183,34.911346
20,2000-10-02 19:46:00,135.786084,34.913383
20,2000-10-02 19:47:00,135.788873,34.916340
20,2000-10-02 19:48:00,135.790745,34.918837
20,2000-10-02 19:49:00,135.792211,34.922257
20,2000-10-02 19:50:00,135.791809,34.925990
20,2000-10-02 19:51:00,135.793404,34.928384
20,2000-10-02 19:52:00,135.796768,34.929930
20,2000-10-02 19:53:00,135.798229,34.932632
20,2000-10-02 19:54:00,135.801815,34.935027
20,2000-10-02 19:55:00,135.805473,34.937346
20,2000-10-02 19:56:00,135.808888,34.939839
20,2000-10-02 19:57:00,135.811690,34.942840
20,2000-10-02 19:58:00,135.814197,34.946013
20,2000-10-02 19:59:00,135.815849,34.949544
20,2000-10-02 20:00:00,135.816957,34.953226
20,2000-10-02 20:01:00,135.818064,34.956906
20,2000-10-02 20:02:00,135.819193,34.960584
20,2000-10-02 20:03:00,135.819489,34.964337
20,2000-10-02 20:04:00,135.820220,34.968072
20,2000-10-02 20:05:00,135.821432,34.971730
20,2000-10-02 20:06:00,135.823016,34.975286
20,2000-10-02 20:07:00,135.823970,34.978992
20,2000-10-02 20:08:00,135.825178,34.982431
20,2000-10-02 20:09:00,135.827677,34.985495
20,2000-10-02 20:10:00,135.828777,34.989164
20,2000-10-02 20:11:00,135.831631,34.991574
20,2000-10-02 20:12:00,135.833629,34.994528
20,2000-10-02 20:13:00,135.835991,34.997635
20,2000-10-02 20:14:00,135.837466,35.001183
20,2000-10-02 20:15:00,135.837485,35.004950
20,2000-10-02 20:16:00,135.838699,35.008563
20,2000-10-02 20:17:00,135.841274,35.011711
20,2000-10-02 20:18:00,135.844281,35.014593
20,2000-10-02 20:19:00,135.847042,35.017620
20,2000-10-02 20:20:00,135.848257,35.021245
20,2000-10-02 20:21:00,135.849584,35.024851
20,2000-10-02 20:22:00,135.850258,35.028566
20,2000-10-02 20:23:00,135.850763,35.032295
20,2000-10-02 20:24:00,135.852590,35.035729
20,2000-10-02 20:25:00,135.852682,35.039491
20,2000-10-02 20:26:00,135.854624,35.042926
20,2000-10-02 20:27:00,135.855883,35.046541
20,2000-10-02 20:28:00,135.859322,35.049060
20,2000-10-02 20:29:00,135.861615,35.052066
20,2000-10-02 20:30:00,135.864071,35.055277
20,2000-10-02 20:31:00,135.866382,35.058495
20,2000-10-02 20:32:00,135.866715,35.062244
20,2000-10-02 20:33:00,135.865865,35.065968
20,2000-10-02 20:34:00,135.865540,35.069692
20,2000-10-02 20:35:00,135.866776,35.071961
20,2000-10-02 20:36:00,135.867238,35.075730
20,2000-10-02 20:37:00,135.868286,35.079405
20,2000-10-02 20:38:00,135.868381,35.082801
20,2000-10-02 20:39:00,135.868565,35.084137
20,2000-10-02 20:40:00,135.871726,35.086034
20,2000-10-02 20:41:00,135.872686,35.088687
20,2000-10-02 20:42:00,135.874349,35.092216
20,2000-10-02 20:43:00,135.876731,35.095454
20,2000-10-02 20:44:00,135.878127,35.099056
20,2000-10-02 20:45:00,135.878874,35.102331
20,2000-10-02 20:46:00,135.880528,35.105632
20,2000-10-02 20:47:00,135.883155,35.108399
20,2000-10-02 20:48:00,135.882428,35.111609
20,2000-10-02 20:49:00,135.883992,35.114471
20,2000-10-02 20:50:00,135.881114,35.115533
20,2000-10-02 20:51:00,135.879826,35.118596
20,2000-10-02 20:52:00,135.879511,35.122225
20,2000-10-02 20:53:00,135.880458,35.125913
20,2000-10-02 20:54:00,135.881234,35.129552
20,2000-10-02 20:55:00,135.877321,35.131007
20,2000-10-02 20:56:00,135.873452,35.132820
20,2000-10-02 20:57:00,135.871809,35.136366
20,2000-10-02 20:58:00,135.869686,35.139698
20,2000-10-02 20:59:00,135.871877,35.141794
20,2000-10-02 21:00:00,135.873651,35.144666
20,2000-10-02 21:00:00,135.874512,35.144527
20,2000-10-02 23:59:00,135.874510,35.144527
