1,STAY,,2013-10-02 00:00:00,81.00946680,8.34116931,,2013-10-02 09:18:44,81.00946680,8.34116931,0.000,33524,0.000,1|2013-10-02 00:00:00|8.341169|81.009467
1,MOVE,,2013-10-02 09:18:44,81.00946680,8.34116931,,2013-10-02 11:34:39,80.63217610,7.47879056,104053.808,8155,45.934,1|2013-10-02 09:18:44|8.341169|81.009467;2|2013-10-02 11:34:39|7.478791|80.632176
1,STAY,,2013-10-02 11:34:39,80.63217600,7.47879100,,2013-10-02 23:59:59,80.63217600,7.47879100,0.000,44720,0.000,1|2013-10-02 11:34:39|7.478791|80.632176
2,STAY,,2013-10-02 00:00:00,81.34184194,6.86793894,,2013-10-02 08:16:03,81.34184194,6.86793894,0.000,29763,0.000,1|2013-10-02 00:00:00|6.867939|81.341842
2,MOVE,,2013-10-02 08:16:03,81.34184194,6.86793894,,2013-10-02 09:05:32,81.40472373,6.89488828,7561.956,2969,9.169,1|2013-10-02 08:16:03|6.867939|81.341842;2|2013-10-02 09:05:32|6.894888|81.404724
2,STAY,,2013-10-02 09:05:32,81.40472400,6.89488800,,2013-10-02 14:28:46,81.40472400,6.89488800,0.000,19394,0.000,1|2013-10-02 09:05:32|6.894888|81.404724
2,MOVE,,2013-10-02 14:28:46,81.40472373,6.89488828,,2013-10-02 17:15:15,81.40472373,6.89488828,0.000,9989,0.000,1|2013-10-02 14:28:46|6.894888|81.404724;2|2013-10-02 15:57:52|6.867939|81.332859;3|2013-10-02 17:15:15|6.894888|81.404724
2,STAY,,2013-10-02 17:15:15,81.40472400,6.89488800,,2013-10-02 19:57:48,81.40472400,6.89488800,0.000,9753,0.000,1|2013-10-02 17:15:15|6.894888|81.404724
2,MOVE,,2013-10-02 19:57:48,81.40472373,6.89488828,,2013-10-02 21:34:52,81.54845352,7.21828031,39131.086,5824,24.188,1|2013-10-02 19:57:48|6.894888|81.404724;2|2013-10-02 21:34:52|7.218280|81.548454
2,STAY,,2013-10-02 21:34:52,81.54845352,7.21828031,,2013-10-02 23:59:59,81.54845352,7.21828031,0.000,8707,0.000,1|2013-10-02 21:34:52|7.218280|81.548454
3,STAY,,2013-10-02 00:00:00,79.88657800,6.98471900,,2013-10-02 07:27:06,79.88657800,6.98471900,0.000,26826,0.000,1|2013-10-02 00:00:00|6.984719|79.886578
3,MOVE,,2013-10-02 07:27:06,79.88657780,6.98471940,,2013-10-02 14:28:11,79.85962846,6.89488828,10371.260,25265,1.478,1|2013-10-02 07:27:06|6.984719|79.886578;2|2013-10-02 07:54:18|6.984719|79.877595;3|2013-10-02 09:06:07|6.939804|79.850645;4|2013-10-02 09:42:56|6.984719|79.886578;5|2013-10-02 09:52:58|6.930821|79.850645;6|2013-10-02 10:00:53|6.939804|79.850645;7|2013-10-02 10:13:54|6.966753|79.877595;8|2013-10-02 10:24:12|6.984719|79.886578;9|2013-10-02 11:20:09|6.912855|79.859628;10|2013-10-02 11:38:07|6.966753|79.877595;11|2013-10-02 11:38:18|6.966753|79.877595;12|2013-10-02 11:54:03|6.957770|79.868612;13|2013-10-02 11:57:47|6.939804|79.850645;14|2013-10-02 12:06:32|6.894888|79.859628;15|2013-10-02 12:10:16|6.894888|79.859628;16|2013-10-02 12:19:51|6.921838|79.859628;17|2013-10-02 12:50:07|6.894888|79.859628;18|2013-10-02 13:17:20|6.921838|79.859628;19|2013-10-02 13:23:40|6.894888|79.859628;20|2013-10-02 14:13:31|6.939804|79.850645;21|2013-10-02 14:28:11|6.894888|79.859628
3,STAY,,2013-10-02 14:28:11,79.85962800,6.89488800,,2013-10-02 23:59:59,79.85962800,6.89488800,0.000,34308,0.000,1|2013-10-02 14:28:11|6.894888|79.859628
4,STAY,,2013-10-02 00:00:00,80.10217200,6.13132400,,2013-10-02 23:59:59,80.10217200,6.13132400,0.000,86399,0.000,1|2013-10-02 00:00:00|6.131324|80.102172
5,STAY,,2013-10-02 00:00:00,79.84166200,7.31709500,,2013-10-02 23:59:59,79.84166200,7.31709500,0.000,86399,0.000,1|2013-10-02 00:00:00|7.317095|79.841662
6,STAY,,2013-10-02 00:00:00,79.89556100,7.02065200,,2013-10-02 04:57:54,79.89556100,7.02065200,0.000,17874,0.000,1|2013-10-02 00:00:00|7.020652|79.895561
6,MOVE,,2013-10-02 04:57:54,79.89556091,7.02065185,,2013-10-02 06:05:38,79.89556091,7.02065185,0.000,4064,0.000,1|2013-10-02 04:57:54|7.020652|79.895561;2|2013-10-02 06:03:59|7.362010|80.497429;3|2013-10-02 06:05:38|7.020652|79.895561
6,STAY,,2013-10-02 06:05:38,79.89556100,7.02065200,,2013-10-02 07:06:23,79.89556100,7.02065200,0.000,3645,0.000,1|2013-10-02 06:05:38|7.020652|79.895561
6,MOVE,,2013-10-02 07:06:23,79.89556091,7.02065185,,2013-10-02 09:36:49,79.89556091,7.02065185,0.000,9026,0.000,1|2013-10-02 07:06:23|7.020652|79.895561;2|2013-10-02 07:14:14|7.029635|79.904544;3|2013-10-02 07:15:34|7.020652|79.895561;4|2013-10-02 08:14:58|6.939804|79.841662;5|2013-10-02 08:27:48|7.020652|79.895561;6|2013-10-02 08:51:15|6.984719|79.886578;7|2013-10-02 08:54:15|7.002686|79.895561;8|2013-10-02 09:36:49|7.020652|79.895561
6,STAY,,2013-10-02 09:36:49,79.89556100,7.02065200,,2013-10-02 12:06:49,79.89556100,7.02065200,0.000,9000,0.000,1|2013-10-02 09:36:49|7.020652|79.895561
6,MOVE,,2013-10-02 12:06:49,79.89556091,7.02065185,,2013-10-02 12:58:49,79.89556091,7.02065185,0.000,3120,0.000,1|2013-10-02 12:06:49|7.020652|79.895561;2|2013-10-02 12:41:41|6.912855|79.895561;3|2013-10-02 12:58:49|7.020652|79.895561
6,STAY,,2013-10-02 12:58:49,79.89556100,7.02065200,,2013-10-02 13:27:54,79.89556100,7.02065200,0.000,1745,0.000,1|2013-10-02 12:58:49|7.020652|79.895561
6,MOVE,,2013-10-02 13:27:54,79.89556091,7.02065185,,2013-10-02 14:05:46,79.89556091,7.02065185,0.000,2272,0.000,1|2013-10-02 13:27:54|7.020652|79.895561;2|2013-10-02 13:43:00|7.020652|79.904544;3|2013-10-02 14:05:46|7.020652|79.895561
6,STAY,,2013-10-02 14:05:46,79.89556100,7.02065200,,2013-10-02 17:42:04,79.89556100,7.02065200,0.000,12978,0.000,1|2013-10-02 14:05:46|7.020652|79.895561
6,MOVE,,2013-10-02 17:42:04,79.89556091,7.02065185,,2013-10-02 19:21:21,79.89556091,7.02065185,0.000,5957,0.000,1|2013-10-02 17:42:04|7.020652|79.895561;2|2013-10-02 18:15:36|7.020652|79.904544;3|2013-10-02 19:21:21|7.020652|79.895561
6,STAY,,2013-10-02 19:21:21,79.89556100,7.02065200,,2013-10-02 23:59:59,79.89556100,7.02065200,0.000,16718,0.000,1|2013-10-02 19:21:21|7.020652|79.895561
7,STAY,,2013-10-02 00:00:00,80.51539600,7.64947000,,2013-10-02 23:59:59,80.51539600,7.64947000,0.000,86399,0.000,1|2013-10-02 00:00:00|7.649470|80.515396
8,STAY,,2013-10-01 00:00:00,80.03929070,7.23624653,,2013-10-01 23:59:59,80.03929070,7.23624653,0.000,86399,0.000,1|2013-10-01 00:00:00|7.236247|80.039291
9,STAY,,2013-10-02 00:00:00,81.44065600,7.95489500,,2013-10-02 15:06:44,81.44065600,7.95489500,0.000,54404,0.000,1|2013-10-02 00:00:00|7.954895|81.440656
9,MOVE,,2013-10-02 15:06:44,81.44065618,7.95489549,,2013-10-02 19:22:17,81.48557174,8.01777728,8537.260,15333,2.004,1|2013-10-02 15:06:44|7.954895|81.440656;2|2013-10-02 19:22:17|8.017777|81.485572
9,STAY,,2013-10-02 19:22:17,81.48557174,8.01777728,,2013-10-02 23:59:59,81.48557174,8.01777728,0.000,16662,0.000,1|2013-10-02 19:22:17|8.017777|81.485572
10,STAY,,2013-10-02 00:00:00,80.11115560,7.09251674,,2013-10-02 07:03:32,80.11115560,7.09251674,0.000,25412,0.000,1|2013-10-02 00:00:00|7.092517|80.111156
10,MOVE,,2013-10-02 07:03:32,80.11115560,7.09251674,,2013-10-02 20:31:04,80.11115560,7.09251674,0.000,48452,0.000,1|2013-10-02 07:03:32|7.092517|80.111156;2|2013-10-02 14:17:06|7.128449|80.111156;3|2013-10-02 16:59:24|7.146415|80.102172;4|2013-10-02 20:31:04|7.092517|80.111156
10,STAY,,2013-10-02 20:31:04,80.11115560,7.09251674,,2013-10-02 23:59:59,80.11115560,7.09251674,0.000,12535,0.000,1|2013-10-02 20:31:04|7.092517|80.111156
11,STAY,,2013-10-02 00:00:00,79.92251025,6.84997272,,2013-10-02 12:17:20,79.92251025,6.84997272,0.000,44240,0.000,1|2013-10-02 00:00:00|6.849973|79.922510
11,MOVE,,2013-10-02 12:17:20,79.92251025,6.84997272,,2013-10-02 20:38:48,79.90454402,6.84098961,2220.460,30088,0.266,1|2013-10-02 12:17:20|6.849973|79.922510;2|2013-10-02 13:04:53|6.894888|79.877595;3|2013-10-02 17:34:12|6.840990|79.922510;4|2013-10-02 20:38:48|6.840990|79.904544
11,STAY,,2013-10-02 20:38:48,79.90454402,6.84098961,,2013-10-02 23:59:59,79.90454402,6.84098961,0.000,12071,0.000,1|2013-10-02 20:38:48|6.840990|79.904544
12,STAY,,2013-10-02 00:00:00,79.85064535,6.93980384,,2013-10-02 14:09:12,79.85064535,6.93980384,0.000,50952,0.000,1|2013-10-02 00:00:00|6.939804|79.850645
12,MOVE,,2013-10-02 14:09:12,79.85064535,6.93980384,,2013-10-02 17:19:21,80.00335826,6.93082073,16905.575,11409,5.334,1|2013-10-02 14:09:12|6.939804|79.850645;2|2013-10-02 17:19:21|6.930821|80.003358
12,STAY,,2013-10-02 17:19:21,80.00335800,6.93082100,,2013-10-02 17:42:16,80.00335800,6.93082100,0.000,1375,0.000,1|2013-10-02 17:19:21|6.930821|80.003358
12,MOVE,,2013-10-02 17:42:16,80.00335826,6.93082073,,2013-10-02 22:26:42,80.02132448,6.94878695,2808.860,17066,0.593,1|2013-10-02 17:42:16|6.930821|80.003358;2|2013-10-02 18:12:31|6.948787|80.021324;3|2013-10-02 19:00:58|6.930821|80.003358;4|2013-10-02 22:26:42|6.948787|80.021324
12,STAY,,2013-10-02 22:26:42,80.02132448,6.94878695,,2013-10-02 23:59:59,80.02132448,6.94878695,0.000,5597,0.000,1|2013-10-02 22:26:42|6.948787|80.021324
13,STAY,,2013-10-02 00:00:00,79.85962800,6.86793900,,2013-10-02 18:15:38,79.85962800,6.86793900,0.000,65738,0.000,1|2013-10-02 00:00:00|6.867939|79.859628
13,MOVE,,2013-10-02 18:15:38,79.85962846,6.86793894,,2013-10-02 18:20:38,79.86861158,6.86793894,992.868,300,11.914,1|2013-10-02 18:15:38|6.867939|79.859628;2|2013-10-02 18:20:38|6.867939|79.868612
13,STAY,,2013-10-02 18:20:38,79.86861200,6.86793900,,2013-10-02 22:37:24,79.86861200,6.86793900,0.000,15406,0.000,1|2013-10-02 18:20:38|6.867939|79.868612
13,MOVE,,2013-10-02 22:37:24,79.86861158,6.86793894,,2013-10-02 22:42:24,79.87759469,6.87692205,1404.528,300,16.854,1|2013-10-02 22:37:24|6.867939|79.868612;2|2013-10-02 22:42:24|6.876922|79.877595
13,STAY,,2013-10-02 22:42:24,79.87759469,6.87692205,,2013-10-02 23:59:59,79.87759469,6.87692205,0.000,4655,0.000,1|2013-10-02 22:42:24|6.876922|79.877595
14,STAY,,2013-10-02 00:00:00,79.86861200,6.93082100,,2013-10-02 10:36:46,79.86861200,6.93082100,0.000,38206,0.000,1|2013-10-02 00:00:00|6.930821|79.868612
14,UNKNOWN,,2013-10-02 10:36:46,79.86861200,6.93082100,,2013-10-02 15:57:40,79.86861158,6.92183761,993.476,19254,0.186,1|2013-10-02 10:36:46|6.930821|79.868612;2|2013-10-02 15:57:40|6.921838|79.868612
14,STAY,,2013-10-02 15:57:40,79.86861158,6.92183761,,2013-10-02 23:59:59,79.86861158,6.92183761,0.000,28939,0.000,1|2013-10-02 15:57:40|6.921838|79.868612
15,STAY,,2013-10-02 00:00:00,79.94946000,6.77810800,,2013-10-02 23:59:59,79.94946000,6.77810800,0.000,86399,0.000,1|2013-10-02 00:00:00|6.778108|79.949460
16,STAY,,2013-10-02 00:00:00,80.01234100,9.67067000,,2013-10-02 23:59:59,80.01234100,9.67067000,0.000,86399,0.000,1|2013-10-02 00:00:00|9.670670|80.012341
17,STAY,,2013-10-02 00:00:00,80.47048000,6.59844600,,2013-10-02 23:59:59,80.47048000,6.59844600,0.000,86399,0.000,1|2013-10-02 00:00:00|6.598446|80.470480
18,STAY,,2013-10-02 00:00:00,81.67421700,7.70336800,,2013-10-02 10:56:14,81.67421700,7.70336800,0.000,39374,0.000,1|2013-10-02 00:00:00|7.703368|81.674217
18,MOVE,,2013-10-02 10:56:14,81.67421709,7.70336836,,2013-10-02 19:21:09,81.67421709,7.70336836,0.000,30295,0.000,1|2013-10-02 10:56:14|7.703368|81.674217;2|2013-10-02 11:33:17|7.604554|81.710150;3|2013-10-02 12:11:56|7.703368|81.674217;4|2013-10-02 12:57:42|7.712351|81.701166;5|2013-10-02 13:17:02|7.685402|81.737099;6|2013-10-02 13:44:34|7.703368|81.674217;7|2013-10-02 15:54:50|7.775233|81.611335;8|2013-10-02 18:09:11|7.757267|81.638285;9|2013-10-02 18:40:20|7.685402|81.719133;10|2013-10-02 19:21:09|7.703368|81.674217
18,STAY,,2013-10-02 19:21:09,81.67421709,7.70336836,,2013-10-02 23:59:59,81.67421709,7.70336836,0.000,16730,0.000,1|2013-10-02 19:21:09|7.703368|81.674217
19,STAY,,2013-10-02 00:00:00,80.01234137,6.97573629,,2013-10-02 11:21:55,80.01234137,6.97573629,0.000,40915,0.000,1|2013-10-02 00:00:00|6.975736|80.012341
19,MOVE,,2013-10-02 11:21:55,80.01234137,6.97573629,,2013-10-02 15:51:50,79.86861158,6.93980384,16372.442,16195,3.639,1|2013-10-02 11:21:55|6.975736|80.012341;2|2013-10-02 11:51:33|6.957770|79.913527;3|2013-10-02 15:17:16|6.984719|79.985392;4|2013-10-02 15:51:50|6.939804|79.868612
19,STAY,,2013-10-02 15:51:50,79.86861200,6.93980400,,2013-10-02 19:40:59,79.86861200,6.93980400,0.000,13749,0.000,1|2013-10-02 15:51:50|6.939804|79.868612
19,MOVE,,2013-10-02 19:40:59,79.86861158,6.93980384,,2013-10-02 23:39:53,79.98539203,6.96675317,13244.639,14334,3.326,1|2013-10-02 19:40:59|6.939804|79.868612;2|2013-10-02 19:45:59|6.939804|79.859628;3|2013-10-02 20:32:05|6.957770|79.913527;4|2013-10-02 23:39:53|6.966753|79.985392
19,STAY,,2013-10-02 23:39:53,79.98539203,6.96675317,,2013-10-02 23:59:59,79.98539203,6.96675317,0.000,1206,0.000,1|2013-10-02 23:39:53|6.966753|79.985392
20,STAY,,2013-10-02 00:00:00,80.03030759,7.02963496,,2013-10-02 10:15:44,80.03030759,7.02963496,0.000,36944,0.000,1|2013-10-02 00:00:00|7.029635|80.030308
20,MOVE,,2013-10-02 10:15:44,80.03030759,7.02963496,,2013-10-02 11:15:16,80.05725693,7.00268562,4212.957,3572,4.246,1|2013-10-02 10:15:44|7.029635|80.030308;2|2013-10-02 11:15:16|7.002686|80.057257
20,STAY,,2013-10-02 11:15:16,80.05725700,7.00268600,,2013-10-02 15:31:47,80.05725700,7.00268600,0.000,15391,0.000,1|2013-10-02 11:15:16|7.002686|80.057257
20,MOVE,,2013-10-02 15:31:47,80.05725693,7.00268562,,2013-10-02 22:50:28,80.05725693,7.02065185,1986.900,26321,0.272,1|2013-10-02 15:31:47|7.002686|80.057257;2|2013-10-02 21:28:18|6.957770|80.003358;3|2013-10-02 22:32:38|7.029635|80.030308;4|2013-10-02 22:50:28|7.020652|80.057257
20,STAY,,2013-10-02 22:50:28,80.05725693,7.02065185,,2013-10-02 23:59:59,80.05725693,7.02065185,0.000,4171,0.000,1|2013-10-02 22:50:28|7.020652|80.057257
21,STAY,,2013-10-02 00:00:00,79.90454402,6.88590517,,2013-10-02 14:59:50,79.90454402,6.88590517,0.000,53990,0.000,1|2013-10-02 00:00:00|6.885905|79.904544
21,MOVE,,2013-10-02 14:59:50,79.90454402,6.88590517,,2013-10-02 19:18:32,79.94945958,6.90387139,5346.924,15522,1.240,1|2013-10-02 14:59:50|6.885905|79.904544;2|2013-10-02 19:18:32|6.903871|79.949460
21,STAY,,2013-10-02 19:18:32,79.94945958,6.90387139,,2013-10-02 23:59:59,79.94945958,6.90387139,0.000,16887,0.000,1|2013-10-02 19:18:32|6.903871|79.949460
22,STAY,,2013-10-01 00:00:00,81.05438236,7.13743230,,2013-10-01 04:12:00,81.05438236,7.13743230,0.000,15120,0.000,1|2013-10-01 00:00:00|7.137432|81.054382
22,MOVE,,2013-10-01 04:12:00,81.05438236,7.13743230,,2013-10-01 17:39:00,80.62319298,7.02963496,49104.931,48420,3.651,1|2013-10-01 04:12:00|7.137432|81.054382;2|2013-10-01 06:30:00|7.487774|81.323876;3|2013-10-01 16:10:00|7.290145|80.650142;4|2013-10-01 17:39:00|7.029635|80.623193
22,STAY,,2013-10-01 17:39:00,80.62319298,7.02963496,,2013-10-01 23:59:59,80.62319298,7.02963496,0.000,22859,0.000,1|2013-10-01 17:39:00|7.029635|80.623193
23,STAY,,2013-10-02 00:00:00,80.53336186,6.94878695,,2013-10-02 07:44:35,80.53336186,6.94878695,0.000,27875,0.000,1|2013-10-02 00:00:00|6.948787|80.533362
23,MOVE,,2013-10-02 07:44:35,80.53336186,6.94878695,,2013-10-02 14:23:32,80.61420987,6.98471940,9777.857,23937,1.471,1|2013-10-02 07:44:35|6.948787|80.533362;2|2013-10-02 13:04:37|6.984719|80.614210;3|2013-10-02 13:58:04|7.083534|80.632176;4|2013-10-02 14:12:10|7.002686|80.479463;5|2013-10-02 14:23:32|6.984719|80.614210
23,STAY,,2013-10-02 14:23:32,80.61421000,6.98471900,,2013-10-02 15:17:47,80.61421000,6.98471900,0.000,3255,0.000,1|2013-10-02 14:23:32|6.984719|80.614210
23,MOVE,,2013-10-02 15:17:47,80.61420987,6.98471940,,2013-10-02 15:45:04,80.63217610,7.08353363,11106.783,1637,24.425,1|2013-10-02 15:17:47|6.984719|80.614210;2|2013-10-02 15:45:04|7.083534|80.632176
23,STAY,,2013-10-02 15:45:04,80.63217600,7.08353400,,2013-10-02 23:59:59,80.63217600,7.08353400,0.000,29695,0.000,1|2013-10-02 15:45:04|7.083534|80.632176
24,STAY,,2013-10-01 00:00:00,80.05725693,6.25708733,,2013-10-01 23:59:59,80.05725693,6.25708733,0.000,86399,0.000,1|2013-10-01 00:00:00|6.257087|80.057257
25,STAY,,2013-10-02 00:00:00,79.85962800,6.93082100,,2013-10-02 17:20:10,79.85962800,6.93082100,0.000,62410,0.000,1|2013-10-02 00:00:00|6.930821|79.859628
25,MOVE,,2013-10-02 17:20:10,79.85962846,6.93082073,,2013-10-02 18:01:29,79.85962846,6.93980384,993.447,2479,1.443,1|2013-10-02 17:20:10|6.930821|79.859628;2|2013-10-02 18:01:29|6.939804|79.859628
25,STAY,,2013-10-02 18:01:29,79.85962800,6.93980400,,2013-10-02 20:43:46,79.85962800,6.93980400,0.000,9737,0.000,1|2013-10-02 18:01:29|6.939804|79.859628
25,MOVE,,2013-10-02 20:43:46,79.85962846,6.93980384,,2013-10-02 20:48:46,79.85962846,6.93082073,993.447,300,11.921,1|2013-10-02 20:43:46|6.939804|79.859628;2|2013-10-02 20:48:46|6.930821|79.859628
25,STAY,,2013-10-02 20:48:46,79.85962846,6.93082073,,2013-10-02 23:59:59,79.85962846,6.93082073,0.000,11473,0.000,1|2013-10-02 20:48:46|6.930821|79.859628
26,STAY,,2013-10-02 00:00:00,80.29081784,9.06880138,,2013-10-02 06:08:55,80.29081784,9.06880138,0.000,22135,0.000,1|2013-10-02 00:00:00|9.068801|80.290818
26,MOVE,,2013-10-02 06:08:55,80.29081784,9.06880138,,2013-10-02 08:53:20,80.29081784,9.06880138,0.000,9865,0.000,1|2013-10-02 06:08:55|9.068801|80.290818;2|2013-10-02 07:51:25|8.781342|80.479463;3|2013-10-02 08:53:20|9.068801|80.290818
26,STAY,,2013-10-02 08:53:20,80.29081800,9.06880100,,2013-10-02 11:44:17,80.29081800,9.06880100,0.000,10257,0.000,1|2013-10-02 08:53:20|9.068801|80.290818
26,MOVE,,2013-10-02 11:44:17,80.29081784,9.06880138,,2013-10-02 16:10:31,80.29081784,9.06880138,0.000,15974,0.000,1|2013-10-02 11:44:17|9.068801|80.290818;2|2013-10-02 13:07:51|9.104734|80.326750;3|2013-10-02 14:04:01|9.068801|80.290818;4|2013-10-02 14:17:41|9.068801|80.290818;5|2013-10-02 14:54:15|9.104734|80.326750;6|2013-10-02 16:10:31|9.068801|80.290818
26,STAY,,2013-10-02 16:10:31,80.29081800,9.06880100,,2013-10-02 17:08:21,80.29081800,9.06880100,0.000,3470,0.000,1|2013-10-02 16:10:31|9.068801|80.290818
26,MOVE,,2013-10-02 17:08:21,80.29081784,9.06880138,,2013-10-02 19:30:45,80.29081784,9.06880138,0.000,8544,0.000,1|2013-10-02 17:08:21|9.068801|80.290818;2|2013-10-02 18:03:51|9.104734|80.326750;3|2013-10-02 18:14:37|9.068801|80.290818;4|2013-10-02 18:26:41|9.068801|80.290818;5|2013-10-02 18:43:34|9.104734|80.326750;6|2013-10-02 19:30:45|9.068801|80.290818
26,STAY,,2013-10-02 19:30:45,80.29081800,9.06880100,,2013-10-02 20:37:30,80.29081800,9.06880100,0.000,4005,0.000,1|2013-10-02 19:30:45|9.068801|80.290818
26,MOVE,,2013-10-02 20:37:30,80.29081784,9.06880138,,2013-10-02 23:32:31,80.32675029,9.10473383,5603.361,10501,1.921,1|2013-10-02 20:37:30|9.068801|80.290818;2|2013-10-02 23:32:31|9.104734|80.326750
26,STAY,,2013-10-02 23:32:31,80.32675029,9.10473383,,2013-10-02 23:59:59,80.32675029,9.10473383,0.000,1648,0.000,1|2013-10-02 23:32:31|9.104734|80.326750
27,STAY,,2013-10-02 00:00:00,80.32675000,9.10473400,,2013-10-02 12:17:36,80.32675000,9.10473400,0.000,44256,0.000,1|2013-10-02 00:00:00|9.104734|80.326750
27,MOVE,,2013-10-02 12:17:36,80.32675029,9.10473383,,2013-10-02 13:38:08,80.08420626,9.06880138,26957.817,4832,20.084,1|2013-10-02 12:17:36|9.104734|80.326750;2|2013-10-02 13:38:08|9.068801|80.084206
27,STAY,,2013-10-02 13:38:08,80.08420600,9.06880100,,2013-10-02 13:55:13,80.08420600,9.06880100,0.000,1025,0.000,1|2013-10-02 13:38:08|9.068801|80.084206
27,MOVE,,2013-10-02 13:55:13,80.08420626,9.06880138,,2013-10-02 14:52:19,80.28183473,9.15863250,23888.208,3426,25.101,1|2013-10-02 13:55:13|9.068801|80.084206;2|2013-10-02 14:52:19|9.158633|80.281835
27,STAY,,2013-10-02 14:52:19,80.28183500,9.15863300,,2013-10-02 15:33:02,80.28183500,9.15863300,0.000,2443,0.000,1|2013-10-02 14:52:19|9.158633|80.281835
27,MOVE,,2013-10-02 15:33:02,80.28183473,9.15863250,,2013-10-02 20:25:21,80.32675029,9.10473383,7740.251,17539,1.589,1|2013-10-02 15:33:02|9.158633|80.281835;2|2013-10-02 18:02:45|9.230497|80.129122;3|2013-10-02 20:25:21|9.104734|80.326750
27,STAY,,2013-10-02 20:25:21,80.32675029,9.10473383,,2013-10-02 23:59:59,80.32675029,9.10473383,0.000,12878,0.000,1|2013-10-02 20:25:21|9.104734|80.326750
28,STAY,,2013-10-02 00:00:00,80.91963568,6.90387139,,2013-10-02 06:21:09,80.91963568,6.90387139,0.000,22869,0.000,1|2013-10-02 00:00:00|6.903871|80.919636
28,MOVE,,2013-10-02 06:21:09,80.91963568,6.90387139,,2013-10-02 11:44:56,80.91065257,6.90387139,992.793,19427,0.184,1|2013-10-02 06:21:09|6.903871|80.919636;2|2013-10-02 08:37:59|6.912855|80.910653;3|2013-10-02 09:03:34|6.903871|80.910653;4|2013-10-02 09:11:16|6.912855|80.910653;5|2013-10-02 09:29:00|6.903871|80.919636;6|2013-10-02 09:29:53|6.903871|80.910653;7|2013-10-02 09:42:05|6.903871|80.910653;8|2013-10-02 10:23:38|6.903871|80.919636;9|2013-10-02 10:31:05|6.903871|80.919636;10|2013-10-02 10:31:14|6.903871|80.919636;11|2013-10-02 10:37:34|6.993703|81.072349;12|2013-10-02 10:43:13|6.993703|81.072349;13|2013-10-02 10:53:32|6.903871|80.910653;14|2013-10-02 11:24:42|6.903871|80.919636;15|2013-10-02 11:32:18|6.903871|80.919636;16|2013-10-02 11:44:56|6.903871|80.910653
28,STAY,,2013-10-02 11:44:56,80.91065300,6.90387100,,2013-10-02 12:26:21,80.91065300,6.90387100,0.000,2485,0.000,1|2013-10-02 11:44:56|6.903871|80.910653
28,MOVE,,2013-10-02 12:26:21,80.91065257,6.90387139,,2013-10-02 13:11:04,80.91963568,6.90387139,992.793,2683,1.332,1|2013-10-02 12:26:21|6.903871|80.910653;2|2013-10-02 13:11:04|6.903871|80.919636
28,STAY,,2013-10-02 13:11:04,80.91963600,6.90387100,,2013-10-02 13:50:30,80.91963600,6.90387100,0.000,2366,0.000,1|2013-10-02 13:11:04|6.903871|80.919636
28,MOVE,,2013-10-02 13:50:30,80.91963568,6.90387139,,2013-10-02 14:58:12,80.91963568,6.90387139,0.000,4062,0.000,1|2013-10-02 13:50:30|6.903871|80.919636;2|2013-10-02 14:21:17|6.984719|81.054382;3|2013-10-02 14:58:12|6.903871|80.919636
28,STAY,,2013-10-02 14:58:12,80.91963600,6.90387100,,2013-10-02 16:27:36,80.91963600,6.90387100,0.000,5364,0.000,1|2013-10-02 14:58:12|6.903871|80.919636
28,MOVE,,2013-10-02 16:27:36,80.91963568,6.90387139,,2013-10-02 23:13:33,80.94658502,6.87692205,4213.506,24357,0.623,1|2013-10-02 16:27:36|6.903871|80.919636;2|2013-10-02 16:37:17|6.903871|80.910653;3|2013-10-02 16:49:56|6.903871|80.910653;4|2013-10-02 17:05:37|6.832006|81.000484;5|2013-10-02 19:05:44|6.903871|80.919636;6|2013-10-02 19:15:46|6.903871|80.919636;7|2013-10-02 19:28:29|6.903871|80.910653;8|2013-10-02 20:06:55|6.903871|80.919636;9|2013-10-02 20:07:13|6.903871|80.919636;10|2013-10-02 20:11:25|6.903871|80.910653;11|2013-10-02 20:41:45|6.903871|80.919636;12|2013-10-02 20:50:11|6.903871|80.919636;13|2013-10-02 22:58:17|6.984719|81.063365;14|2013-10-02 23:13:33|6.876922|80.946585
28,STAY,,2013-10-02 23:13:33,80.94658502,6.87692205,,2013-10-02 23:59:59,80.94658502,6.87692205,0.000,2786,0.000,1|2013-10-02 23:13:33|6.876922|80.946585
29,STAY,,2013-10-02 00:00:00,79.90454402,6.92183761,,2013-10-02 09:33:34,79.90454402,6.92183761,0.000,34414,0.000,1|2013-10-02 00:00:00|6.921838|79.904544
29,MOVE,,2013-10-02 09:33:34,79.90454402,6.92183761,,2013-10-02 18:24:36,80.24590228,6.60742869,51313.388,31862,5.798,1|2013-10-02 09:33:34|6.921838|79.904544;2|2013-10-02 18:24:36|6.607429|80.245902
29,STAY,,2013-10-02 18:24:36,80.24590200,6.60742900,,2013-10-02 23:59:59,80.24590200,6.60742900,0.000,20123,0.000,1|2013-10-02 18:24:36|6.607429|80.245902
30,STAY,,2013-10-02 00:00:00,80.00335826,6.56251313,,2013-10-02 02:18:59,80.00335826,6.56251313,0.000,8339,0.000,1|2013-10-02 00:00:00|6.562513|80.003358
30,MOVE,,2013-10-02 02:18:59,80.00335826,6.56251313,,2013-10-02 09:28:56,79.91352714,6.80505716,28602.707,25797,3.992,1|2013-10-02 02:18:59|6.562513|80.003358;2|2013-10-02 09:28:56|6.805057|79.913527
30,STAY,,2013-10-02 09:28:56,79.91352700,6.80505700,,2013-10-02 10:17:10,79.91352700,6.80505700,0.000,2894,0.000,1|2013-10-02 09:28:56|6.805057|79.913527
30,MOVE,,2013-10-02 10:17:10,79.91352714,6.80505716,,2013-10-02 16:25:28,79.91352714,6.80505716,0.000,22098,0.000,1|2013-10-02 10:17:10|6.805057|79.913527;2|2013-10-02 11:20:58|6.849973|79.868612;3|2013-10-02 11:40:52|6.580479|79.958443;4|2013-10-02 11:57:54|6.805057|79.913527;5|2013-10-02 14:29:30|6.580479|80.021324;6|2013-10-02 14:58:04|6.805057|79.913527;7|2013-10-02 16:18:52|6.805057|79.922510;8|2013-10-02 16:25:28|6.805057|79.913527
30,STAY,,2013-10-02 16:25:28,79.91352700,6.80505700,,2013-10-02 17:21:54,79.91352700,6.80505700,0.000,3386,0.000,1|2013-10-02 16:25:28|6.805057|79.913527
30,MOVE,,2013-10-02 17:21:54,79.91352714,6.80505716,,2013-10-02 19:54:37,80.00335826,6.56251313,28602.707,9163,11.238,1|2013-10-02 17:21:54|6.805057|79.913527;2|2013-10-02 18:12:20|6.769125|79.940476;3|2013-10-02 19:05:31|6.580479|80.021324;4|2013-10-02 19:07:14|6.580479|80.021324;5|2013-10-02 19:54:37|6.562513|80.003358
30,STAY,,2013-10-02 19:54:37,80.00335800,6.56251300,,2013-10-02 23:59:59,80.00335800,6.56251300,0.000,14722,0.000,1|2013-10-02 19:54:37|6.562513|80.003358
31,STAY,,2013-10-02 00:00:00,79.85962800,8.18845600,,2013-10-02 12:19:48,79.85962800,8.18845600,0.000,44388,0.000,1|2013-10-02 00:00:00|8.188456|79.859628
31,MOVE,,2013-10-02 12:19:48,79.85962846,8.18845641,,2013-10-02 18:39:28,79.85962846,8.18845641,0.000,22780,0.000,1|2013-10-02 12:19:48|8.188456|79.859628;2|2013-10-02 17:26:33|8.026760|79.832679;3|2013-10-02 18:39:28|8.188456|79.859628
31,STAY,,2013-10-02 18:39:28,79.85962800,8.18845600,,2013-10-02 23:59:59,79.85962800,8.18845600,0.000,19231,0.000,1|2013-10-02 18:39:28|8.188456|79.859628
32,STAY,,2013-10-02 00:00:00,80.54234498,9.15863250,,2013-10-02 08:35:32,80.54234498,9.15863250,0.000,30932,0.000,1|2013-10-02 00:00:00|9.158633|80.542345
32,MOVE,,2013-10-02 08:35:32,80.54234498,9.15863250,,2013-10-02 15:14:37,80.52437875,8.96998715,20957.807,23945,3.151,1|2013-10-02 08:35:32|9.158633|80.542345;2|2013-10-02 08:58:08|8.969987|80.524379;3|2013-10-02 11:39:38|9.068801|80.497429;4|2013-10-02 12:00:13|9.158633|80.542345;5|2013-10-02 13:15:50|8.969987|80.524379;6|2013-10-02 13:33:13|9.068801|80.497429;7|2013-10-02 13:35:20|9.068801|80.497429;8|2013-10-02 14:59:52|8.754392|80.497429;9|2013-10-02 15:14:37|8.969987|80.524379
32,STAY,,2013-10-02 15:14:37,80.52437900,8.96998700,,2013-10-02 23:59:59,80.52437900,8.96998700,0.000,31522,0.000,1|2013-10-02 15:14:37|8.969987|80.524379
33,STAY,,2013-10-02 00:00:00,80.38064900,7.98184500,,2013-10-02 18:22:46,80.38064900,7.98184500,0.000,66166,0.000,1|2013-10-02 00:00:00|7.981845|80.380649
33,MOVE,,2013-10-02 18:22:46,80.38064896,7.98184483,,2013-10-02 19:39:49,80.38064896,7.98184483,0.000,4623,0.000,1|2013-10-02 18:22:46|7.981845|80.380649;2|2013-10-02 18:54:33|6.715226|80.048274;3|2013-10-02 19:39:49|7.981845|80.380649
33,STAY,,2013-10-02 19:39:49,80.38064896,7.98184483,,2013-10-02 23:59:59,80.38064896,7.98184483,0.000,15610,0.000,1|2013-10-02 19:39:49|7.981845|80.380649
34,STAY,,2013-10-02 00:00:00,80.12013900,6.22115500,,2013-10-02 13:34:49,80.12013900,6.22115500,0.000,48889,0.000,1|2013-10-02 00:00:00|6.221155|80.120139
34,MOVE,,2013-10-02 13:34:49,80.12013871,6.22115488,,2013-10-02 14:59:45,80.12013871,6.22115488,0.000,5096,0.000,1|2013-10-02 13:34:49|6.221155|80.120139;2|2013-10-02 14:19:01|6.239121|80.102172;3|2013-10-02 14:59:45|6.221155|80.120139
34,STAY,,2013-10-02 14:59:45,80.12013900,6.22115500,,2013-10-02 16:03:30,80.12013900,6.22115500,0.000,3825,0.000,1|2013-10-02 14:59:45|6.221155|80.120139
34,MOVE,,2013-10-02 16:03:30,80.12013871,6.22115488,,2013-10-02 18:32:11,80.12013871,6.22115488,0.000,8921,0.000,1|2013-10-02 16:03:30|6.221155|80.120139;2|2013-10-02 17:09:06|6.248104|80.057257;3|2013-10-02 17:38:41|6.239121|80.057257;4|2013-10-02 18:19:17|6.239121|80.102172;5|2013-10-02 18:32:11|6.221155|80.120139
34,STAY,,2013-10-02 18:32:11,80.12013900,6.22115500,,2013-10-02 23:59:59,80.12013900,6.22115500,0.000,19668,0.000,1|2013-10-02 18:32:11|6.221155|80.120139
35,STAY,,2013-10-02 00:00:00,80.11115560,6.87692205,,2013-10-02 06:51:16,80.11115560,6.87692205,0.000,24676,0.000,1|2013-10-02 00:00:00|6.876922|80.111156
35,MOVE,,2013-10-02 06:51:16,80.11115560,6.87692205,,2013-10-02 13:53:40,80.16505427,6.85895583,6279.809,25344,0.892,1|2013-10-02 06:51:16|6.876922|80.111156;2|2013-10-02 07:19:12|6.858956|80.165054;3|2013-10-02 11:25:32|6.921838|80.156071;4|2013-10-02 13:53:40|6.858956|80.165054
35,STAY,,2013-10-02 13:53:40,80.16505400,6.85895600,,2013-10-02 23:59:59,80.16505400,6.85895600,0.000,36379,0.000,1|2013-10-02 13:53:40|6.858956|80.165054
36,STAY,,2013-10-02 00:00:00,80.02132400,9.65270400,,2013-10-02 08:14:40,80.02132400,9.65270400,0.000,29680,0.000,1|2013-10-02 00:00:00|9.652704|80.021324
36,MOVE,,2013-10-02 08:14:40,80.02132448,9.65270366,,2013-10-02 08:19:40,80.03030759,9.65270366,985.930,300,11.831,1|2013-10-02 08:14:40|9.652704|80.021324;2|2013-10-02 08:19:40|9.652704|80.030308
36,STAY,,2013-10-02 08:19:40,80.03030800,9.65270400,,2013-10-02 16:47:53,80.03030800,9.65270400,0.000,30493,0.000,1|2013-10-02 08:19:40|9.652704|80.030308
36,MOVE,,2013-10-02 16:47:53,80.03030759,9.65270366,,2013-10-02 19:01:05,80.02132448,9.65270366,985.930,7992,0.444,1|2013-10-02 16:47:53|9.652704|80.030308;2|2013-10-02 16:52:53|9.652704|80.021324;3|2013-10-02 17:19:51|9.661687|80.039291;4|2013-10-02 19:01:05|9.652704|80.021324
36,STAY,,2013-10-02 19:01:05,80.02132400,9.65270400,,2013-10-02 19:28:56,80.02132400,9.65270400,0.000,1671,0.000,1|2013-10-02 19:01:05|9.652704|80.021324
36,MOVE,,2013-10-02 19:28:56,80.02132448,9.65270366,,2013-10-02 20:52:41,80.02132448,9.65270366,0.000,5025,0.000,1|2013-10-02 19:28:56|9.652704|80.021324;2|2013-10-02 19:54:04|9.652704|80.030308;3|2013-10-02 20:52:41|9.652704|80.021324
36,STAY,,2013-10-02 20:52:41,80.02132448,9.65270366,,2013-10-02 23:59:59,80.02132448,9.65270366,0.000,11238,0.000,1|2013-10-02 20:52:41|9.652704|80.021324
37,STAY,,2013-10-02 00:00:00,81.34184200,6.86793900,,2013-10-02 17:34:34,81.34184200,6.86793900,0.000,63274,0.000,1|2013-10-02 00:00:00|6.867939|81.341842
37,MOVE,,2013-10-02 17:34:34,81.34184194,6.86793894,,2013-10-02 20:59:25,81.20709526,6.89488828,15187.879,12291,4.448,1|2013-10-02 17:34:34|6.867939|81.341842;2|2013-10-02 19:14:53|6.894888|81.243028;3|2013-10-02 20:59:25|6.894888|81.207095
37,STAY,,2013-10-02 20:59:25,81.20709526,6.89488828,,2013-10-02 23:59:59,81.20709526,6.89488828,0.000,10834,0.000,1|2013-10-02 20:59:25|6.894888|81.207095
38,STAY,,2013-10-02 00:00:00,81.20709526,7.04760118,,2013-10-02 06:55:51,81.20709526,7.04760118,0.000,24951,0.000,1|2013-10-02 00:00:00|7.047601|81.207095
38,MOVE,,2013-10-02 06:55:51,81.20709526,7.04760118,,2013-10-02 08:18:34,81.00946680,6.99370251,22634.986,4963,16.419,1|2013-10-02 06:55:51|7.047601|81.207095;2|2013-10-02 08:18:34|6.993703|81.009467
38,STAY,,2013-10-02 08:18:34,81.00946700,6.99370300,,2013-10-02 09:12:15,81.00946700,6.99370300,0.000,3221,0.000,1|2013-10-02 08:18:34|6.993703|81.009467
38,MOVE,,2013-10-02 09:12:15,81.00946680,6.99370251,,2013-10-02 22:00:52,80.98251746,6.91285450,9423.950,46117,0.736,1|2013-10-02 09:12:15|6.993703|81.009467;2|2013-10-02 09:31:42|6.912855|80.982517;3|2013-10-02 09:44:37|6.948787|81.162180;4|2013-10-02 10:09:20|7.415909|81.826930;5|2013-10-02 10:21:49|7.415909|81.826930;6|2013-10-02 10:30:13|6.912855|80.982517;7|2013-10-02 12:00:41|6.984719|81.054382;8|2013-10-02 14:31:40|6.984719|81.045399;9|2013-10-02 14:44:51|6.912855|80.982517;10|2013-10-02 15:09:30|6.993703|81.009467;11|2013-10-02 15:56:47|6.939804|80.991501;12|2013-10-02 18:21:22|6.984719|81.054382;13|2013-10-02 22:00:52|6.912855|80.982517
38,STAY,,2013-10-02 22:00:52,80.98251746,6.91285450,,2013-10-02 23:59:59,80.98251746,6.91285450,0.000,7147,0.000,1|2013-10-02 22:00:52|6.912855|80.982517
39,STAY,,2013-10-01 00:00:00,79.85962846,6.84098961,,2013-10-01 23:59:59,79.85962846,6.84098961,0.000,86399,0.000,1|2013-10-01 00:00:00|6.840990|79.859628
40,STAY,,2013-10-02 00:00:00,80.39861500,8.32320300,,2013-10-02 23:59:59,80.39861500,8.32320300,0.000,86399,0.000,1|2013-10-02 00:00:00|8.323203|80.398615
41,STAY,,2013-10-02 00:00:00,79.85962800,7.26319600,,2013-10-02 12:08:24,79.85962800,7.26319600,0.000,43704,0.000,1|2013-10-02 00:00:00|7.263196|79.859628
41,MOVE,,2013-10-02 12:08:24,79.85962846,7.26319587,,2013-10-02 16:29:30,79.85064535,7.20929720,6042.751,15666,1.389,1|2013-10-02 12:08:24|7.263196|79.859628;2|2013-10-02 16:29:30|7.209297|79.850645
41,STAY,,2013-10-02 16:29:30,79.85064535,7.20929720,,2013-10-02 23:59:59,79.85064535,7.20929720,0.000,27029,0.000,1|2013-10-02 16:29:30|7.209297|79.850645
42,STAY,,2013-10-02 00:00:00,80.73099000,7.28116200,,2013-10-02 23:59:59,80.73099000,7.28116200,0.000,86399,0.000,1|2013-10-02 00:00:00|7.281162|80.730990
43,STAY,,2013-10-02 00:00:00,80.03030759,9.74253478,,2013-10-02 09:46:11,80.03030759,9.74253478,0.000,35171,0.000,1|2013-10-02 00:00:00|9.742535|80.030308
43,MOVE,,2013-10-02 09:46:11,80.03030759,9.74253478,,2013-10-02 14:39:52,80.03030759,9.74253478,0.000,17621,0.000,1|2013-10-02 09:46:11|9.742535|80.030308;2|2013-10-02 10:20:40|9.724569|80.021324;3|2013-10-02 13:04:29|9.661687|80.012341;4|2013-10-02 13:23:24|9.787450|80.075223;5|2013-10-02 14:39:52|9.742535|80.030308
43,STAY,,2013-10-02 14:39:52,80.03030800,9.74253500,,2013-10-02 18:53:07,80.03030800,9.74253500,0.000,15195,0.000,1|2013-10-02 14:39:52|9.742535|80.030308
43,MOVE,,2013-10-02 18:53:07,80.03030759,9.74253478,,2013-10-02 23:41:44,80.07522315,9.78745034,6997.551,17317,1.455,1|2013-10-02 18:53:07|9.742535|80.030308;2|2013-10-02 19:02:15|9.769484|80.030308;3|2013-10-02 20:00:02|9.742535|80.030308;4|2013-10-02 23:41:44|9.787450|80.075223
43,STAY,,2013-10-02 23:41:44,80.07522315,9.78745034,,2013-10-02 23:59:59,80.07522315,9.78745034,0.000,1095,0.000,1|2013-10-02 23:41:44|9.787450|80.075223
44,STAY,,2013-10-01 00:00:00,80.02132400,9.65270400,,2013-10-01 23:59:59,80.02132400,9.65270400,0.000,86399,0.000,1|2013-10-01 00:00:00|9.652704|80.021324
45,STAY,,2013-10-02 00:00:00,79.98539203,6.98471940,,2013-10-02 23:59:59,79.98539203,6.98471940,0.000,86399,0.000,1|2013-10-02 00:00:00|6.984719|79.985392
46,STAY,,2013-10-02 00:00:00,81.82692999,7.41590877,,2013-10-02 04:08:39,81.82692999,7.41590877,0.000,14919,0.000,1|2013-10-02 00:00:00|7.415909|81.826930
46,MOVE,,2013-10-02 04:08:39,81.82692999,7.41590877,,2013-10-02 19:55:12,81.84489622,7.36201010,6282.145,56793,0.398,1|2013-10-02 04:08:39|7.415909|81.826930;2|2013-10-02 04:45:04|7.362010|81.799981;3|2013-10-02 06:54:48|7.290145|81.862862;4|2013-10-02 18:41:14|7.362010|81.799981;5|2013-10-02 19:55:12|7.362010|81.844896
46,STAY,,2013-10-02 19:55:12,81.84489622,7.36201010,,2013-10-02 23:59:59,81.84489622,7.36201010,0.000,14687,0.000,1|2013-10-02 19:55:12|7.362010|81.844896
47,STAY,,2013-10-02 00:00:00,79.90454402,8.98795337,,2013-10-02 03:30:47,79.90454402,8.98795337,0.000,12647,0.000,1|2013-10-02 00:00:00|8.987953|79.904544
47,MOVE,,2013-10-02 03:30:47,79.90454402,8.98795337,,2013-10-02 05:58:23,79.90454402,8.98795337,0.000,8856,0.000,1|2013-10-02 03:30:47|8.987953|79.904544;2|2013-10-02 03:50:37|8.978970|79.904544;3|2013-10-02 05:58:23|8.987953|79.904544
47,STAY,,2013-10-02 05:58:23,79.90454400,8.98795300,,2013-10-02 07:46:32,79.90454400,8.98795300,0.000,6489,0.000,1|2013-10-02 05:58:23|8.987953|79.904544
47,MOVE,,2013-10-02 07:46:32,79.90454402,8.98795337,,2013-10-02 08:22:24,79.90454402,8.97897026,993.544,2152,1.662,1|2013-10-02 07:46:32|8.987953|79.904544;2|2013-10-02 08:22:24|8.978970|79.904544
47,STAY,,2013-10-02 08:22:24,79.90454400,8.97897000,,2013-10-02 22:34:12,79.90454400,8.97897000,0.000,51108,0.000,1|2013-10-02 08:22:24|8.978970|79.904544
47,MOVE,,2013-10-02 22:34:12,79.90454402,8.97897026,,2013-10-02 22:39:12,79.90454402,8.98795337,993.544,300,11.923,1|2013-10-02 22:34:12|8.978970|79.904544;2|2013-10-02 22:39:12|8.987953|79.904544
47,STAY,,2013-10-02 22:39:12,79.90454402,8.98795337,,2013-10-02 23:59:59,79.90454402,8.98795337,0.000,4847,0.000,1|2013-10-02 22:39:12|8.987953|79.904544
48,STAY,,2013-10-02 00:00:00,80.27285162,6.05047575,,2013-10-02 06:37:16,80.27285162,6.05047575,0.000,23836,0.000,1|2013-10-02 00:00:00|6.050476|80.272852
48,MOVE,,2013-10-02 06:37:16,80.27285162,6.05047575,,2013-10-02 16:38:23,80.14708805,6.14928998,17697.771,36067,1.766,1|2013-10-02 06:37:16|6.050476|80.272852;2|2013-10-02 16:38:23|6.149290|80.147088
48,STAY,,2013-10-02 16:38:23,80.14708805,6.14928998,,2013-10-02 23:59:59,80.14708805,6.14928998,0.000,26496,0.000,1|2013-10-02 16:38:23|6.149290|80.147088
49,STAY,,2013-10-02 00:00:00,80.15607116,6.29301977,,2013-10-02 23:59:59,80.15607116,6.29301977,0.000,86399,0.000,1|2013-10-02 00:00:00|6.293020|80.156071
50,STAY,,2013-10-02 00:00:00,81.22506149,7.16438164,,2013-10-02 09:03:22,81.22506149,7.16438164,0.000,32602,0.000,1|2013-10-02 00:00:00|7.164382|81.225061
50,MOVE,,2013-10-02 09:03:22,81.22506149,7.16438164,,2013-10-02 09:15:22,80.94658502,7.36201010,37728.273,720,188.641,1|2013-10-02 09:03:22|7.164382|81.225061;2|2013-10-02 09:10:15|7.164382|81.225061;3|2013-10-02 09:15:22|7.362010|80.946585
50,STAY,,2013-10-02 09:15:22,80.94658500,7.36201000,,2013-10-02 09:38:37,80.94658500,7.36201000,0.000,1395,0.000,1|2013-10-02 09:15:22|7.362010|80.946585
50,MOVE,,2013-10-02 09:38:37,80.94658502,7.36201010,,2013-10-02 10:34:16,81.22506149,7.16438164,37728.273,3339,40.677,1|2013-10-02 09:38:37|7.362010|80.946585;2|2013-10-02 10:01:45|7.182348|80.695058;3|2013-10-02 10:18:20|7.245230|80.479463;4|2013-10-02 10:34:16|7.164382|81.225061
50,STAY,,2013-10-02 10:34:16,81.22506100,7.16438200,,2013-10-02 11:39:49,81.22506100,7.16438200,0.000,3933,0.000,1|2013-10-02 10:34:16|7.164382|81.225061
50,MOVE,,2013-10-02 11:39:49,81.22506149,7.16438164,,2013-10-02 12:52:07,80.94658502,7.36201010,37728.273,4338,31.310,1|2013-10-02 11:39:49|7.164382|81.225061;2|2013-10-02 12:52:07|7.362010|80.946585
50,STAY,,2013-10-02 12:52:07,80.94658500,7.36201000,,2013-10-02 14:38:32,80.94658500,7.36201000,0.000,6385,0.000,1|2013-10-02 12:52:07|7.362010|80.946585
50,MOVE,,2013-10-02 14:38:32,80.94658502,7.36201010,,2013-10-02 18:34:59,80.68607477,7.29912832,29593.117,14187,7.509,1|2013-10-02 14:38:32|7.362010|80.946585;2|2013-10-02 18:23:48|7.281162|80.730990;3|2013-10-02 18:34:59|7.299128|80.686075
50,STAY,,2013-10-02 18:34:59,80.68607477,7.29912832,,2013-10-02 23:59:59,80.68607477,7.29912832,0.000,19500,0.000,1|2013-10-02 18:34:59|7.299128|80.686075
51,STAY,,2013-10-02 00:00:00,80.34471700,8.23337200,,2013-10-02 23:59:59,80.34471700,8.23337200,0.000,86399,0.000,1|2013-10-02 00:00:00|8.233372|80.344717
52,STAY,,2013-10-02 00:00:00,79.85962846,6.88590517,,2013-10-02 08:19:33,79.85962846,6.88590517,0.000,29973,0.000,1|2013-10-02 00:00:00|6.885905|79.859628
52,MOVE,,2013-10-02 08:19:33,79.85962846,6.88590517,,2013-10-02 20:28:51,79.98539203,7.03861807,21871.501,43758,1.799,1|2013-10-02 08:19:33|6.885905|79.859628;2|2013-10-02 11:02:44|6.903871|79.850645;3|2013-10-02 12:11:32|6.885905|79.859628;4|2013-10-02 14:13:58|6.930821|79.850645;5|2013-10-02 15:42:37|7.047601|80.003358;6|2013-10-02 16:21:45|7.038618|79.985392;7|2013-10-02 16:53:45|6.930821|79.859628;8|2013-10-02 20:28:51|7.038618|79.985392
52,STAY,,2013-10-02 20:28:51,79.98539203,7.03861807,,2013-10-02 23:59:59,79.98539203,7.03861807,0.000,12668,0.000,1|2013-10-02 20:28:51|7.038618|79.985392
53,STAY,,2013-10-02 00:00:00,79.76979700,8.23337200,,2013-10-02 23:59:59,79.76979700,8.23337200,0.000,86399,0.000,1|2013-10-02 00:00:00|8.233372|79.769797
54,STAY,,2013-10-02 00:00:00,79.94047600,6.91285500,,2013-10-02 23:59:59,79.94047600,6.91285500,0.000,86399,0.000,1|2013-10-02 00:00:00|6.912855|79.940476
55,STAY,,2013-10-02 00:00:00,80.72200700,7.93692900,,2013-10-02 23:59:59,80.72200700,7.93692900,0.000,86399,0.000,1|2013-10-02 00:00:00|7.936929|80.722007
56,STAY,,2013-10-02 00:00:00,79.85064500,6.91285500,,2013-10-02 23:59:59,79.85064500,6.91285500,0.000,86399,0.000,1|2013-10-02 00:00:00|6.912855|79.850645
57,STAY,,2013-10-02 00:00:00,79.88657780,6.98471940,,2013-10-02 08:45:56,79.88657780,6.98471940,0.000,31556,0.000,1|2013-10-02 00:00:00|6.984719|79.886578
57,MOVE,,2013-10-02 08:45:56,79.88657780,6.98471940,,2013-10-02 10:12:23,79.85962846,6.93980384,5791.547,5187,4.020,1|2013-10-02 08:45:56|6.984719|79.886578;2|2013-10-02 10:12:23|6.939804|79.859628
57,STAY,,2013-10-02 10:12:23,79.85962800,6.93980400,,2013-10-02 17:09:02,79.85962800,6.93980400,0.000,24999,0.000,1|2013-10-02 10:12:23|6.939804|79.859628
57,MOVE,,2013-10-02 17:09:02,79.85962846,6.93980384,,2013-10-02 21:43:06,79.87759469,6.98471940,5349.303,16444,1.171,1|2013-10-02 17:09:02|6.939804|79.859628;2|2013-10-02 19:35:28|6.948787|79.859628;3|2013-10-02 19:49:09|6.975736|79.877595;4|2013-10-02 21:43:06|6.984719|79.877595
57,STAY,,2013-10-02 21:43:06,79.87759500,6.98471900,,2013-10-02 23:59:59,79.87759500,6.98471900,0.000,8213,0.000,1|2013-10-02 21:43:06|6.984719|79.877595
58,STAY,,2013-10-02 00:00:00,79.93149336,7.08353363,,2013-10-02 06:24:54,79.93149336,7.08353363,0.000,23094,0.000,1|2013-10-02 00:00:00|7.083534|79.931493
58,MOVE,,2013-10-02 06:24:54,79.93149336,7.08353363,,2013-10-02 09:05:22,79.93149336,7.01166873,7947.610,9628,2.972,1|2013-10-02 06:24:54|7.083534|79.931493;2|2013-10-02 06:56:23|7.011669|79.931493;3|2013-10-02 07:07:53|7.011669|79.931493;4|2013-10-02 07:44:33|7.119466|79.931493;5|2013-10-02 09:05:22|7.011669|79.931493
58,STAY,,2013-10-02 09:05:22,79.93149300,7.01166900,,2013-10-02 18:06:05,79.93149300,7.01166900,0.000,32443,0.000,1|2013-10-02 09:05:22|7.011669|79.931493
58,MOVE,,2013-10-02 18:06:05,79.93149336,7.01166873,,2013-10-02 19:53:11,79.93149336,7.14641541,14901.789,6426,8.348,1|2013-10-02 18:06:05|7.011669|79.931493;2|2013-10-02 18:49:46|7.146415|79.931493;3|2013-10-02 19:26:46|7.119466|79.931493;4|2013-10-02 19:53:11|7.146415|79.931493
58,STAY,,2013-10-02 19:53:11,79.93149300,7.14641500,,2013-10-02 20:30:41,79.93149300,7.14641500,0.000,2250,0.000,1|2013-10-02 19:53:11|7.146415|79.931493
58,MOVE,,2013-10-02 20:30:41,79.93149336,7.14641541,,2013-10-02 23:52:34,79.93149336,7.08353363,6954.179,12113,2.067,1|2013-10-02 20:30:41|7.146415|79.931493;2|2013-10-02 21:25:04|7.209297|79.850645;3|2013-10-02 23:01:57|7.011669|79.931493;4|2013-10-02 23:52:34|7.083534|79.931493
58,STAY,,2013-10-02 23:52:34,79.93149300,7.08353400,,2013-10-02 23:59:59,79.93149300,7.08353400,0.000,445,0.000,1|2013-10-02 23:52:34|7.083534|79.931493
59,STAY,,2013-10-02 00:00:00,81.85387933,7.10149985,,2013-10-02 12:27:28,81.85387933,7.10149985,0.000,44848,0.000,1|2013-10-02 00:00:00|7.101500|81.853879
59,MOVE,,2013-10-02 12:27:28,81.85387933,7.10149985,,2013-10-02 16:56:52,81.84489622,7.21828031,12952.990,16164,2.885,1|2013-10-02 12:27:28|7.101500|81.853879;2|2013-10-02 15:28:06|7.236247|81.853879;3|2013-10-02 15:36:34|7.227263|81.853879;4|2013-10-02 16:56:52|7.218280|81.844896
59,STAY,,2013-10-02 16:56:52,81.84489600,7.21828000,,2013-10-02 17:14:54,81.84489600,7.21828000,0.000,1082,0.000,1|2013-10-02 16:56:52|7.218280|81.844896
59,MOVE,,2013-10-02 17:14:54,81.84489622,7.21828031,,2013-10-02 18:12:11,81.85387933,7.23624653,2220.836,3437,2.326,1|2013-10-02 17:14:54|7.218280|81.844896;2|2013-10-02 17:59:45|7.218280|81.853879;3|2013-10-02 18:12:11|7.236247|81.853879
59,STAY,,2013-10-02 18:12:11,81.85387900,7.23624700,,2013-10-02 20:05:07,81.85387900,7.23624700,0.000,6776,0.000,1|2013-10-02 18:12:11|7.236247|81.853879
59,MOVE,,2013-10-02 20:05:07,81.85387933,7.23624653,,2013-10-02 20:54:35,81.85387933,7.23624653,0.000,2968,0.000,1|2013-10-02 20:05:07|7.236247|81.853879;2|2013-10-02 20:08:55|7.227263|81.853879;3|2013-10-02 20:17:56|7.227263|81.853879;4|2013-10-02 20:46:00|7.218280|81.853879;5|2013-10-02 20:49:49|7.218280|81.853879;6|2013-10-02 20:54:35|7.236247|81.853879
59,STAY,,2013-10-02 20:54:35,81.85387900,7.23624700,,2013-10-02 23:59:59,81.85387900,7.23624700,0.000,11124,0.000,1|2013-10-02 20:54:35|7.236247|81.853879
60,STAY,,2013-10-02 00:00:00,80.56929400,7.84709800,,2013-10-02 11:06:56,80.56929400,7.84709800,0.000,40016,0.000,1|2013-10-02 00:00:00|7.847098|80.569294
60,MOVE,,2013-10-02 11:06:56,80.56929431,7.84709815,,2013-10-02 14:41:44,80.56929431,7.84709815,0.000,12888,0.000,1|2013-10-02 11:06:56|7.847098|80.569294;2|2013-10-02 12:37:21|7.424892|80.461497;3|2013-10-02 12:49:46|7.424892|80.461497;4|2013-10-02 13:12:15|7.847098|80.569294;5|2013-10-02 13:42:15|7.415909|80.470480;6|2013-10-02 14:41:44|7.847098|80.569294
60,STAY,,2013-10-02 14:41:44,80.56929400,7.84709800,,2013-10-02 19:32:26,80.56929400,7.84709800,0.000,17442,0.000,1|2013-10-02 14:41:44|7.847098|80.569294
60,MOVE,,2013-10-02 19:32:26,80.56929431,7.84709815,,2013-10-02 20:39:27,80.46149697,7.42489189,48184.534,4021,43.140,1|2013-10-02 19:32:26|7.847098|80.569294;2|2013-10-02 20:39:27|7.424892|80.461497
60,STAY,,2013-10-02 20:39:27,80.46149697,7.42489189,,2013-10-02 23:59:59,80.46149697,7.42489189,0.000,12032,0.000,1|2013-10-02 20:39:27|7.424892|80.461497
61,STAY,,2013-10-02 00:00:00,79.98539203,6.45471579,,2013-10-02 06:07:02,79.98539203,6.45471579,0.000,22022,0.000,1|2013-10-02 00:00:00|6.454716|79.985392
61,MOVE,,2013-10-02 06:07:02,79.98539203,6.45471579,,2013-10-02 09:25:40,79.98539203,6.45471579,0.000,11918,0.000,1|2013-10-02 06:07:02|6.454716|79.985392;2|2013-10-02 06:13:10|6.427766|80.003358;3|2013-10-02 07:37:08|6.454716|79.985392;4|2013-10-02 07:41:08|6.454716|79.985392;5|2013-10-02 08:55:22|6.445733|79.994375;6|2013-10-02 09:25:40|6.454716|79.985392
61,STAY,,2013-10-02 09:25:40,79.98539200,6.45471600,,2013-10-02 12:43:27,79.98539200,6.45471600,0.000,11867,0.000,1|2013-10-02 09:25:40|6.454716|79.985392
61,MOVE,,2013-10-02 12:43:27,79.98539203,6.45471579,,2013-10-02 16:07:47,79.98539203,6.45471579,0.000,12260,0.000,1|2013-10-02 12:43:27|6.454716|79.985392;2|2013-10-02 12:49:40|6.418783|80.003358;3|2013-10-02 13:15:50|6.454716|79.985392;4|2013-10-02 13:25:09|6.454716|79.985392;5|2013-10-02 13:30:05|6.454716|79.985392;6|2013-10-02 13:43:51|6.427766|80.003358;7|2013-10-02 14:37:57|6.445733|79.994375;8|2013-10-02 16:07:47|6.454716|79.985392
61,STAY,,2013-10-02 16:07:47,79.98539200,6.45471600,,2013-10-02 18:17:55,79.98539200,6.45471600,0.000,7808,0.000,1|2013-10-02 16:07:47|6.454716|79.985392
61,MOVE,,2013-10-02 18:17:55,79.98539203,6.45471579,,2013-10-02 19:04:56,79.98539203,6.45471579,0.000,2821,0.000,1|2013-10-02 18:17:55|6.454716|79.985392;2|2013-10-02 19:01:53|6.445733|79.994375;3|2013-10-02 19:04:56|6.454716|79.985392
61,STAY,,2013-10-02 19:04:56,79.98539200,6.45471600,,2013-10-02 23:59:59,79.98539200,6.45471600,0.000,17703,0.000,1|2013-10-02 19:04:56|6.454716|79.985392
62,STAY,,2013-10-02 00:00:00,80.06624004,6.67031048,,2013-10-02 06:17:37,80.06624004,6.67031048,0.000,22657,0.000,1|2013-10-02 00:00:00|6.670310|80.066240
62,MOVE,,2013-10-02 06:17:37,80.06624004,6.67031048,,2013-10-02 10:40:06,80.06624004,6.67031048,0.000,15749,0.000,1|2013-10-02 06:17:37|6.670310|80.066240;2|2013-10-02 06:23:50|6.670310|80.066240;3|2013-10-02 06:28:30|6.679294|80.165054;4|2013-10-02 07:31:29|6.715226|80.066240;5|2013-10-02 09:24:19|6.706243|80.075223;6|2013-10-02 10:05:43|6.652344|80.138105;7|2013-10-02 10:24:21|6.733192|80.218953;8|2013-10-02 10:40:06|6.670310|80.066240
62,STAY,,2013-10-02 10:40:06,80.06624000,6.67031000,,2013-10-02 11:04:31,80.06624000,6.67031000,0.000,1465,0.000,1|2013-10-02 10:40:06|6.670310|80.066240
62,MOVE,,2013-10-02 11:04:31,80.06624004,6.67031048,,2013-10-02 11:25:53,80.13810494,6.65234425,8190.945,1282,23.001,1|2013-10-02 11:04:31|6.670310|80.066240;2|2013-10-02 11:25:53|6.652344|80.138105
62,STAY,,2013-10-02 11:25:53,80.13810500,6.65234400,,2013-10-02 11:55:33,80.13810500,6.65234400,0.000,1780,0.000,1|2013-10-02 11:25:53|6.652344|80.138105
62,MOVE,,2013-10-02 11:55:33,80.13810494,6.65234425,,2013-10-02 13:50:26,80.06624004,6.67031048,8190.945,6893,4.278,1|2013-10-02 11:55:33|6.652344|80.138105;2|2013-10-02 12:24:46|6.670310|80.066240;3|2013-10-02 12:51:52|6.652344|80.138105;4|2013-10-02 13:28:32|6.715226|80.066240;5|2013-10-02 13:31:22|6.706243|80.075223;6|2013-10-02 13:50:26|6.670310|80.066240
62,STAY,,2013-10-02 13:50:26,80.06624000,6.67031000,,2013-10-02 15:47:53,80.06624000,6.67031000,0.000,7047,0.000,1|2013-10-02 13:50:26|6.670310|80.066240
62,MOVE,,2013-10-02 15:47:53,80.06624004,6.67031048,,2013-10-02 17:47:49,80.16505427,6.67929359,10970.956,7196,5.489,1|2013-10-02 15:47:53|6.670310|80.066240;2|2013-10-02 17:47:49|6.679294|80.165054
62,STAY,,2013-10-02 17:47:49,80.16505400,6.67929400,,2013-10-02 23:59:59,80.16505400,6.67929400,0.000,22330,0.000,1|2013-10-02 17:47:49|6.679294|80.165054
63,STAY,,2013-10-02 00:00:00,80.51539564,7.64946969,,2013-10-02 07:23:51,80.51539564,7.64946969,0.000,26631,0.000,1|2013-10-02 00:00:00|7.649470|80.515396
63,MOVE,,2013-10-02 07:23:51,80.51539564,7.64946969,,2013-10-02 09:16:15,79.90454402,6.94878695,102735.188,6744,54.841,1|2013-10-02 07:23:51|7.649470|80.515396;2|2013-10-02 09:16:15|6.948787|79.904544
63,STAY,,2013-10-02 09:16:15,79.90454400,6.94878700,,2013-10-02 23:59:59,79.90454400,6.94878700,0.000,53024,0.000,1|2013-10-02 09:16:15|6.948787|79.904544
64,STAY,,2013-10-02 00:00:00,79.97640892,6.98471940,,2013-10-02 07:38:39,79.97640892,6.98471940,0.000,27519,0.000,1|2013-10-02 00:00:00|6.984719|79.976409
64,MOVE,,2013-10-02 07:38:39,79.97640892,6.98471940,,2013-10-02 11:28:42,79.97640892,6.98471940,0.000,13803,0.000,1|2013-10-02 07:38:39|6.984719|79.976409;2|2013-10-02 09:39:12|6.948787|79.868612;3|2013-10-02 09:41:02|6.948787|79.868612;4|2013-10-02 11:28:42|6.984719|79.976409
64,STAY,,2013-10-02 11:28:42,79.97640900,6.98471900,,2013-10-02 13:21:19,79.97640900,6.98471900,0.000,6757,0.000,1|2013-10-02 11:28:42|6.984719|79.976409
64,MOVE,,2013-10-02 13:21:19,79.97640892,6.98471940,,2013-10-02 20:40:05,79.98539203,6.98471940,992.623,26326,0.136,1|2013-10-02 13:21:19|6.984719|79.976409;2|2013-10-02 14:35:07|6.966753|79.985392;3|2013-10-02 17:06:14|6.984719|79.985392;4|2013-10-02 17:20:37|6.975736|79.940476;5|2013-10-02 20:40:05|6.984719|79.985392
64,STAY,,2013-10-02 20:40:05,79.98539200,6.98471900,,2013-10-02 21:14:52,79.98539200,6.98471900,0.000,2087,0.000,1|2013-10-02 20:40:05|6.984719|79.985392
64,MOVE,,2013-10-02 21:14:52,79.98539203,6.98471940,,2013-10-02 23:25:06,79.98539203,6.96675317,1986.896,7814,0.915,1|2013-10-02 21:14:52|6.984719|79.985392;2|2013-10-02 23:25:06|6.966753|79.985392
64,STAY,,2013-10-02 23:25:06,79.98539203,6.96675317,,2013-10-02 23:59:59,79.98539203,6.96675317,0.000,2093,0.000,1|2013-10-02 23:25:06|6.966753|79.985392
65,STAY,,2013-10-02 00:00:00,79.83267913,7.66743591,,2013-10-02 06:28:29,79.83267913,7.66743591,0.000,23309,0.000,1|2013-10-02 00:00:00|7.667436|79.832679
65,MOVE,,2013-10-02 06:28:29,79.83267913,7.66743591,,2013-10-02 09:27:08,80.15607116,8.24235508,72898.496,10719,24.483,1|2013-10-02 06:28:29|7.667436|79.832679;2|2013-10-02 09:27:08|8.242355|80.156071
65,STAY,,2013-10-02 09:27:08,80.15607116,8.24235508,,2013-10-02 23:59:59,80.15607116,8.24235508,0.000,52371,0.000,1|2013-10-02 09:27:08|8.242355|80.156071
66,STAY,,2013-10-02 00:00:00,80.09318900,6.16725600,,2013-10-02 16:49:26,80.09318900,6.16725600,0.000,60566,0.000,1|2013-10-02 00:00:00|6.167256|80.093189
66,MOVE,,2013-10-02 16:49:26,80.09318938,6.16725621,,2013-10-02 19:08:36,80.10217249,6.13132376,4096.167,8350,1.766,1|2013-10-02 16:49:26|6.167256|80.093189;2|2013-10-02 17:51:28|6.131324|80.102172;3|2013-10-02 18:29:28|6.167256|80.093189;4|2013-10-02 19:08:36|6.131324|80.102172
66,STAY,,2013-10-02 19:08:36,80.10217200,6.13132400,,2013-10-02 20:00:18,80.10217200,6.13132400,0.000,3102,0.000,1|2013-10-02 19:08:36|6.131324|80.102172
66,MOVE,,2013-10-02 20:00:18,80.10217249,6.13132376,,2013-10-02 23:31:36,80.10217249,6.13132376,0.000,12678,0.000,1|2013-10-02 20:00:18|6.131324|80.102172;2|2013-10-02 23:19:16|6.167256|80.093189;3|2013-10-02 23:31:36|6.131324|80.102172
66,STAY,,2013-10-02 23:31:36,80.10217249,6.13132376,,2013-10-02 23:59:59,80.10217249,6.13132376,0.000,1703,0.000,1|2013-10-02 23:31:36|6.131324|80.102172
67,STAY,,2013-10-02 00:00:00,81.85387900,7.22726300,,2013-10-02 23:59:59,81.85387900,7.22726300,0.000,86399,0.000,1|2013-10-02 00:00:00|7.227263|81.853879
68,STAY,,2013-10-02 00:00:00,79.91352714,7.49675678,,2013-10-02 07:21:40,79.91352714,7.49675678,0.000,26500,0.000,1|2013-10-02 00:00:00|7.496757|79.913527
68,MOVE,,2013-10-02 07:21:40,79.91352714,7.49675678,,2013-10-02 12:19:45,79.91352714,7.46082433,3973.880,17885,0.800,1|2013-10-02 07:21:40|7.496757|79.913527;2|2013-10-02 12:19:45|7.460824|79.913527
68,STAY,,2013-10-02 12:19:45,79.91352700,7.46082400,,2013-10-02 17:18:31,79.91352700,7.46082400,0.000,17926,0.000,1|2013-10-02 12:19:45|7.460824|79.913527
68,MOVE,,2013-10-02 17:18:31,79.91352714,7.46082433,,2013-10-02 21:16:02,79.91352714,7.46082433,0.000,14251,0.000,1|2013-10-02 17:18:31|7.460824|79.913527;2|2013-10-02 17:55:38|7.514723|79.832679;3|2013-10-02 21:16:02|7.460824|79.913527
68,STAY,,2013-10-02 21:16:02,79.91352714,7.46082433,,2013-10-02 23:59:59,79.91352714,7.46082433,0.000,9837,0.000,1|2013-10-02 21:16:02|7.460824|79.913527
69,STAY,,2013-10-02 00:00:00,79.85962800,6.88590500,,2013-10-02 14:11:57,79.85962800,6.88590500,0.000,51117,0.000,1|2013-10-02 00:00:00|6.885905|79.859628
69,MOVE,,2013-10-02 14:11:57,79.85962846,6.88590517,,2013-10-02 14:45:36,79.86861158,6.88590517,992.831,2019,1.770,1|2013-10-02 14:11:57|6.885905|79.859628;2|2013-10-02 14:45:36|6.885905|79.868612
69,STAY,,2013-10-02 14:45:36,79.86861200,6.88590500,,2013-10-02 23:59:59,79.86861200,6.88590500,0.000,33263,0.000,1|2013-10-02 14:45:36|6.885905|79.868612
70,STAY,,2013-10-02 00:00:00,81.18014600,7.92794600,,2013-10-02 08:36:18,81.18014600,7.92794600,0.000,30978,0.000,1|2013-10-02 00:00:00|7.927946|81.180146
70,MOVE,,2013-10-02 08:36:18,81.18014593,7.92794616,,2013-10-02 17:02:48,81.00946680,7.92794616,18819.517,30390,2.229,1|2013-10-02 08:36:18|7.927946|81.180146;2|2013-10-02 08:48:04|7.909980|81.063365;3|2013-10-02 10:13:40|7.981845|80.964551;4|2013-10-02 10:21:09|7.927946|81.009467;5|2013-10-02 11:15:09|7.865064|81.117264;6|2013-10-02 11:59:47|7.909980|81.117264;7|2013-10-02 12:41:54|7.990828|80.919636;8|2013-10-02 12:55:49|7.909980|81.063365;9|2013-10-02 13:00:38|7.927946|81.009467;10|2013-10-02 15:27:49|7.936929|81.027433;11|2013-10-02 15:30:53|7.909980|81.063365;12|2013-10-02 15:35:21|7.909980|81.063365;13|2013-10-02 16:39:22|7.927946|81.027433;14|2013-10-02 17:02:48|7.927946|81.009467
70,STAY,,2013-10-02 17:02:48,81.00946700,7.92794600,,2013-10-02 17:42:16,81.00946700,7.92794600,0.000,2368,0.000,1|2013-10-02 17:02:48|7.927946|81.009467
70,MOVE,,2013-10-02 17:42:16,81.00946680,7.92794616,,2013-10-02 20:39:54,80.47048008,8.31421997,73168.570,10658,24.714,1|2013-10-02 17:42:16|7.927946|81.009467;2|2013-10-02 17:45:32|7.927946|81.027433;3|2013-10-02 18:40:05|8.323203|80.353700;4|2013-10-02 19:07:08|8.224389|80.524379;5|2013-10-02 20:39:54|8.314220|80.470480
70,STAY,,2013-10-02 20:39:54,80.47048008,8.31421997,,2013-10-02 23:59:59,80.47048008,8.31421997,0.000,12005,0.000,1|2013-10-02 20:39:54|8.314220|80.470480
71,STAY,,2013-10-02 00:00:00,79.94047600,6.63437800,,2013-10-02 15:19:26,79.94047600,6.63437800,0.000,55166,0.000,1|2013-10-02 00:00:00|6.634378|79.940476
71,MOVE,,2013-10-02 15:19:26,79.94047647,6.63437803,,2013-10-02 17:25:59,79.94047647,6.63437803,0.000,7593,0.000,1|2013-10-02 15:19:26|6.634378|79.940476;2|2013-10-02 15:46:42|6.598446|79.967426;3|2013-10-02 17:25:59|6.634378|79.940476
71,STAY,,2013-10-02 17:25:59,79.94047600,6.63437800,,2013-10-02 23:59:59,79.94047600,6.63437800,0.000,23640,0.000,1|2013-10-02 17:25:59|6.634378|79.940476
72,STAY,,2013-10-02 00:00:00,79.94946000,7.08353400,,2013-10-02 23:59:59,79.94946000,7.08353400,0.000,86399,0.000,1|2013-10-02 00:00:00|7.083534|79.949460
73,STAY,,2013-10-02 00:00:00,81.18014593,8.50286533,,2013-10-02 06:33:14,81.18014593,8.50286533,0.000,23594,0.000,1|2013-10-02 00:00:00|8.502865|81.180146
73,MOVE,,2013-10-02 06:33:14,81.18014593,8.50286533,,2013-10-02 16:06:00,81.18014593,8.50286533,0.000,34366,0.000,1|2013-10-02 06:33:14|8.502865|81.180146;2|2013-10-02 06:33:29|8.502865|81.180146;3|2013-10-02 09:28:52|8.529815|81.198112;4|2013-10-02 10:27:12|8.502865|81.171163;5|2013-10-02 11:36:36|8.502865|81.180146;6|2013-10-02 12:07:59|6.930821|79.868612;7|2013-10-02 13:40:28|8.502865|81.180146;8|2013-10-02 15:19:57|8.529815|81.198112;9|2013-10-02 16:06:00|8.502865|81.180146
73,STAY,,2013-10-02 16:06:00,81.18014600,8.50286500,,2013-10-02 23:59:59,81.18014600,8.50286500,0.000,28439,0.000,1|2013-10-02 16:06:00|8.502865|81.180146
74,STAY,,2013-10-02 00:00:00,80.71302410,7.55065545,,2013-10-02 06:12:37,80.71302410,7.55065545,0.000,22357,0.000,1|2013-10-02 00:00:00|7.550655|80.713024
74,MOVE,,2013-10-02 06:12:37,80.71302410,7.55065545,,2013-10-02 07:58:50,80.67709166,7.51472301,5614.134,6373,3.171,1|2013-10-02 06:12:37|7.550655|80.713024;2|2013-10-02 07:58:50|7.514723|80.677092
74,STAY,,2013-10-02 07:58:50,80.67709200,7.51472300,,2013-10-02 11:16:09,80.67709200,7.51472300,0.000,11839,0.000,1|2013-10-02 07:58:50|7.514723|80.677092
74,MOVE,,2013-10-02 11:16:09,80.67709166,7.51472301,,2013-10-02 17:05:27,80.67709166,7.51472301,0.000,20958,0.000,1|2013-10-02 11:16:09|7.514723|80.677092;2|2013-10-02 11:37:46|7.550655|80.713024;3|2013-10-02 11:51:14|7.550655|80.713024;4|2013-10-02 12:25:18|7.514723|80.677092;5|2013-10-02 14:10:09|7.550655|80.713024;6|2013-10-02 17:05:27|7.514723|80.677092
74,STAY,,2013-10-02 17:05:27,80.67709200,7.51472300,,2013-10-02 23:59:59,80.67709200,7.51472300,0.000,24872,0.000,1|2013-10-02 17:05:27|7.514723|80.677092
75,STAY,,2013-10-02 00:00:00,80.20997000,6.95777000,,2013-10-02 11:50:27,80.20997000,6.95777000,0.000,42627,0.000,1|2013-10-02 00:00:00|6.957770|80.209970
75,MOVE,,2013-10-02 11:50:27,80.20996983,6.95777006,,2013-10-02 12:03:27,80.21895294,6.93082073,3141.321,780,14.498,1|2013-10-02 11:50:27|6.957770|80.209970;2|2013-10-02 12:03:27|6.930821|80.218953
75,STAY,,2013-10-02 12:03:27,80.21895300,6.93082100,,2013-10-02 12:30:27,80.21895300,6.93082100,0.000,1620,0.000,1|2013-10-02 12:03:27|6.930821|80.218953
75,MOVE,,2013-10-02 12:30:27,80.21895294,6.93082073,,2013-10-02 14:44:09,80.20996983,6.95777006,3141.321,8022,1.410,1|2013-10-02 12:30:27|6.930821|80.218953;2|2013-10-02 14:44:09|6.957770|80.209970
75,STAY,,2013-10-02 14:44:09,80.20997000,6.95777000,,2013-10-02 23:59:59,80.20997000,6.95777000,0.000,33350,0.000,1|2013-10-02 14:44:09|6.957770|80.209970
76,STAY,,2013-10-02 00:00:00,80.61420987,6.98471940,,2013-10-02 16:15:53,80.61420987,6.98471940,0.000,58553,0.000,1|2013-10-02 00:00:00|6.984719|80.614210
76,MOVE,,2013-10-02 16:15:53,80.61420987,6.98471940,,2013-10-02 17:23:02,80.65014232,6.87692205,12565.315,4029,11.227,1|2013-10-02 16:15:53|6.984719|80.614210;2|2013-10-02 17:23:02|6.876922|80.650142
76,STAY,,2013-10-02 17:23:02,80.65014232,6.87692205,,2013-10-02 23:59:59,80.65014232,6.87692205,0.000,23817,0.000,1|2013-10-02 17:23:02|6.876922|80.650142
77,STAY,,2013-10-02 00:00:00,80.01234137,9.67066989,,2013-10-02 06:33:46,80.01234137,9.67066989,0.000,23626,0.000,1|2013-10-02 00:00:00|9.670670|80.012341
77,MOVE,,2013-10-02 06:33:46,80.01234137,9.67066989,,2013-10-02 11:46:22,80.02132448,9.67965300,1399.692,18756,0.269,1|2013-10-02 06:33:46|9.670670|80.012341;2|2013-10-02 09:17:23|9.679653|80.021324;3|2013-10-02 10:03:15|9.688636|80.012341;4|2013-10-02 11:46:22|9.679653|80.021324
77,STAY,,2013-10-02 11:46:22,80.02132400,9.67965300,,2013-10-02 15:29:30,80.02132400,9.67965300,0.000,13388,0.000,1|2013-10-02 11:46:22|9.679653|80.021324
77,MOVE,,2013-10-02 15:29:30,80.02132448,9.67965300,,2013-10-02 18:18:43,80.02132448,9.67965300,0.000,10153,0.000,1|2013-10-02 15:29:30|9.679653|80.021324;2|2013-10-02 16:17:38|9.670670|80.012341;3|2013-10-02 18:18:43|9.679653|80.021324
77,STAY,,2013-10-02 18:18:43,80.02132400,9.67965300,,2013-10-02 23:59:59,80.02132400,9.67965300,0.000,20476,0.000,1|2013-10-02 18:18:43|9.679653|80.021324
78,STAY,,2013-10-02 00:00:00,80.43454800,8.75439200,,2013-10-02 08:47:56,80.43454800,8.75439200,0.000,31676,0.000,1|2013-10-02 00:00:00|8.754392|80.434548
78,MOVE,,2013-10-02 08:47:56,80.43454763,8.75439246,,2013-10-02 14:14:33,80.43454763,8.75439246,0.000,19597,0.000,1|2013-10-02 08:47:56|8.754392|80.434548;2|2013-10-02 11:18:35|8.763376|80.452514;3|2013-10-02 13:46:28|8.691511|80.479463;4|2013-10-02 14:14:33|8.754392|80.434548
78,STAY,,2013-10-02 14:14:33,80.43454800,8.75439200,,2013-10-02 15:10:12,80.43454800,8.75439200,0.000,3339,0.000,1|2013-10-02 14:14:33|8.754392|80.434548
78,MOVE,,2013-10-02 15:10:12,80.43454763,8.75439246,,2013-10-02 18:44:30,80.43454763,8.75439246,0.000,12858,0.000,1|2013-10-02 15:10:12|8.754392|80.434548;2|2013-10-02 15:51:14|8.763376|80.452514;3|2013-10-02 18:44:30|8.754392|80.434548
78,STAY,,2013-10-02 18:44:30,80.43454800,8.75439200,,2013-10-02 23:59:59,80.43454800,8.75439200,0.000,18929,0.000,1|2013-10-02 18:44:30|8.754392|80.434548
79,STAY,,2013-10-02 00:00:00,80.04827400,9.68863600,,2013-10-02 20:26:49,80.04827400,9.68863600,0.000,73609,0.000,1|2013-10-02 00:00:00|9.688636|80.048274
79,MOVE,,2013-10-02 20:26:49,80.04827382,9.68863611,,2013-10-02 20:45:01,80.04827382,9.68863611,0.000,1092,0.000,1|2013-10-02 20:26:49|9.688636|80.048274;2|2013-10-02 20:33:29|9.643721|80.111156;3|2013-10-02 20:45:01|9.688636|80.048274
79,STAY,,2013-10-02 20:45:01,80.04827400,9.68863600,,2013-10-02 23:11:51,80.04827400,9.68863600,0.000,8810,0.000,1|2013-10-02 20:45:01|9.688636|80.048274
79,MOVE,,2013-10-02 23:11:51,80.04827382,9.68863611,,2013-10-02 23:46:38,80.45251386,9.12270005,76742.138,2087,132.377,1|2013-10-02 23:11:51|9.688636|80.048274;2|2013-10-02 23:46:38|9.122700|80.452514
79,STAY,,2013-10-02 23:46:38,80.45251386,9.12270005,,2013-10-02 23:59:59,80.45251386,9.12270005,0.000,801,0.000,1|2013-10-02 23:46:38|9.122700|80.452514
80,STAY,,2013-10-02 00:00:00,80.06624000,7.38895900,,2013-10-02 23:59:59,80.06624000,7.38895900,0.000,86399,0.000,1|2013-10-02 00:00:00|7.388959|80.066240
81,STAY,,2013-10-02 00:00:00,79.88657780,6.97573629,,2013-10-02 04:27:43,79.88657780,6.97573629,0.000,16063,0.000,1|2013-10-02 00:00:00|6.975736|79.886578
81,MOVE,,2013-10-02 04:27:43,79.88657780,6.97573629,,2013-10-02 11:14:11,81.40472373,6.27505355,184898.401,24388,27.294,1|2013-10-02 04:27:43|6.975736|79.886578;2|2013-10-02 06:38:16|6.248104|81.332859;3|2013-10-02 07:42:26|6.275054|81.404724;4|2013-10-02 07:47:30|6.984719|79.904544;5|2013-10-02 09:10:04|6.930821|79.850645;6|2013-10-02 09:10:10|6.275054|81.404724;7|2013-10-02 09:23:32|6.930821|79.850645;8|2013-10-02 09:35:27|6.975736|79.886578;9|2013-10-02 10:07:07|6.930821|79.850645;10|2013-10-02 11:14:11|6.275054|81.404724
81,STAY,,2013-10-02 11:14:11,81.40472400,6.27505400,,2013-10-02 12:42:32,81.40472400,6.27505400,0.000,5301,0.000,1|2013-10-02 11:14:11|6.275054|81.404724
81,MOVE,,2013-10-02 12:42:32,81.40472373,6.27505355,,2013-10-02 20:16:00,79.90454402,6.90387139,179888.208,27208,23.802,1|2013-10-02 12:42:32|6.275054|81.404724;2|2013-10-02 15:43:10|6.921838|79.850645;3|2013-10-02 18:35:28|6.903871|79.904544;4|2013-10-02 18:38:43|6.903871|79.904544;5|2013-10-02 19:33:09|6.921838|79.850645;6|2013-10-02 20:16:00|6.903871|79.904544
81,STAY,,2013-10-02 20:16:00,79.90454402,6.90387139,,2013-10-02 23:59:59,79.90454402,6.90387139,0.000,13439,0.000,1|2013-10-02 20:16:00|6.903871|79.904544
82,STAY,,2013-10-02 00:00:00,80.31776718,7.24522965,,2013-10-02 09:53:04,80.31776718,7.24522965,0.000,35584,0.000,1|2013-10-02 00:00:00|7.245230|80.317767
82,MOVE,,2013-10-02 09:53:04,80.31776718,7.24522965,,2013-10-02 10:06:39,80.31776718,7.24522965,0.000,815,0.000,1|2013-10-02 09:53:04|7.245230|80.317767;2|2013-10-02 10:06:39|7.245230|80.317767
82,STAY,,2013-10-02 10:06:39,80.31776718,7.24522965,,2013-10-02 23:59:59,80.31776718,7.24522965,0.000,50000,0.000,1|2013-10-02 10:06:39|7.245230|80.317767
83,STAY,,2013-10-02 00:00:00,79.85962846,9.67965300,,2013-10-02 07:43:40,79.85962846,9.67965300,0.000,27820,0.000,1|2013-10-02 00:00:00|9.679653|79.859628
83,MOVE,,2013-10-02 07:43:40,79.85962846,9.67965300,,2013-10-02 12:06:38,79.70691556,9.52694009,23797.209,15778,5.430,1|2013-10-02 07:43:40|9.679653|79.859628;2|2013-10-02 09:25:58|9.688636|80.030308;3|2013-10-02 12:06:38|9.526940|79.706916
83,STAY,,2013-10-02 12:06:38,79.70691600,9.52694000,,2013-10-02 15:32:46,79.70691600,9.52694000,0.000,12368,0.000,1|2013-10-02 12:06:38|9.526940|79.706916
83,MOVE,,2013-10-02 15:32:46,79.70691556,9.52694009,,2013-10-02 17:32:16,80.03030759,9.68863611,39748.887,7170,19.958,1|2013-10-02 15:32:46|9.526940|79.706916;2|2013-10-02 17:02:12|9.607788|79.769797;3|2013-10-02 17:32:16|9.688636|80.030308
83,STAY,,2013-10-02 17:32:16,80.03030800,9.68863600,,2013-10-02 23:59:59,80.03030800,9.68863600,0.000,23263,0.000,1|2013-10-02 17:32:16|9.688636|80.030308
84,STAY,,2013-10-02 00:00:00,80.30878400,7.11946600,,2013-10-02 23:59:59,80.30878400,7.11946600,0.000,86399,0.000,1|2013-10-02 00:00:00|7.119466|80.308784
85,STAY,,2013-10-02 00:00:00,80.02132448,6.44573268,,2013-10-02 23:59:59,80.02132448,6.44573268,0.000,86399,0.000,1|2013-10-02 00:00:00|6.445733|80.021324
86,STAY,,2013-10-02 00:00:00,79.86861200,6.92183800,,2013-10-02 08:20:12,79.86861200,6.92183800,0.000,30012,0.000,1|2013-10-02 00:00:00|6.921838|79.868612
86,MOVE,,2013-10-02 08:20:12,79.86861158,6.92183761,,2013-10-02 10:24:51,80.03030759,9.67965300,305526.962,7479,147.065,1|2013-10-02 08:20:12|6.921838|79.868612;2|2013-10-02 08:21:45|9.706602|80.066240;3|2013-10-02 08:31:25|9.688636|80.048274;4|2013-10-02 08:53:07|6.921838|79.868612;5|2013-10-02 10:10:04|6.876922|79.868612;6|2013-10-02 10:24:51|9.679653|80.030308
86,STAY,,2013-10-02 10:24:51,80.03030800,9.67965300,,2013-10-02 13:04:00,80.03030800,9.67965300,0.000,9549,0.000,1|2013-10-02 10:24:51|9.679653|80.030308
86,MOVE,,2013-10-02 13:04:00,80.03030759,9.67965300,,2013-10-02 17:53:35,80.03030759,9.67965300,0.000,17375,0.000,1|2013-10-02 13:04:00|9.679653|80.030308;2|2013-10-02 13:24:00|9.670670|80.039291;3|2013-10-02 14:37:04|9.661687|80.021324;4|2013-10-02 16:39:46|9.679653|80.030308;5|2013-10-02 16:40:23|6.921838|79.868612;6|2013-10-02 17:34:42|7.667436|79.832679;7|2013-10-02 17:53:35|9.679653|80.030308
86,STAY,,2013-10-02 17:53:35,80.03030800,9.67965300,,2013-10-02 19:10:02,80.03030800,9.67965300,0.000,4587,0.000,1|2013-10-02 17:53:35|9.679653|80.030308
86,MOVE,,2013-10-02 19:10:02,80.03030759,9.67965300,,2013-10-02 19:21:45,80.03030759,9.67965300,0.000,703,0.000,1|2013-10-02 19:10:02|9.679653|80.030308;2|2013-10-02 19:18:40|9.688636|80.039291;3|2013-10-02 19:21:45|9.679653|80.030308
86,STAY,,2013-10-02 19:21:45,80.03030800,9.67965300,,2013-10-02 20:37:16,80.03030800,9.67965300,0.000,4531,0.000,1|2013-10-02 19:21:45|9.679653|80.030308
86,MOVE,,2013-10-02 20:37:16,80.03030759,9.67965300,,2013-10-02 21:54:36,79.86861158,6.87692205,310485.903,4640,240.894,1|2013-10-02 20:37:16|9.679653|80.030308;2|2013-10-02 20:56:26|9.688636|80.048274;3|2013-10-02 21:54:36|6.876922|79.868612
86,STAY,,2013-10-02 21:54:36,79.86861158,6.87692205,,2013-10-02 23:59:59,79.86861158,6.87692205,0.000,7523,0.000,1|2013-10-02 21:54:36|6.876922|79.868612
87,STAY,,2013-10-02 00:00:00,79.95844300,7.15539900,,2013-10-02 06:43:27,79.95844300,7.15539900,0.000,24207,0.000,1|2013-10-02 00:00:00|7.155399|79.958443
87,MOVE,,2013-10-02 06:43:27,79.95844270,7.15539853,,2013-10-02 11:36:17,79.95844270,7.15539853,0.000,17570,0.000,1|2013-10-02 06:43:27|7.155399|79.958443;2|2013-10-02 07:06:17|7.173365|79.958443;3|2013-10-02 07:24:51|7.209297|79.841662;4|2013-10-02 09:47:16|7.155399|79.958443;5|2013-10-02 10:04:43|7.128449|79.985392;6|2013-10-02 10:05:00|7.128449|79.985392;7|2013-10-02 10:10:18|7.155399|79.958443;8|2013-10-02 10:12:28|7.128449|79.985392;9|2013-10-02 11:24:10|7.155399|79.958443;10|2013-10-02 11:34:12|7.128449|79.985392;11|2013-10-02 11:36:17|7.155399|79.958443
87,STAY,,2013-10-02 11:36:17,79.95844300,7.15539900,,2013-10-02 11:51:33,79.95844300,7.15539900,0.000,916,0.000,1|2013-10-02 11:36:17|7.155399|79.958443
87,MOVE,,2013-10-02 11:51:33,79.95844270,7.15539853,,2013-10-02 12:44:55,79.95844270,7.15539853,0.000,3202,0.000,1|2013-10-02 11:51:33|7.155399|79.958443;2|2013-10-02 11:57:56|6.912855|79.859628;3|2013-10-02 12:18:53|7.173365|79.895561;4|2013-10-02 12:23:21|7.173365|79.949460;5|2013-10-02 12:26:22|7.155399|79.958443;6|2013-10-02 12:34:35|7.155399|79.958443;7|2013-10-02 12:42:26|7.173365|79.949460;8|2013-10-02 12:44:55|7.155399|79.958443
87,STAY,,2013-10-02 12:44:55,79.95844300,7.15539900,,2013-10-02 15:53:38,79.95844300,7.15539900,0.000,11323,0.000,1|2013-10-02 12:44:55|7.155399|79.958443
87,MOVE,,2013-10-02 15:53:38,79.95844270,7.15539853,,2013-10-02 16:25:34,79.94945958,7.17336475,2220.892,1916,4.173,1|2013-10-02 15:53:38|7.155399|79.958443;2|2013-10-02 16:25:34|7.173365|79.949460
87,STAY,,2013-10-02 16:25:34,79.94946000,7.17336500,,2013-10-02 16:45:44,79.94946000,7.17336500,0.000,1210,0.000,1|2013-10-02 16:25:34|7.173365|79.949460
87,MOVE,,2013-10-02 16:45:44,79.94945958,7.17336475,,2013-10-02 17:21:02,79.95844270,7.15539853,2220.892,2118,3.775,1|2013-10-02 16:45:44|7.173365|79.949460;2|2013-10-02 16:49:58|7.173365|79.958443;3|2013-10-02 16:53:31|7.209297|79.841662;4|2013-10-02 17:17:18|7.011669|79.895561;5|2013-10-02 17:19:13|7.011669|79.895561;6|2013-10-02 17:21:02|7.155399|79.958443
87,STAY,,2013-10-02 17:21:02,79.95844300,7.15539900,,2013-10-02 18:05:54,79.95844300,7.15539900,0.000,2692,0.000,1|2013-10-02 17:21:02|7.155399|79.958443
87,MOVE,,2013-10-02 18:05:54,79.95844270,7.15539853,,2013-10-02 23:57:25,79.94945958,7.17336475,2220.892,21091,0.379,1|2013-10-02 18:05:54|7.155399|79.958443;2|2013-10-02 18:17:44|7.173365|79.949460;3|2013-10-02 18:17:47|7.173365|79.949460;4|2013-10-02 18:23:02|7.155399|79.958443;5|2013-10-02 19:36:48|7.128449|79.985392;6|2013-10-02 20:06:31|7.173365|79.949460;7|2013-10-02 20:34:48|7.155399|79.958443;8|2013-10-02 20:47:56|7.155399|79.958443;9|2013-10-02 23:57:25|7.173365|79.949460
87,STAY,,2013-10-02 23:57:25,79.94945958,7.17336475,,2013-10-02 23:59:59,79.94945958,7.17336475,0.000,154,0.000,1|2013-10-02 23:57:25|7.173365|79.949460
88,STAY,,2013-10-02 00:00:00,79.98539200,9.75151800,,2013-10-02 09:02:31,79.98539200,9.75151800,0.000,32551,0.000,1|2013-10-02 00:00:00|9.751518|79.985392
88,MOVE,,2013-10-02 09:02:31,79.98539203,9.75151789,,2013-10-02 12:16:08,79.98539203,9.75151789,0.000,11617,0.000,1|2013-10-02 09:02:31|9.751518|79.985392;2|2013-10-02 11:09:23|9.724569|79.994375;3|2013-10-02 12:16:08|9.751518|79.985392
88,STAY,,2013-10-02 12:16:08,79.98539203,9.75151789,,2013-10-02 23:59:59,79.98539203,9.75151789,0.000,42231,0.000,1|2013-10-02 12:16:08|9.751518|79.985392
89,STAY,,2013-10-02 00:00:00,79.86861158,6.93082073,,2013-10-02 07:06:01,79.86861158,6.93082073,0.000,25561,0.000,1|2013-10-02 00:00:00|6.930821|79.868612
89,MOVE,,2013-10-02 07:06:01,79.86861158,6.93082073,,2013-10-02 20:47:44,79.87759469,6.79607405,14934.694,49303,1.090,1|2013-10-02 07:06:01|6.930821|79.868612;2|2013-10-02 09:52:48|6.796074|79.877595;3|2013-10-02 17:17:13|6.939804|79.850645;4|2013-10-02 20:47:44|6.796074|79.877595
89,STAY,,2013-10-02 20:47:44,79.87759469,6.79607405,,2013-10-02 23:59:59,79.87759469,6.79607405,0.000,11535,0.000,1|2013-10-02 20:47:44|6.796074|79.877595
90,STAY,,2013-10-02 00:00:00,80.72200722,6.26607044,,2013-10-02 23:59:59,80.72200722,6.26607044,0.000,86399,0.000,1|2013-10-02 00:00:00|6.266070|80.722007
91,STAY,,2013-10-02 00:00:00,81.24302771,7.40692566,,2013-10-02 23:59:59,81.24302771,7.40692566,0.000,86399,0.000,1|2013-10-02 00:00:00|7.406926|81.243028
92,STAY,,2013-10-02 00:00:00,81.01844991,7.50573989,,2013-10-02 23:59:59,81.01844991,7.50573989,0.000,86399,0.000,1|2013-10-02 00:00:00|7.505740|81.018450
93,STAY,,2013-10-02 00:00:00,80.33573300,6.72420900,,2013-10-02 23:59:59,80.33573300,6.72420900,0.000,86399,0.000,1|2013-10-02 00:00:00|6.724209|80.335733
94,STAY,,2013-10-02 00:00:00,79.91352700,7.46082400,,2013-10-02 23:59:59,79.91352700,7.46082400,0.000,86399,0.000,1|2013-10-02 00:00:00|7.460824|79.913527
