1,STAY,-1,2013-10-02 00:00:00,81.00946700,8.34116900,-1,2013-10-02 09:18:44,81.00946700,8.34116900,0.000,33524,0.000,1|2013-10-02 00:00:00|8.34116900|81.00946700|-1;2|2013-10-02 09:18:44|8.34116900|81.00946700|-1
1,MOVE,-1,2013-10-02 09:18:44,81.00946700,8.34116900,44534,2013-10-02 11:34:39,80.62172023,7.47049995,105357.599,8155,46.510,1|2013-10-02 09:18:44|8.34116900|81.00946700|-1;2|2013-10-02 11:34:39|7.47049995|80.62172023|44534
1,STAY,44534,2013-10-02 11:34:39,80.62172023,7.47049995,44534,2013-10-02 23:59:59,80.62172023,7.47049995,0.000,44720,0.000,1|2013-10-02 11:34:39|7.47049995|80.62172023|44534;2|2013-10-02 23:59:59|7.47049995|80.62172023|44534
2,STAY,27797,2013-10-02 00:00:00,81.35032735,6.86097740,27797,2013-10-02 08:16:03,81.35032735,6.86097740,0.000,29763,0.000,1|2013-10-02 00:00:00|6.86097740|81.35032735|27797;2|2013-10-02 08:16:03|6.86097740|81.35032735|27797
2,MOVE,-1,2013-10-02 08:16:03,81.35032735,6.86097740,-1,2013-10-02 09:05:32,81.40472400,6.89488800,7085.861,2969,8.592,1|2013-10-02 08:16:03|6.86097740|81.35032735|-1;2|2013-10-02 09:05:32|6.89488800|81.40472400|-1
2,STAY,-1,2013-10-02 09:05:32,81.40472400,6.89488800,-1,2013-10-02 14:28:46,81.40472400,6.89488800,0.000,19394,0.000,1|2013-10-02 09:05:32|6.89488800|81.40472400|-1;2|2013-10-02 14:28:46|6.89488800|81.40472400|-1
2,MOVE,-1,2013-10-02 14:28:46,81.40472400,6.89488800,-1,2013-10-02 17:15:15,81.40472400,6.89488800,0.000,9989,0.000,1|2013-10-02 14:28:46|6.89488800|81.40472400|-1;2|2013-10-02 15:57:52|6.86793900|81.33285900|-1;3|2013-10-02 17:15:15|6.89488800|81.40472400|-1
2,STAY,-1,2013-10-02 17:15:15,81.40472400,6.89488800,-1,2013-10-02 19:57:48,81.40472400,6.89488800,0.000,9753,0.000,1|2013-10-02 17:15:15|6.89488800|81.40472400|-1;2|2013-10-02 19:57:48|6.89488800|81.40472400|-1
2,MOVE,-1,2013-10-02 19:57:48,81.40472400,6.89488800,37609,2013-10-02 21:34:52,81.53713022,7.21442260,38245.843,5824,23.641,1|2013-10-02 19:57:48|6.89488800|81.40472400|-1;2|2013-10-02 21:34:52|7.21442260|81.53713022|37609
2,STAY,37609,2013-10-02 21:34:52,81.53713022,7.21442260,37609,2013-10-02 23:59:59,81.53713022,7.21442260,0.000,8707,0.000,1|2013-10-02 21:34:52|7.21442260|81.53713022|37609;2|2013-10-02 23:59:59|7.21442260|81.53713022|37609
3,STAY,30898,2013-10-02 00:00:00,79.88511153,6.98615185,30898,2013-10-02 07:27:06,79.88511153,6.98615185,0.000,26826,0.000,1|2013-10-02 00:00:00|6.98615185|79.88511153|30898;2|2013-10-02 07:27:06|6.98615185|79.88511153|30898
3,MOVE,-1,2013-10-02 07:27:06,79.88511153,6.98615185,28385,2013-10-02 14:28:11,79.86217428,6.89915700,9949.115,25265,1.418,1|2013-10-02 07:27:06|6.98615185|79.88511153|-1;2|2013-10-02 07:54:18|6.98471900|79.87759500|-1;3|2013-10-02 09:06:07|6.93980400|79.85064500|-1;4|2013-10-02 09:42:56|6.98471900|79.88657800|-1;5|2013-10-02 09:52:58|6.93082100|79.85064500|-1;6|2013-10-02 10:00:53|6.93980400|79.85064500|-1;7|2013-10-02 10:13:54|6.96675300|79.87759500|-1;8|2013-10-02 10:24:12|6.98471900|79.88657800|-1;9|2013-10-02 11:20:09|6.91285500|79.85962800|-1;10|2013-10-02 11:38:07|6.96675300|79.87759500|-1;11|2013-10-02 11:38:18|6.96675300|79.87759500|-1;12|2013-10-02 11:54:03|6.95777000|79.86861200|-1;13|2013-10-02 11:57:47|6.93980400|79.85064500|-1;14|2013-10-02 12:06:32|6.89488800|79.85962800|-1;15|2013-10-02 12:10:16|6.89488800|79.85962800|-1;16|2013-10-02 12:19:51|6.92183800|79.85962800|-1;17|2013-10-02 12:50:07|6.89488800|79.85962800|-1;18|2013-10-02 13:17:20|6.92183800|79.85962800|-1;19|2013-10-02 13:23:40|6.89488800|79.85962800|-1;20|2013-10-02 14:13:31|6.93980400|79.85064500|-1;21|2013-10-02 14:28:11|6.89915700|79.86217428|28385
3,STAY,28385,2013-10-02 14:28:11,79.86217428,6.89915700,28385,2013-10-02 23:59:59,79.86217428,6.89915700,0.000,34308,0.000,1|2013-10-02 14:28:11|6.89915700|79.86217428|28385;2|2013-10-02 23:59:59|6.89915700|79.86217428|28385
4,STAY,7077,2013-10-02 00:00:00,80.10101076,6.13148680,7077,2013-10-02 23:59:59,80.10101076,6.13148680,0.000,86399,0.000,1|2013-10-02 00:00:00|6.13148680|80.10101076|7077;2|2013-10-02 23:59:59|6.13148680|80.10101076|7077
5,STAY,-1,2013-10-02 00:00:00,79.84166200,7.31709500,-1,2013-10-02 23:59:59,79.84166200,7.31709500,0.000,86399,0.000,1|2013-10-02 00:00:00|7.31709500|79.84166200|-1;2|2013-10-02 23:59:59|7.31709500|79.84166200|-1
6,STAY,-1,2013-10-02 00:00:00,79.89556100,7.02065200,-1,2013-10-02 04:57:54,79.89556100,7.02065200,0.000,17874,0.000,1|2013-10-02 00:00:00|7.02065200|79.89556100|-1;2|2013-10-02 04:57:54|7.02065200|79.89556100|-1
6,MOVE,-1,2013-10-02 04:57:54,79.89556100,7.02065200,-1,2013-10-02 06:05:38,79.89556100,7.02065200,0.000,4064,0.000,1|2013-10-02 04:57:54|7.02065200|79.89556100|-1;2|2013-10-02 06:03:59|7.36201000|80.49742900|-1;3|2013-10-02 06:05:38|7.02065200|79.89556100|-1
6,STAY,-1,2013-10-02 06:05:38,79.89556100,7.02065200,-1,2013-10-02 07:06:23,79.89556100,7.02065200,0.000,3645,0.000,1|2013-10-02 06:05:38|7.02065200|79.89556100|-1;2|2013-10-02 07:06:23|7.02065200|79.89556100|-1
6,MOVE,-1,2013-10-02 07:06:23,79.89556100,7.02065200,-1,2013-10-02 09:36:49,79.89556100,7.02065200,0.000,9026,0.000,1|2013-10-02 07:06:23|7.02065200|79.89556100|-1;2|2013-10-02 07:14:14|7.02963500|79.90454400|-1;3|2013-10-02 07:15:34|7.02065200|79.89556100|-1;4|2013-10-02 08:14:58|6.93980400|79.84166200|-1;5|2013-10-02 08:27:48|7.02065200|79.89556100|-1;6|2013-10-02 08:51:15|6.98471900|79.88657800|-1;7|2013-10-02 08:54:15|7.00268600|79.89556100|-1;8|2013-10-02 09:36:49|7.02065200|79.89556100|-1
6,STAY,-1,2013-10-02 09:36:49,79.89556100,7.02065200,-1,2013-10-02 12:06:49,79.89556100,7.02065200,0.000,9000,0.000,1|2013-10-02 09:36:49|7.02065200|79.89556100|-1;2|2013-10-02 12:06:49|7.02065200|79.89556100|-1
6,MOVE,-1,2013-10-02 12:06:49,79.89556100,7.02065200,-1,2013-10-02 12:58:49,79.89556100,7.02065200,0.000,3120,0.000,1|2013-10-02 12:06:49|7.02065200|79.89556100|-1;2|2013-10-02 12:41:41|6.91285500|79.89556100|-1;3|2013-10-02 12:58:49|7.02065200|79.89556100|-1
6,STAY,-1,2013-10-02 12:58:49,79.89556100,7.02065200,-1,2013-10-02 13:27:54,79.89556100,7.02065200,0.000,1745,0.000,1|2013-10-02 12:58:49|7.02065200|79.89556100|-1;2|2013-10-02 13:27:54|7.02065200|79.89556100|-1
6,MOVE,-1,2013-10-02 13:27:54,79.89556100,7.02065200,-1,2013-10-02 14:05:46,79.89556100,7.02065200,0.000,2272,0.000,1|2013-10-02 13:27:54|7.02065200|79.89556100|-1;2|2013-10-02 13:43:00|7.02065200|79.90454400|-1;3|2013-10-02 14:05:46|7.02065200|79.89556100|-1
6,STAY,-1,2013-10-02 14:05:46,79.89556100,7.02065200,-1,2013-10-02 17:42:04,79.89556100,7.02065200,0.000,12978,0.000,1|2013-10-02 14:05:46|7.02065200|79.89556100|-1;2|2013-10-02 17:42:04|7.02065200|79.89556100|-1
6,MOVE,-1,2013-10-02 17:42:04,79.89556100,7.02065200,-1,2013-10-02 19:21:21,79.89556100,7.02065200,0.000,5957,0.000,1|2013-10-02 17:42:04|7.02065200|79.89556100|-1;2|2013-10-02 18:15:36|7.02065200|79.90454400|-1;3|2013-10-02 19:21:21|7.02065200|79.89556100|-1
6,STAY,-1,2013-10-02 19:21:21,79.89556100,7.02065200,-1,2013-10-02 23:59:59,79.89556100,7.02065200,0.000,16718,0.000,1|2013-10-02 19:21:21|7.02065200|79.89556100|-1;2|2013-10-02 23:59:59|7.02065200|79.89556100|-1
7,STAY,-1,2013-10-02 00:00:00,80.51539600,7.64947000,-1,2013-10-02 23:59:59,80.51539600,7.64947000,0.000,86399,0.000,1|2013-10-02 00:00:00|7.64947000|80.51539600|-1;2|2013-10-02 23:59:59|7.64947000|80.51539600|-1
8,STAY,-1,2013-10-01 00:00:00,80.03929100,7.23624700,-1,2013-10-01 23:59:59,80.03929100,7.23624700,0.000,86399,0.000,1|2013-10-01 00:00:00|7.23624700|80.03929100|-1;2|2013-10-01 23:59:59|7.23624700|80.03929100|-1
9,STAY,58179,2013-10-02 00:00:00,81.44163340,7.92979165,58179,2013-10-02 15:06:44,81.44163340,7.92979165,0.000,54404,0.000,1|2013-10-02 00:00:00|7.92979165|81.44163340|58179;2|2013-10-02 15:06:44|7.92979165|81.44163340|58179
9,MOVE,-1,2013-10-02 15:06:44,81.44163340,7.92979165,59941,2013-10-02 19:22:17,81.46901375,7.98581210,6891.940,15333,1.618,1|2013-10-02 15:06:44|7.92979165|81.44163340|-1;2|2013-10-02 19:22:17|7.98581210|81.46901375|59941
9,STAY,59941,2013-10-02 19:22:17,81.46901375,7.98581210,59941,2013-10-02 23:59:59,81.46901375,7.98581210,0.000,16662,0.000,1|2013-10-02 19:22:17|7.98581210|81.46901375|59941;2|2013-10-02 23:59:59|7.98581210|81.46901375|59941
10,STAY,33935,2013-10-02 00:00:00,80.10440835,7.09642580,33935,2013-10-02 07:03:32,80.10440835,7.09642580,0.000,25412,0.000,1|2013-10-02 00:00:00|7.09642580|80.10440835|33935;2|2013-10-02 07:03:32|7.09642580|80.10440835|33935
10,MOVE,-1,2013-10-02 07:03:32,80.10440835,7.09642580,33935,2013-10-02 20:31:04,80.10515620,7.09586370,103.391,48452,0.008,1|2013-10-02 07:03:32|7.09642580|80.10440835|-1;2|2013-10-02 14:17:06|7.12844900|80.11115600|-1;3|2013-10-02 16:59:24|7.14641500|80.10217200|-1;4|2013-10-02 20:31:04|7.09586370|80.10515620|33935
10,STAY,33935,2013-10-02 20:31:04,80.10515620,7.09586370,33935,2013-10-02 23:59:59,80.10515620,7.09586370,0.000,12535,0.000,1|2013-10-02 20:31:04|7.09586370|80.10515620|33935;2|2013-10-02 23:59:59|7.09586370|80.10515620|33935
11,STAY,27137,2013-10-02 00:00:00,79.91942286,6.85275845,27137,2013-10-02 12:17:20,79.91942286,6.85275845,0.000,44240,0.000,1|2013-10-02 00:00:00|6.85275845|79.91942286|27137;2|2013-10-02 12:17:20|6.85275845|79.91942286|27137
11,MOVE,-1,2013-10-02 12:17:20,79.91942286,6.85275845,26884,2013-10-02 20:38:48,79.90280786,6.83816410,2444.915,30088,0.293,1|2013-10-02 12:17:20|6.85275845|79.91942286|-1;2|2013-10-02 13:04:53|6.89488800|79.87759500|-1;3|2013-10-02 17:34:12|6.84099000|79.92251000|-1;4|2013-10-02 20:38:48|6.83816410|79.90280786|26884
11,STAY,26884,2013-10-02 20:38:48,79.90280786,6.83816410,26884,2013-10-02 23:59:59,79.90280786,6.83816410,0.000,12071,0.000,1|2013-10-02 20:38:48|6.83816410|79.90280786|26884;2|2013-10-02 23:59:59|6.83816410|79.90280786|26884
12,STAY,29639,2013-10-02 00:00:00,79.84639823,6.93942740,29639,2013-10-02 14:09:12,79.84639823,6.93942740,0.000,50952,0.000,1|2013-10-02 00:00:00|6.93942740|79.84639823|29639;2|2013-10-02 14:09:12|6.93942740|79.84639823|29639
12,MOVE,-1,2013-10-02 14:09:12,79.84639823,6.93942740,29405,2013-10-02 17:19:21,80.01379090,6.92705745,18549.220,11409,5.853,1|2013-10-02 14:09:12|6.93942740|79.84639823|-1;2|2013-10-02 17:19:21|6.92705745|80.01379090|29405
12,STAY,29405,2013-10-02 17:19:21,80.01379090,6.92705745,29405,2013-10-02 17:42:16,80.01379090,6.92705745,0.000,1375,0.000,1|2013-10-02 17:19:21|6.92705745|80.01379090|29405;2|2013-10-02 17:42:16|6.92705745|80.01379090|29405
12,MOVE,-1,2013-10-02 17:42:16,80.01379090,6.92705745,29909,2013-10-02 22:26:42,80.02401385,6.93938535,1770.606,17066,0.374,1|2013-10-02 17:42:16|6.92705745|80.01379090|-1;2|2013-10-02 18:12:31|6.94878700|80.02132400|-1;3|2013-10-02 19:00:58|6.93082100|80.00335800|-1;4|2013-10-02 22:26:42|6.93938535|80.02401385|29909
12,STAY,29909,2013-10-02 22:26:42,80.02401385,6.93938535,29909,2013-10-02 23:59:59,80.02401385,6.93938535,0.000,5597,0.000,1|2013-10-02 22:26:42|6.93938535|80.02401385|29909;2|2013-10-02 23:59:59|6.93938535|80.02401385|29909
13,STAY,27632,2013-10-02 00:00:00,79.86014139,6.86396200,27632,2013-10-02 18:15:38,79.86014139,6.86396200,0.000,65738,0.000,1|2013-10-02 00:00:00|6.86396200|79.86014139|27632;2|2013-10-02 18:15:38|6.86396200|79.86014139|27632
13,MOVE,-1,2013-10-02 18:15:38,79.86014139,6.86396200,27633,2013-10-02 18:20:38,79.86853252,6.86612085,957.681,300,11.492,1|2013-10-02 18:15:38|6.86396200|79.86014139|-1;2|2013-10-02 18:20:38|6.86612085|79.86853252|27633
13,STAY,27633,2013-10-02 18:20:38,79.86853252,6.86612085,27633,2013-10-02 22:37:24,79.86853252,6.86612085,0.000,15406,0.000,1|2013-10-02 18:20:38|6.86612085|79.86853252|27633;2|2013-10-02 22:37:24|6.86612085|79.86853252|27633
13,MOVE,-1,2013-10-02 22:37:24,79.86853252,6.86612085,27885,2013-10-02 22:42:24,79.87922384,6.87779380,1750.078,300,21.001,1|2013-10-02 22:37:24|6.86612085|79.86853252|-1;2|2013-10-02 22:42:24|6.87779380|79.87922384|27885
13,STAY,27885,2013-10-02 22:42:24,79.87922384,6.87779380,27885,2013-10-02 23:59:59,79.87922384,6.87779380,0.000,4655,0.000,1|2013-10-02 22:42:24|6.87779380|79.87922384|27885;2|2013-10-02 23:59:59|6.87779380|79.87922384|27885
14,STAY,29390,2013-10-02 00:00:00,79.86564935,6.92842885,29390,2013-10-02 10:36:46,79.86564935,6.92842885,0.000,38206,0.000,1|2013-10-02 00:00:00|6.92842885|79.86564935|29390;2|2013-10-02 10:36:46|6.92842885|79.86564935|29390
14,UNKNOWN,-1,2013-10-02 10:36:46,79.86564935,6.92842885,29139,2013-10-02 15:57:40,79.86494020,6.92001885,933.361,19254,0.175,1|2013-10-02 10:36:46|6.92842885|79.86564935|-1;2|2013-10-02 15:57:40|6.92001885|79.86494020|29139
14,STAY,29139,2013-10-02 15:57:40,79.86494020,6.92001885,29139,2013-10-02 23:59:59,79.86494020,6.92001885,0.000,28939,0.000,1|2013-10-02 15:57:40|6.92001885|79.86494020|29139;2|2013-10-02 23:59:59|6.92001885|79.86494020|29139
15,STAY,-1,2013-10-02 00:00:00,79.94946000,6.77810800,-1,2013-10-02 23:59:59,79.94946000,6.77810800,0.000,86399,0.000,1|2013-10-02 00:00:00|6.77810800|79.94946000|-1;2|2013-10-02 23:59:59|6.77810800|79.94946000|-1
16,STAY,105961,2013-10-02 00:00:00,80.01481814,9.66677905,105961,2013-10-02 23:59:59,80.01481814,9.66677905,0.000,86399,0.000,1|2013-10-02 00:00:00|9.66677905|80.01481814|105961;2|2013-10-02 23:59:59|9.66677905|80.01481814|105961
17,STAY,-1,2013-10-02 00:00:00,80.47048000,6.59844600,-1,2013-10-02 23:59:59,80.47048000,6.59844600,0.000,86399,0.000,1|2013-10-02 00:00:00|6.59844600|80.47048000|-1;2|2013-10-02 23:59:59|6.59844600|80.47048000|-1
18,STAY,51177,2013-10-02 00:00:00,81.65619218,7.69553945,51177,2013-10-02 10:56:14,81.65619218,7.69553945,0.000,39374,0.000,1|2013-10-02 00:00:00|7.69553945|81.65619218|51177;2|2013-10-02 10:56:14|7.69553945|81.65619218|51177
18,MOVE,-1,2013-10-02 10:56:14,81.65619218,7.69553945,51177,2013-10-02 19:21:09,81.65552405,7.69543115,74.677,30295,0.009,1|2013-10-02 10:56:14|7.69553945|81.65619218|-1;2|2013-10-02 11:33:17|7.60455400|81.71015000|-1;3|2013-10-02 12:11:56|7.70336800|81.67421700|-1;4|2013-10-02 12:57:42|7.71235100|81.70116600|-1;5|2013-10-02 13:17:02|7.68540200|81.73709900|-1;6|2013-10-02 13:44:34|7.70336800|81.67421700|-1;7|2013-10-02 15:54:50|7.77523300|81.61133500|-1;8|2013-10-02 18:09:11|7.75726700|81.63828500|-1;9|2013-10-02 18:40:20|7.68540200|81.71913300|-1;10|2013-10-02 19:21:09|7.69543115|81.65552405|51177
18,STAY,51177,2013-10-02 19:21:09,81.65552405,7.69543115,51177,2013-10-02 23:59:59,81.65552405,7.69543115,0.000,16730,0.000,1|2013-10-02 19:21:09|7.69543115|81.65552405|51177;2|2013-10-02 23:59:59|7.69543115|81.65552405|51177
19,STAY,30661,2013-10-02 00:00:00,80.00978205,6.98012100,30661,2013-10-02 11:21:55,80.00978205,6.98012100,0.000,40915,0.000,1|2013-10-02 00:00:00|6.98012100|80.00978205|30661;2|2013-10-02 11:21:55|6.98012100|80.00978205|30661
19,MOVE,-1,2013-10-02 11:21:55,80.00978205,6.98012100,29641,2013-10-02 15:51:50,79.87134490,6.94294880,15840.612,16195,3.521,1|2013-10-02 11:21:55|6.98012100|80.00978205|-1;2|2013-10-02 11:51:33|6.95777000|79.91352700|-1;3|2013-10-02 15:17:16|6.98471900|79.98539200|-1;4|2013-10-02 15:51:50|6.94294880|79.87134490|29641
19,STAY,29641,2013-10-02 15:51:50,79.87134490,6.94294880,29641,2013-10-02 19:40:59,79.87134490,6.94294880,0.000,13749,0.000,1|2013-10-02 15:51:50|6.94294880|79.87134490|29641;2|2013-10-02 19:40:59|6.94294880|79.87134490|29641
19,MOVE,-1,2013-10-02 19:40:59,79.87134490,6.94294880,30407,2013-10-02 23:39:53,79.97967286,6.95883455,12099.194,14334,3.039,1|2013-10-02 19:40:59|6.94294880|79.87134490|-1;2|2013-10-02 19:45:59|6.93980400|79.85962800|-1;3|2013-10-02 20:32:05|6.95777000|79.91352700|-1;4|2013-10-02 23:39:53|6.95883455|79.97967286|30407
19,STAY,30407,2013-10-02 23:39:53,79.97967286,6.95883455,30407,2013-10-02 23:59:59,79.97967286,6.95883455,0.000,1206,0.000,1|2013-10-02 23:39:53|6.95883455|79.97967286|30407;2|2013-10-02 23:59:59|6.95883455|79.97967286|30407
20,STAY,32169,2013-10-02 00:00:00,80.03658709,7.03468430,32169,2013-10-02 10:15:44,80.03658709,7.03468430,0.000,36944,0.000,1|2013-10-02 00:00:00|7.03468430|80.03658709|32169;2|2013-10-02 10:15:44|7.03468430|80.03658709|32169
20,MOVE,-1,2013-10-02 10:15:44,80.03658709,7.03468430,-1,2013-10-02 11:15:16,80.05725700,7.00268600,4211.703,3572,4.245,1|2013-10-02 10:15:44|7.03468430|80.03658709|-1;2|2013-10-02 11:15:16|7.00268600|80.05725700|-1
20,STAY,-1,2013-10-02 11:15:16,80.05725700,7.00268600,-1,2013-10-02 15:31:47,80.05725700,7.00268600,0.000,15391,0.000,1|2013-10-02 11:15:16|7.00268600|80.05725700|-1;2|2013-10-02 15:31:47|7.00268600|80.05725700|-1
20,MOVE,-1,2013-10-02 15:31:47,80.05725700,7.00268600,-1,2013-10-02 22:50:28,80.05725700,7.02065200,1986.875,26321,0.272,1|2013-10-02 15:31:47|7.00268600|80.05725700|-1;2|2013-10-02 21:28:18|6.95777000|80.00335800|-1;3|2013-10-02 22:32:38|7.02963500|80.03030800|-1;4|2013-10-02 22:50:28|7.02065200|80.05725700|-1
20,STAY,-1,2013-10-02 22:50:28,80.05725700,7.02065200,-1,2013-10-02 23:59:59,80.05725700,7.02065200,0.000,4171,0.000,1|2013-10-02 22:50:28|7.02065200|80.05725700|-1;2|2013-10-02 23:59:59|7.02065200|80.05725700|-1
21,STAY,28139,2013-10-02 00:00:00,79.90334085,6.88667620,28139,2013-10-02 14:59:50,79.90334085,6.88667620,0.000,53990,0.000,1|2013-10-02 00:00:00|6.88667620|79.90334085|28139;2|2013-10-02 14:59:50|6.88667620|79.90334085|28139
21,MOVE,-1,2013-10-02 14:59:50,79.90334085,6.88667620,28646,2013-10-02 19:18:32,79.94873357,6.90721330,5506.937,15522,1.277,1|2013-10-02 14:59:50|6.88667620|79.90334085|-1;2|2013-10-02 19:18:32|6.90721330|79.94873357|28646
21,STAY,28646,2013-10-02 19:18:32,79.94873357,6.90721330,28646,2013-10-02 23:59:59,79.94873357,6.90721330,0.000,16887,0.000,1|2013-10-02 19:18:32|6.90721330|79.94873357|28646;2|2013-10-02 23:59:59|6.90721330|79.94873357|28646
22,STAY,35295,2013-10-01 00:00:00,81.06660846,7.11562220,35295,2013-10-01 04:12:00,81.06660846,7.11562220,0.000,15120,0.000,1|2013-10-01 00:00:00|7.11562220|81.06660846|35295;2|2013-10-01 04:12:00|7.11562220|81.06660846|35295
22,MOVE,-1,2013-10-01 04:12:00,81.06660846,7.11562220,32235,2013-10-01 17:39:00,80.60558632,7.04963355,51451.905,48420,3.825,1|2013-10-01 04:12:00|7.11562220|81.06660846|-1;2|2013-10-01 06:30:00|7.48777400|81.32387600|-1;3|2013-10-01 16:10:00|7.29014500|80.65014200|-1;4|2013-10-01 17:39:00|7.04963355|80.60558632|32235
22,STAY,32235,2013-10-01 17:39:00,80.60558632,7.04963355,32235,2013-10-01 23:59:59,80.60558632,7.04963355,0.000,22859,0.000,1|2013-10-01 17:39:00|7.04963355|80.60558632|32235;2|2013-10-01 23:59:59|7.04963355|80.60558632|32235
23,STAY,-1,2013-10-02 00:00:00,80.53336200,6.94878700,-1,2013-10-02 07:44:35,80.53336200,6.94878700,0.000,27875,0.000,1|2013-10-02 00:00:00|6.94878700|80.53336200|-1;2|2013-10-02 07:44:35|6.94878700|80.53336200|-1
23,MOVE,-1,2013-10-02 07:44:35,80.53336200,6.94878700,-1,2013-10-02 14:23:32,80.61421000,6.98471900,9777.835,23937,1.471,1|2013-10-02 07:44:35|6.94878700|80.53336200|-1;2|2013-10-02 13:04:37|6.98471900|80.61421000|-1;3|2013-10-02 13:58:04|7.08353400|80.63217600|-1;4|2013-10-02 14:12:10|7.00268600|80.47946300|-1;5|2013-10-02 14:23:32|6.98471900|80.61421000|-1
23,STAY,-1,2013-10-02 14:23:32,80.61421000,6.98471900,-1,2013-10-02 15:17:47,80.61421000,6.98471900,0.000,3255,0.000,1|2013-10-02 14:23:32|6.98471900|80.61421000|-1;2|2013-10-02 15:17:47|6.98471900|80.61421000|-1
23,MOVE,-1,2013-10-02 15:17:47,80.61421000,6.98471900,-1,2013-10-02 15:45:04,80.63217600,7.08353400,11106.862,1637,24.426,1|2013-10-02 15:17:47|6.98471900|80.61421000|-1;2|2013-10-02 15:45:04|7.08353400|80.63217600|-1
23,STAY,-1,2013-10-02 15:45:04,80.63217600,7.08353400,-1,2013-10-02 23:59:59,80.63217600,7.08353400,0.000,29695,0.000,1|2013-10-02 15:45:04|7.08353400|80.63217600|-1;2|2013-10-02 23:59:59|7.08353400|80.63217600|-1
24,STAY,-1,2013-10-01 00:00:00,80.05725700,6.25708700,-1,2013-10-01 23:59:59,80.05725700,6.25708700,0.000,86399,0.000,1|2013-10-01 00:00:00|6.25708700|80.05725700|-1;2|2013-10-01 23:59:59|6.25708700|80.05725700|-1
25,STAY,29389,2013-10-02 00:00:00,79.85532675,6.93289530,29389,2013-10-02 17:20:10,79.85532675,6.93289530,0.000,62410,0.000,1|2013-10-02 00:00:00|6.93289530|79.85532675|29389;2|2013-10-02 17:20:10|6.93289530|79.85532675|29389
25,MOVE,-1,2013-10-02 17:20:10,79.85532675,6.93289530,29640,2013-10-02 18:01:29,79.86147074,6.93623960,773.173,2479,1.123,1|2013-10-02 17:20:10|6.93289530|79.85532675|-1;2|2013-10-02 18:01:29|6.93623960|79.86147074|29640
25,STAY,29640,2013-10-02 18:01:29,79.86147074,6.93623960,29640,2013-10-02 20:43:46,79.86147074,6.93623960,0.000,9737,0.000,1|2013-10-02 18:01:29|6.93623960|79.86147074|29640;2|2013-10-02 20:43:46|6.93623960|79.86147074|29640
25,MOVE,-1,2013-10-02 20:43:46,79.86147074,6.93623960,29389,2013-10-02 20:48:46,79.85532675,6.93289530,773.173,300,9.278,1|2013-10-02 20:43:46|6.93623960|79.86147074|-1;2|2013-10-02 20:48:46|6.93289530|79.85532675|29389
25,STAY,29389,2013-10-02 20:48:46,79.85532675,6.93289530,29389,2013-10-02 23:59:59,79.85532675,6.93289530,0.000,11473,0.000,1|2013-10-02 20:48:46|6.93289530|79.85532675|29389;2|2013-10-02 23:59:59|6.93289530|79.85532675|29389
26,STAY,-1,2013-10-02 00:00:00,80.29081800,9.06880100,-1,2013-10-02 06:08:55,80.29081800,9.06880100,0.000,22135,0.000,1|2013-10-02 00:00:00|9.06880100|80.29081800|-1;2|2013-10-02 06:08:55|9.06880100|80.29081800|-1
26,MOVE,-1,2013-10-02 06:08:55,80.29081800,9.06880100,-1,2013-10-02 08:53:20,80.29081800,9.06880100,0.000,9865,0.000,1|2013-10-02 06:08:55|9.06880100|80.29081800|-1;2|2013-10-02 07:51:25|8.78134200|80.47946300|-1;3|2013-10-02 08:53:20|9.06880100|80.29081800|-1
26,STAY,-1,2013-10-02 08:53:20,80.29081800,9.06880100,-1,2013-10-02 11:44:17,80.29081800,9.06880100,0.000,10257,0.000,1|2013-10-02 08:53:20|9.06880100|80.29081800|-1;2|2013-10-02 11:44:17|9.06880100|80.29081800|-1
26,MOVE,-1,2013-10-02 11:44:17,80.29081800,9.06880100,-1,2013-10-02 16:10:31,80.29081800,9.06880100,0.000,15974,0.000,1|2013-10-02 11:44:17|9.06880100|80.29081800|-1;2|2013-10-02 13:07:51|9.10473400|80.32675000|-1;3|2013-10-02 14:04:01|9.06880100|80.29081800|-1;4|2013-10-02 14:17:41|9.06880100|80.29081800|-1;5|2013-10-02 14:54:15|9.10473400|80.32675000|-1;6|2013-10-02 16:10:31|9.06880100|80.29081800|-1
26,STAY,-1,2013-10-02 16:10:31,80.29081800,9.06880100,-1,2013-10-02 17:08:21,80.29081800,9.06880100,0.000,3470,0.000,1|2013-10-02 16:10:31|9.06880100|80.29081800|-1;2|2013-10-02 17:08:21|9.06880100|80.29081800|-1
26,MOVE,-1,2013-10-02 17:08:21,80.29081800,9.06880100,-1,2013-10-02 19:30:45,80.29081800,9.06880100,0.000,8544,0.000,1|2013-10-02 17:08:21|9.06880100|80.29081800|-1;2|2013-10-02 18:03:51|9.10473400|80.32675000|-1;3|2013-10-02 18:14:37|9.06880100|80.29081800|-1;4|2013-10-02 18:26:41|9.06880100|80.29081800|-1;5|2013-10-02 18:43:34|9.10473400|80.32675000|-1;6|2013-10-02 19:30:45|9.06880100|80.29081800|-1
26,STAY,-1,2013-10-02 19:30:45,80.29081800,9.06880100,-1,2013-10-02 20:37:30,80.29081800,9.06880100,0.000,4005,0.000,1|2013-10-02 19:30:45|9.06880100|80.29081800|-1;2|2013-10-02 20:37:30|9.06880100|80.29081800|-1
26,MOVE,-1,2013-10-02 20:37:30,80.29081800,9.06880100,-1,2013-10-02 23:32:31,80.32675000,9.10473400,5603.370,10501,1.921,1|2013-10-02 20:37:30|9.06880100|80.29081800|-1;2|2013-10-02 23:32:31|9.10473400|80.32675000|-1
26,STAY,-1,2013-10-02 23:32:31,80.32675000,9.10473400,-1,2013-10-02 23:59:59,80.32675000,9.10473400,0.000,1648,0.000,1|2013-10-02 23:32:31|9.10473400|80.32675000|-1;2|2013-10-02 23:59:59|9.10473400|80.32675000|-1
27,STAY,-1,2013-10-02 00:00:00,80.32675000,9.10473400,-1,2013-10-02 12:17:36,80.32675000,9.10473400,0.000,44256,0.000,1|2013-10-02 00:00:00|9.10473400|80.32675000|-1;2|2013-10-02 12:17:36|9.10473400|80.32675000|-1
27,MOVE,-1,2013-10-02 12:17:36,80.32675000,9.10473400,-1,2013-10-02 13:38:08,80.08420600,9.06880100,26957.823,4832,20.084,1|2013-10-02 12:17:36|9.10473400|80.32675000|-1;2|2013-10-02 13:38:08|9.06880100|80.08420600|-1
27,STAY,-1,2013-10-02 13:38:08,80.08420600,9.06880100,-1,2013-10-02 13:55:13,80.08420600,9.06880100,0.000,1025,0.000,1|2013-10-02 13:38:08|9.06880100|80.08420600|-1;2|2013-10-02 13:55:13|9.06880100|80.08420600|-1
27,MOVE,-1,2013-10-02 13:55:13,80.08420600,9.06880100,-1,2013-10-02 14:52:19,80.28183500,9.15863300,23888.301,3426,25.102,1|2013-10-02 13:55:13|9.06880100|80.08420600|-1;2|2013-10-02 14:52:19|9.15863300|80.28183500|-1
27,STAY,-1,2013-10-02 14:52:19,80.28183500,9.15863300,-1,2013-10-02 15:33:02,80.28183500,9.15863300,0.000,2443,0.000,1|2013-10-02 14:52:19|9.15863300|80.28183500|-1;2|2013-10-02 15:33:02|9.15863300|80.28183500|-1
27,MOVE,-1,2013-10-02 15:33:02,80.28183500,9.15863300,-1,2013-10-02 20:25:21,80.32675000,9.10473400,7740.239,17539,1.589,1|2013-10-02 15:33:02|9.15863300|80.28183500|-1;2|2013-10-02 18:02:45|9.23049700|80.12912200|-1;3|2013-10-02 20:25:21|9.10473400|80.32675000|-1
27,STAY,-1,2013-10-02 20:25:21,80.32675000,9.10473400,-1,2013-10-02 23:59:59,80.32675000,9.10473400,0.000,12878,0.000,1|2013-10-02 20:25:21|9.10473400|80.32675000|-1;2|2013-10-02 23:59:59|9.10473400|80.32675000|-1
28,STAY,28754,2013-10-02 00:00:00,80.92000401,6.90603445,28754,2013-10-02 06:21:09,80.92000401,6.90603445,0.000,22869,0.000,1|2013-10-02 00:00:00|6.90603445|80.92000401|28754;2|2013-10-02 06:21:09|6.90603445|80.92000401|28754
28,MOVE,-1,2013-10-02 06:21:09,80.92000401,6.90603445,28753,2013-10-02 11:44:56,80.91087230,6.90597530,1009.231,19427,0.187,1|2013-10-02 06:21:09|6.90603445|80.92000401|-1;2|2013-10-02 08:37:59|6.91285500|80.91065300|-1;3|2013-10-02 09:03:34|6.90387100|80.91065300|-1;4|2013-10-02 09:11:16|6.91285500|80.91065300|-1;5|2013-10-02 09:29:00|6.90387100|80.91963600|-1;6|2013-10-02 09:29:53|6.90387100|80.91065300|-1;7|2013-10-02 09:42:05|6.90387100|80.91065300|-1;8|2013-10-02 10:23:38|6.90387100|80.91963600|-1;9|2013-10-02 10:31:05|6.90387100|80.91963600|-1;10|2013-10-02 10:31:14|6.90387100|80.91963600|-1;11|2013-10-02 10:37:34|6.99370300|81.07234900|-1;12|2013-10-02 10:43:13|6.99370300|81.07234900|-1;13|2013-10-02 10:53:32|6.90387100|80.91065300|-1;14|2013-10-02 11:24:42|6.90387100|80.91963600|-1;15|2013-10-02 11:32:18|6.90387100|80.91963600|-1;16|2013-10-02 11:44:56|6.90597530|80.91087230|28753
28,STAY,28753,2013-10-02 11:44:56,80.91087230,6.90597530,28753,2013-10-02 12:26:21,80.91087230,6.90597530,0.000,2485,0.000,1|2013-10-02 11:44:56|6.90597530|80.91087230|28753;2|2013-10-02 12:26:21|6.90597530|80.91087230|28753
28,MOVE,-1,2013-10-02 12:26:21,80.91087230,6.90597530,28754,2013-10-02 13:11:04,80.92539557,6.89410755,2073.370,2683,2.782,1|2013-10-02 12:26:21|6.90597530|80.91087230|-1;2|2013-10-02 13:11:04|6.89410755|80.92539557|28754
28,STAY,28754,2013-10-02 13:11:04,80.92539557,6.89410755,28754,2013-10-02 13:50:30,80.92539557,6.89410755,0.000,2366,0.000,1|2013-10-02 13:11:04|6.89410755|80.92539557|28754;2|2013-10-02 13:50:30|6.89410755|80.92539557|28754
28,MOVE,-1,2013-10-02 13:50:30,80.92539557,6.89410755,28754,2013-10-02 14:58:12,80.92000401,6.90603445,1447.349,4062,1.283,1|2013-10-02 13:50:30|6.89410755|80.92539557|-1;2|2013-10-02 14:21:17|6.98471900|81.05438200|-1;3|2013-10-02 14:58:12|6.90603445|80.92000401|28754
28,STAY,28754,2013-10-02 14:58:12,80.92000401,6.90603445,28754,2013-10-02 16:27:36,80.92000401,6.90603445,0.000,5364,0.000,1|2013-10-02 14:58:12|6.90603445|80.92000401|28754;2|2013-10-02 16:27:36|6.90603445|80.92000401|28754
28,MOVE,-1,2013-10-02 16:27:36,80.92000401,6.90603445,28004,2013-10-02 23:13:33,80.94732735,6.87705000,4403.829,24357,0.651,1|2013-10-02 16:27:36|6.90603445|80.92000401|-1;2|2013-10-02 16:37:17|6.90387100|80.91065300|-1;3|2013-10-02 16:49:56|6.90387100|80.91065300|-1;4|2013-10-02 17:05:37|6.83200600|81.00048400|-1;5|2013-10-02 19:05:44|6.90387100|80.91963600|-1;6|2013-10-02 19:15:46|6.90387100|80.91963600|-1;7|2013-10-02 19:28:29|6.90387100|80.91065300|-1;8|2013-10-02 20:06:55|6.90387100|80.91963600|-1;9|2013-10-02 20:07:13|6.90387100|80.91963600|-1;10|2013-10-02 20:11:25|6.90387100|80.91065300|-1;11|2013-10-02 20:41:45|6.90387100|80.91963600|-1;12|2013-10-02 20:50:11|6.90387100|80.91963600|-1;13|2013-10-02 22:58:17|6.98471900|81.06336500|-1;14|2013-10-02 23:13:33|6.87705000|80.94732735|28004
28,STAY,28004,2013-10-02 23:13:33,80.94732735,6.87705000,28004,2013-10-02 23:59:59,80.94732735,6.87705000,0.000,2786,0.000,1|2013-10-02 23:13:33|6.87705000|80.94732735|28004;2|2013-10-02 23:59:59|6.87705000|80.94732735|28004
29,STAY,-1,2013-10-02 00:00:00,79.90454400,6.92183800,-1,2013-10-02 09:33:34,79.90454400,6.92183800,0.000,34414,0.000,1|2013-10-02 00:00:00|6.92183800|79.90454400|-1;2|2013-10-02 09:33:34|6.92183800|79.90454400|-1
29,MOVE,-1,2013-10-02 09:33:34,79.90454400,6.92183800,-1,2013-10-02 18:24:36,80.24590200,6.60742900,51313.373,31862,5.798,1|2013-10-02 09:33:34|6.92183800|79.90454400|-1;2|2013-10-02 18:24:36|6.60742900|80.24590200|-1
29,STAY,-1,2013-10-02 18:24:36,80.24590200,6.60742900,-1,2013-10-02 23:59:59,80.24590200,6.60742900,0.000,20123,0.000,1|2013-10-02 18:24:36|6.60742900|80.24590200|-1;2|2013-10-02 23:59:59|6.60742900|80.24590200|-1
30,STAY,19114,2013-10-02 00:00:00,80.00180459,6.56377235,19114,2013-10-02 02:18:59,80.00180459,6.56377235,0.000,8339,0.000,1|2013-10-02 00:00:00|6.56377235|80.00180459|19114;2|2013-10-02 02:18:59|6.56377235|80.00180459|19114
30,MOVE,-1,2013-10-02 02:18:59,80.00180459,6.56377235,25881,2013-10-02 09:28:56,79.91666714,6.80167865,27943.235,25797,3.900,1|2013-10-02 02:18:59|6.56377235|80.00180459|-1;2|2013-10-02 09:28:56|6.80167865|79.91666714|25881
30,STAY,25881,2013-10-02 09:28:56,79.91666714,6.80167865,25881,2013-10-02 10:17:10,79.91666714,6.80167865,0.000,2894,0.000,1|2013-10-02 09:28:56|6.80167865|79.91666714|25881;2|2013-10-02 10:17:10|6.80167865|79.91666714|25881
30,MOVE,-1,2013-10-02 10:17:10,79.91666714,6.80167865,25881,2013-10-02 16:25:28,79.91666714,6.80167865,0.000,22098,0.000,1|2013-10-02 10:17:10|6.80167865|79.91666714|-1;2|2013-10-02 11:20:58|6.84997300|79.86861200|-1;3|2013-10-02 11:40:52|6.58047900|79.95844300|-1;4|2013-10-02 11:57:54|6.80505700|79.91352700|-1;5|2013-10-02 14:29:30|6.58047900|80.02132400|-1;6|2013-10-02 14:58:04|6.80505700|79.91352700|-1;7|2013-10-02 16:18:52|6.80505700|79.92251000|-1;8|2013-10-02 16:25:28|6.80167865|79.91666714|25881
30,STAY,25881,2013-10-02 16:25:28,79.91666714,6.80167865,25881,2013-10-02 17:21:54,79.91666714,6.80167865,0.000,3386,0.000,1|2013-10-02 16:25:28|6.80167865|79.91666714|25881;2|2013-10-02 17:21:54|6.80167865|79.91666714|25881
30,MOVE,-1,2013-10-02 17:21:54,79.91666714,6.80167865,19114,2013-10-02 19:54:37,79.99892428,6.56484660,27725.307,9163,10.893,1|2013-10-02 17:21:54|6.80167865|79.91666714|-1;2|2013-10-02 18:12:20|6.76912500|79.94047600|-1;3|2013-10-02 19:05:31|6.58047900|80.02132400|-1;4|2013-10-02 19:07:14|6.58047900|80.02132400|-1;5|2013-10-02 19:54:37|6.56484660|79.99892428|19114
30,STAY,19114,2013-10-02 19:54:37,79.99892428,6.56484660,19114,2013-10-02 23:59:59,79.99892428,6.56484660,0.000,14722,0.000,1|2013-10-02 19:54:37|6.56484660|79.99892428|19114;2|2013-10-02 23:59:59|6.56484660|79.99892428|19114
31,STAY,-1,2013-10-02 00:00:00,79.85962800,8.18845600,-1,2013-10-02 12:19:48,79.85962800,8.18845600,0.000,44388,0.000,1|2013-10-02 00:00:00|8.18845600|79.85962800|-1;2|2013-10-02 12:19:48|8.18845600|79.85962800|-1
31,MOVE,-1,2013-10-02 12:19:48,79.85962800,8.18845600,-1,2013-10-02 18:39:28,79.85962800,8.18845600,0.000,22780,0.000,1|2013-10-02 12:19:48|8.18845600|79.85962800|-1;2|2013-10-02 17:26:33|8.02676000|79.83267900|-1;3|2013-10-02 18:39:28|8.18845600|79.85962800|-1
31,STAY,-1,2013-10-02 18:39:28,79.85962800,8.18845600,-1,2013-10-02 23:59:59,79.85962800,8.18845600,0.000,19231,0.000,1|2013-10-02 18:39:28|8.18845600|79.85962800|-1;2|2013-10-02 23:59:59|8.18845600|79.85962800|-1
32,STAY,-1,2013-10-02 00:00:00,80.54234500,9.15863300,-1,2013-10-02 08:35:32,80.54234500,9.15863300,0.000,30932,0.000,1|2013-10-02 00:00:00|9.15863300|80.54234500|-1;2|2013-10-02 08:35:32|9.15863300|80.54234500|-1
32,MOVE,-1,2013-10-02 08:35:32,80.54234500,9.15863300,86440,2013-10-02 15:14:37,80.52625307,8.97430820,20463.280,23945,3.077,1|2013-10-02 08:35:32|9.15863300|80.54234500|-1;2|2013-10-02 08:58:08|8.96998700|80.52437900|-1;3|2013-10-02 11:39:38|9.06880100|80.49742900|-1;4|2013-10-02 12:00:13|9.15863300|80.54234500|-1;5|2013-10-02 13:15:50|8.96998700|80.52437900|-1;6|2013-10-02 13:33:13|9.06880100|80.49742900|-1;7|2013-10-02 13:35:20|9.06880100|80.49742900|-1;8|2013-10-02 14:59:52|8.75439200|80.49742900|-1;9|2013-10-02 15:14:37|8.97430820|80.52625307|86440
32,STAY,86440,2013-10-02 15:14:37,80.52625307,8.97430820,86440,2013-10-02 23:59:59,80.52625307,8.97430820,0.000,31522,0.000,1|2013-10-02 15:14:37|8.97430820|80.52625307|86440;2|2013-10-02 23:59:59|8.97430820|80.52625307|86440
33,STAY,58814,2013-10-02 00:00:00,80.37197332,7.98365410,58814,2013-10-02 18:22:46,80.37197332,7.98365410,0.000,66166,0.000,1|2013-10-02 00:00:00|7.98365410|80.37197332|58814;2|2013-10-02 18:22:46|7.98365410|80.37197332|58814
33,MOVE,-1,2013-10-02 18:22:46,80.37197332,7.98365410,58814,2013-10-02 19:39:49,80.37105779,7.98139840,269.116,4623,0.210,1|2013-10-02 18:22:46|7.98365410|80.37197332|-1;2|2013-10-02 18:54:33|6.71522600|80.04827400|-1;3|2013-10-02 19:39:49|7.98139840|80.37105779|58814
33,STAY,58814,2013-10-02 19:39:49,80.37105779,7.98139840,58814,2013-10-02 23:59:59,80.37105779,7.98139840,0.000,15610,0.000,1|2013-10-02 19:39:49|7.98139840|80.37105779|58814;2|2013-10-02 23:59:59|7.98139840|80.37105779|58814
34,STAY,-1,2013-10-02 00:00:00,80.12013900,6.22115500,-1,2013-10-02 13:34:49,80.12013900,6.22115500,0.000,48889,0.000,1|2013-10-02 00:00:00|6.22115500|80.12013900|-1;2|2013-10-02 13:34:49|6.22115500|80.12013900|-1
34,MOVE,-1,2013-10-02 13:34:49,80.12013900,6.22115500,-1,2013-10-02 14:59:45,80.12013900,6.22115500,0.000,5096,0.000,1|2013-10-02 13:34:49|6.22115500|80.12013900|-1;2|2013-10-02 14:19:01|6.23912100|80.10217200|-1;3|2013-10-02 14:59:45|6.22115500|80.12013900|-1
34,STAY,-1,2013-10-02 14:59:45,80.12013900,6.22115500,-1,2013-10-02 16:03:30,80.12013900,6.22115500,0.000,3825,0.000,1|2013-10-02 14:59:45|6.22115500|80.12013900|-1;2|2013-10-02 16:03:30|6.22115500|80.12013900|-1
34,MOVE,-1,2013-10-02 16:03:30,80.12013900,6.22115500,-1,2013-10-02 18:32:11,80.12013900,6.22115500,0.000,8921,0.000,1|2013-10-02 16:03:30|6.22115500|80.12013900|-1;2|2013-10-02 17:09:06|6.24810400|80.05725700|-1;3|2013-10-02 17:38:41|6.23912100|80.05725700|-1;4|2013-10-02 18:19:17|6.23912100|80.10217200|-1;5|2013-10-02 18:32:11|6.22115500|80.12013900|-1
34,STAY,-1,2013-10-02 18:32:11,80.12013900,6.22115500,-1,2013-10-02 23:59:59,80.12013900,6.22115500,0.000,19668,0.000,1|2013-10-02 18:32:11|6.22115500|80.12013900|-1;2|2013-10-02 23:59:59|6.22115500|80.12013900|-1
35,STAY,27911,2013-10-02 00:00:00,80.10125909,6.89506225,27911,2013-10-02 06:51:16,80.10125909,6.89506225,0.000,24676,0.000,1|2013-10-02 00:00:00|6.89506225|80.10125909|27911;2|2013-10-02 06:51:16|6.89506225|80.10125909|27911
35,MOVE,-1,2013-10-02 06:51:16,80.10125909,6.89506225,-1,2013-10-02 13:53:40,80.16505400,6.85895600,8103.005,25344,1.151,1|2013-10-02 06:51:16|6.89506225|80.10125909|-1;2|2013-10-02 07:19:12|6.85895600|80.16505400|-1;3|2013-10-02 11:25:32|6.92183800|80.15607100|-1;4|2013-10-02 13:53:40|6.85895600|80.16505400|-1
35,STAY,-1,2013-10-02 13:53:40,80.16505400,6.85895600,-1,2013-10-02 23:59:59,80.16505400,6.85895600,0.000,36379,0.000,1|2013-10-02 13:53:40|6.85895600|80.16505400|-1;2|2013-10-02 23:59:59|6.85895600|80.16505400|-1
36,STAY,105460,2013-10-02 00:00:00,80.02278415,9.65600250,105460,2013-10-02 08:14:40,80.02278415,9.65600250,0.000,29680,0.000,1|2013-10-02 00:00:00|9.65600250|80.02278415|105460;2|2013-10-02 08:14:40|9.65600250|80.02278415|105460
36,MOVE,-1,2013-10-02 08:14:40,80.02278415,9.65600250,-1,2013-10-02 08:19:40,80.03030800,9.65270400,902.770,300,10.833,1|2013-10-02 08:14:40|9.65600250|80.02278415|-1;2|2013-10-02 08:19:40|9.65270400|80.03030800|-1
36,STAY,-1,2013-10-02 08:19:40,80.03030800,9.65270400,-1,2013-10-02 16:47:53,80.03030800,9.65270400,0.000,30493,0.000,1|2013-10-02 08:19:40|9.65270400|80.03030800|-1;2|2013-10-02 16:47:53|9.65270400|80.03030800|-1
36,MOVE,-1,2013-10-02 16:47:53,80.03030800,9.65270400,105460,2013-10-02 19:01:05,80.02278415,9.65600250,902.770,7992,0.407,1|2013-10-02 16:47:53|9.65270400|80.03030800|-1;2|2013-10-02 16:52:53|9.65270400|80.02132400|-1;3|2013-10-02 17:19:51|9.66168700|80.03929100|-1;4|2013-10-02 19:01:05|9.65600250|80.02278415|105460
36,STAY,105460,2013-10-02 19:01:05,80.02278415,9.65600250,105460,2013-10-02 19:28:56,80.02278415,9.65600250,0.000,1671,0.000,1|2013-10-02 19:01:05|9.65600250|80.02278415|105460;2|2013-10-02 19:28:56|9.65600250|80.02278415|105460
36,MOVE,-1,2013-10-02 19:28:56,80.02278415,9.65600250,105460,2013-10-02 20:52:41,80.02278415,9.65600250,0.000,5025,0.000,1|2013-10-02 19:28:56|9.65600250|80.02278415|-1;2|2013-10-02 19:54:04|9.65270400|80.03030800|-1;3|2013-10-02 20:52:41|9.65600250|80.02278415|105460
36,STAY,105460,2013-10-02 20:52:41,80.02278415,9.65600250,105460,2013-10-02 23:59:59,80.02278415,9.65600250,0.000,11238,0.000,1|2013-10-02 20:52:41|9.65600250|80.02278415|105460;2|2013-10-02 23:59:59|9.65600250|80.02278415|105460
37,STAY,27797,2013-10-02 00:00:00,81.35079075,6.86312735,27797,2013-10-02 17:34:34,81.35079075,6.86312735,0.000,63274,0.000,1|2013-10-02 00:00:00|6.86312735|81.35079075|27797;2|2013-10-02 17:34:34|6.86312735|81.35079075|27797
37,MOVE,-1,2013-10-02 17:34:34,81.35079075,6.86312735,28788,2013-10-02 20:59:25,81.23230360,6.89613620,13594.863,12291,3.982,1|2013-10-02 17:34:34|6.86312735|81.35079075|-1;2|2013-10-02 19:14:53|6.89488800|81.24302800|-1;3|2013-10-02 20:59:25|6.89613620|81.23230360|28788
37,STAY,28788,2013-10-02 20:59:25,81.23230360,6.89613620,28788,2013-10-02 23:59:59,81.23230360,6.89613620,0.000,10834,0.000,1|2013-10-02 20:59:25|6.89613620|81.23230360|28788;2|2013-10-02 23:59:59|6.89613620|81.23230360|28788
38,STAY,32045,2013-10-02 00:00:00,81.13227040,7.04315775,32045,2013-10-02 06:55:51,81.13227040,7.04315775,0.000,24951,0.000,1|2013-10-02 00:00:00|7.04315775|81.13227040|32045;2|2013-10-02 06:55:51|7.04315775|81.13227040|32045
38,MOVE,-1,2013-10-02 06:55:51,81.13227040,7.04315775,-1,2013-10-02 08:18:34,81.00946700,6.99370300,14629.459,4963,10.612,1|2013-10-02 06:55:51|7.04315775|81.13227040|-1;2|2013-10-02 08:18:34|6.99370300|81.00946700|-1
38,STAY,-1,2013-10-02 08:18:34,81.00946700,6.99370300,-1,2013-10-02 09:12:15,81.00946700,6.99370300,0.000,3221,0.000,1|2013-10-02 08:18:34|6.99370300|81.00946700|-1;2|2013-10-02 09:12:15|6.99370300|81.00946700|-1
38,MOVE,-1,2013-10-02 09:12:15,81.00946700,6.99370300,29012,2013-10-02 22:00:52,80.98462465,6.90266545,10435.463,46117,0.815,1|2013-10-02 09:12:15|6.99370300|81.00946700|-1;2|2013-10-02 09:31:42|6.91285500|80.98251700|-1;3|2013-10-02 09:44:37|6.94878700|81.16218000|-1;4|2013-10-02 10:09:20|7.41590900|81.82693000|-1;5|2013-10-02 10:21:49|7.41590900|81.82693000|-1;6|2013-10-02 10:30:13|6.91285500|80.98251700|-1;7|2013-10-02 12:00:41|6.98471900|81.05438200|-1;8|2013-10-02 14:31:40|6.98471900|81.04539900|-1;9|2013-10-02 14:44:51|6.91285500|80.98251700|-1;10|2013-10-02 15:09:30|6.99370300|81.00946700|-1;11|2013-10-02 15:56:47|6.93980400|80.99150100|-1;12|2013-10-02 18:21:22|6.98471900|81.05438200|-1;13|2013-10-02 22:00:52|6.90266545|80.98462465|29012
38,STAY,29012,2013-10-02 22:00:52,80.98462465,6.90266545,29012,2013-10-02 23:59:59,80.98462465,6.90266545,0.000,7147,0.000,1|2013-10-02 22:00:52|6.90266545|80.98462465|29012;2|2013-10-02 23:59:59|6.90266545|80.98462465|29012
39,STAY,-1,2013-10-01 00:00:00,79.85962800,6.84099000,-1,2013-10-01 23:59:59,79.85962800,6.84099000,0.000,86399,0.000,1|2013-10-01 00:00:00|6.84099000|79.85962800|-1;2|2013-10-01 23:59:59|6.84099000|79.85962800|-1
40,STAY,68354,2013-10-02 00:00:00,80.39033825,8.33432690,68354,2013-10-02 23:59:59,80.39033825,8.33432690,0.000,86399,0.000,1|2013-10-02 00:00:00|8.33432690|80.39033825|68354;2|2013-10-02 23:59:59|8.33432690|80.39033825|68354
41,STAY,38676,2013-10-02 00:00:00,79.85862429,7.26560440,38676,2013-10-02 12:08:24,79.85862429,7.26560440,0.000,43704,0.000,1|2013-10-02 00:00:00|7.26560440|79.85862429|38676;2|2013-10-02 12:08:24|7.26560440|79.85862429|38676
41,MOVE,-1,2013-10-02 12:08:24,79.85862429,7.26560440,37169,2013-10-02 16:29:30,79.85194111,7.20630960,6598.931,15666,1.516,1|2013-10-02 12:08:24|7.26560440|79.85862429|-1;2|2013-10-02 16:29:30|7.20630960|79.85194111|37169
41,STAY,37169,2013-10-02 16:29:30,79.85194111,7.20630960,37169,2013-10-02 23:59:59,79.85194111,7.20630960,0.000,27029,0.000,1|2013-10-02 16:29:30|7.20630960|79.85194111|37169;2|2013-10-02 23:59:59|7.20630960|79.85194111|37169
42,STAY,-1,2013-10-02 00:00:00,80.73099000,7.28116200,-1,2013-10-02 23:59:59,80.73099000,7.28116200,0.000,86399,0.000,1|2013-10-02 00:00:00|7.28116200|80.73099000|-1;2|2013-10-02 23:59:59|7.28116200|80.73099000|-1
43,STAY,107971,2013-10-02 00:00:00,80.02731555,9.73792085,107971,2013-10-02 09:46:11,80.02731555,9.73792085,0.000,35171,0.000,1|2013-10-02 00:00:00|9.73792085|80.02731555|107971;2|2013-10-02 09:46:11|9.73792085|80.02731555|107971
43,MOVE,-1,2013-10-02 09:46:11,80.02731555,9.73792085,107971,2013-10-02 14:39:52,80.03389940,9.74472365,1043.088,17621,0.213,1|2013-10-02 09:46:11|9.73792085|80.02731555|-1;2|2013-10-02 10:20:40|9.72456900|80.02132400|-1;3|2013-10-02 13:04:29|9.66168700|80.01234100|-1;4|2013-10-02 13:23:24|9.78745000|80.07522300|-1;5|2013-10-02 14:39:52|9.74472365|80.03389940|107971
43,STAY,107971,2013-10-02 14:39:52,80.03389940,9.74472365,107971,2013-10-02 18:53:07,80.03389940,9.74472365,0.000,15195,0.000,1|2013-10-02 14:39:52|9.74472365|80.03389940|107971;2|2013-10-02 18:53:07|9.74472365|80.03389940|107971
43,MOVE,-1,2013-10-02 18:53:07,80.03389940,9.74472365,-1,2013-10-02 23:41:44,80.07522300,9.78745000,6549.000,17317,1.361,1|2013-10-02 18:53:07|9.74472365|80.03389940|-1;2|2013-10-02 19:02:15|9.76948400|80.03030800|-1;3|2013-10-02 20:00:02|9.74253500|80.03030800|-1;4|2013-10-02 23:41:44|9.78745000|80.07522300|-1
43,STAY,-1,2013-10-02 23:41:44,80.07522300,9.78745000,-1,2013-10-02 23:59:59,80.07522300,9.78745000,0.000,1095,0.000,1|2013-10-02 23:41:44|9.78745000|80.07522300|-1;2|2013-10-02 23:59:59|9.78745000|80.07522300|-1
44,STAY,105460,2013-10-01 00:00:00,80.02278415,9.65600250,105460,2013-10-01 23:59:59,80.02278415,9.65600250,0.000,86399,0.000,1|2013-10-01 00:00:00|9.65600250|80.02278415|105460;2|2013-10-01 23:59:59|9.65600250|80.02278415|105460
45,STAY,30909,2013-10-02 00:00:00,79.98380005,6.98327135,30909,2013-10-02 23:59:59,79.98380005,6.98327135,0.000,86399,0.000,1|2013-10-02 00:00:00|6.98327135|79.98380005|30909;2|2013-10-02 23:59:59|6.98327135|79.98380005|30909
46,STAY,43162,2013-10-02 00:00:00,81.82317310,7.41567460,43162,2013-10-02 04:08:39,81.82317310,7.41567460,0.000,14919,0.000,1|2013-10-02 00:00:00|7.41567460|81.82317310|43162;2|2013-10-02 04:08:39|7.41567460|81.82317310|43162
46,MOVE,-1,2013-10-02 04:08:39,81.82317310,7.41567460,41658,2013-10-02 19:55:12,81.84488516,7.36091055,6513.602,56793,0.413,1|2013-10-02 04:08:39|7.41567460|81.82317310|-1;2|2013-10-02 04:45:04|7.36201000|81.79998100|-1;3|2013-10-02 06:54:48|7.29014500|81.86286200|-1;4|2013-10-02 18:41:14|7.36201000|81.79998100|-1;5|2013-10-02 19:55:12|7.36091055|81.84488516|41658
46,STAY,41658,2013-10-02 19:55:12,81.84488516,7.36091055,41658,2013-10-02 23:59:59,81.84488516,7.36091055,0.000,14687,0.000,1|2013-10-02 19:55:12|7.36091055|81.84488516|41658;2|2013-10-02 23:59:59|7.36091055|81.84488516|41658
47,STAY,86873,2013-10-02 00:00:00,79.90233514,8.99025365,86873,2013-10-02 03:30:47,79.90233514,8.99025365,0.000,12647,0.000,1|2013-10-02 00:00:00|8.99025365|79.90233514|86873;2|2013-10-02 03:30:47|8.99025365|79.90233514|86873
47,MOVE,-1,2013-10-02 03:30:47,79.90233514,8.99025365,86873,2013-10-02 05:58:23,79.90233514,8.99025365,0.000,8856,0.000,1|2013-10-02 03:30:47|8.99025365|79.90233514|-1;2|2013-10-02 03:50:37|8.97897000|79.90454400|-1;3|2013-10-02 05:58:23|8.99025365|79.90233514|86873
47,STAY,86873,2013-10-02 05:58:23,79.90233514,8.99025365,86873,2013-10-02 07:46:32,79.90233514,8.99025365,0.000,6489,0.000,1|2013-10-02 05:58:23|8.99025365|79.90233514|86873;2|2013-10-02 07:46:32|8.99025365|79.90233514|86873
47,MOVE,-1,2013-10-02 07:46:32,79.90233514,8.99025365,-1,2013-10-02 08:22:24,79.90454400,8.97897000,1271.404,2152,2.127,1|2013-10-02 07:46:32|8.99025365|79.90233514|-1;2|2013-10-02 08:22:24|8.97897000|79.90454400|-1
47,STAY,-1,2013-10-02 08:22:24,79.90454400,8.97897000,-1,2013-10-02 22:34:12,79.90454400,8.97897000,0.000,51108,0.000,1|2013-10-02 08:22:24|8.97897000|79.90454400|-1;2|2013-10-02 22:34:12|8.97897000|79.90454400|-1
47,MOVE,-1,2013-10-02 22:34:12,79.90454400,8.97897000,86873,2013-10-02 22:39:12,79.90233514,8.99025365,1271.404,300,15.257,1|2013-10-02 22:34:12|8.97897000|79.90454400|-1;2|2013-10-02 22:39:12|8.99025365|79.90233514|86873
47,STAY,86873,2013-10-02 22:39:12,79.90233514,8.99025365,86873,2013-10-02 23:59:59,79.90233514,8.99025365,0.000,4847,0.000,1|2013-10-02 22:39:12|8.99025365|79.90233514|86873;2|2013-10-02 23:59:59|8.99025365|79.90233514|86873
48,STAY,5592,2013-10-02 00:00:00,80.27935973,6.07973065,5592,2013-10-02 06:37:16,80.27935973,6.07973065,0.000,23836,0.000,1|2013-10-02 00:00:00|6.07973065|80.27935973|5592;2|2013-10-02 06:37:16|6.07973065|80.27935973|5592
48,MOVE,-1,2013-10-02 06:37:16,80.27935973,6.07973065,-1,2013-10-02 16:38:23,80.14708800,6.14929000,16538.963,36067,1.651,1|2013-10-02 06:37:16|6.07973065|80.27935973|-1;2|2013-10-02 16:38:23|6.14929000|80.14708800|-1
48,STAY,-1,2013-10-02 16:38:23,80.14708800,6.14929000,-1,2013-10-02 23:59:59,80.14708800,6.14929000,0.000,26496,0.000,1|2013-10-02 16:38:23|6.14929000|80.14708800|-1;2|2013-10-02 23:59:59|6.14929000|80.14708800|-1
49,STAY,11601,2013-10-02 00:00:00,80.16197790,6.28922870,11601,2013-10-02 23:59:59,80.16197790,6.28922870,0.000,86399,0.000,1|2013-10-02 00:00:00|6.28922870|80.16197790|11601;2|2013-10-02 23:59:59|6.28922870|80.16197790|11601
50,STAY,-1,2013-10-02 00:00:00,81.22506100,7.16438200,-1,2013-10-02 09:03:22,81.22506100,7.16438200,0.000,32602,0.000,1|2013-10-02 00:00:00|7.16438200|81.22506100|-1;2|2013-10-02 09:03:22|7.16438200|81.22506100|-1
50,MOVE,-1,2013-10-02 09:03:22,81.22506100,7.16438200,41558,2013-10-02 09:15:22,80.89867690,7.38975740,43821.025,720,219.105,1|2013-10-02 09:03:22|7.16438200|81.22506100|-1;2|2013-10-02 09:10:15|7.16438200|81.22506100|-1;3|2013-10-02 09:15:22|7.38975740|80.89867690|41558
50,STAY,41558,2013-10-02 09:15:22,80.89867690,7.38975740,41558,2013-10-02 09:38:37,80.89867690,7.38975740,0.000,1395,0.000,1|2013-10-02 09:15:22|7.38975740|80.89867690|41558;2|2013-10-02 09:38:37|7.38975740|80.89867690|41558
50,MOVE,-1,2013-10-02 09:38:37,80.89867690,7.38975740,-1,2013-10-02 10:34:16,81.22506100,7.16438200,43821.025,3339,47.246,1|2013-10-02 09:38:37|7.38975740|80.89867690|-1;2|2013-10-02 10:01:45|7.18234800|80.69505800|-1;3|2013-10-02 10:18:20|7.24523000|80.47946300|-1;4|2013-10-02 10:34:16|7.16438200|81.22506100|-1
50,STAY,-1,2013-10-02 10:34:16,81.22506100,7.16438200,-1,2013-10-02 11:39:49,81.22506100,7.16438200,0.000,3933,0.000,1|2013-10-02 10:34:16|7.16438200|81.22506100|-1;2|2013-10-02 11:39:49|7.16438200|81.22506100|-1
50,MOVE,-1,2013-10-02 11:39:49,81.22506100,7.16438200,41558,2013-10-02 12:52:07,80.89841452,7.38162580,43340.217,4338,35.967,1|2013-10-02 11:39:49|7.16438200|81.22506100|-1;2|2013-10-02 12:52:07|7.38162580|80.89841452|41558
50,STAY,41558,2013-10-02 12:52:07,80.89841452,7.38162580,41558,2013-10-02 14:38:32,80.89841452,7.38162580,0.000,6385,0.000,1|2013-10-02 12:52:07|7.38162580|80.89841452|41558;2|2013-10-02 14:38:32|7.38162580|80.89841452|41558
50,MOVE,-1,2013-10-02 14:38:32,80.89841452,7.38162580,-1,2013-10-02 18:34:59,80.68607500,7.29912800,25157.760,14187,6.384,1|2013-10-02 14:38:32|7.38162580|80.89841452|-1;2|2013-10-02 18:23:48|7.28116200|80.73099000|-1;3|2013-10-02 18:34:59|7.29912800|80.68607500|-1
50,STAY,-1,2013-10-02 18:34:59,80.68607500,7.29912800,-1,2013-10-02 23:59:59,80.68607500,7.29912800,0.000,19500,0.000,1|2013-10-02 18:34:59|7.29912800|80.68607500|-1;2|2013-10-02 23:59:59|7.29912800|80.68607500|-1
51,STAY,65838,2013-10-02 00:00:00,80.35124893,8.23524135,65838,2013-10-02 23:59:59,80.35124893,8.23524135,0.000,86399,0.000,1|2013-10-02 00:00:00|8.23524135|80.35124893|65838;2|2013-10-02 23:59:59|8.23524135|80.35124893|65838
52,STAY,28134,2013-10-02 00:00:00,79.85980330,6.88279000,28134,2013-10-02 08:19:33,79.85980330,6.88279000,0.000,29973,0.000,1|2013-10-02 00:00:00|6.88279000|79.85980330|28134;2|2013-10-02 08:19:33|6.88279000|79.85980330|28134
52,MOVE,-1,2013-10-02 08:19:33,79.85980330,6.88279000,32415,2013-10-02 20:28:51,79.98493231,7.03302385,21615.658,43758,1.778,1|2013-10-02 08:19:33|6.88279000|79.85980330|-1;2|2013-10-02 11:02:44|6.90387100|79.85064500|-1;3|2013-10-02 12:11:32|6.88590500|79.85962800|-1;4|2013-10-02 14:13:58|6.93082100|79.85064500|-1;5|2013-10-02 15:42:37|7.04760100|80.00335800|-1;6|2013-10-02 16:21:45|7.03861800|79.98539200|-1;7|2013-10-02 16:53:45|6.93082100|79.85962800|-1;8|2013-10-02 20:28:51|7.03302385|79.98493231|32415
52,STAY,32415,2013-10-02 20:28:51,79.98493231,7.03302385,32415,2013-10-02 23:59:59,79.98493231,7.03302385,0.000,12668,0.000,1|2013-10-02 20:28:51|7.03302385|79.98493231|32415;2|2013-10-02 23:59:59|7.03302385|79.98493231|32415
53,STAY,65774,2013-10-02 00:00:00,79.73633580,8.22832850,65774,2013-10-02 23:59:59,79.73633580,8.22832850,0.000,86399,0.000,1|2013-10-02 00:00:00|8.22832850|79.73633580|65774;2|2013-10-02 23:59:59|8.22832850|79.73633580|65774
54,STAY,28896,2013-10-02 00:00:00,79.94308511,6.91638485,28896,2013-10-02 23:59:59,79.94308511,6.91638485,0.000,86399,0.000,1|2013-10-02 00:00:00|6.91638485|79.94308511|28896;2|2013-10-02 23:59:59|6.91638485|79.94308511|28896
55,STAY,57597,2013-10-02 00:00:00,80.72097224,7.92902335,57597,2013-10-02 23:59:59,80.72097224,7.92902335,0.000,86399,0.000,1|2013-10-02 00:00:00|7.92902335|80.72097224|57597;2|2013-10-02 23:59:59|7.92902335|80.72097224|57597
56,STAY,28886,2013-10-02 00:00:00,79.84896154,6.91009775,28886,2013-10-02 23:59:59,79.84896154,6.91009775,0.000,86399,0.000,1|2013-10-02 00:00:00|6.91009775|79.84896154|28886;2|2013-10-02 23:59:59|6.91009775|79.84896154|28886
57,STAY,30898,2013-10-02 00:00:00,79.88651545,6.98519300,30898,2013-10-02 08:45:56,79.88651545,6.98519300,0.000,31556,0.000,1|2013-10-02 00:00:00|6.98519300|79.88651545|30898;2|2013-10-02 08:45:56|6.98519300|79.88651545|30898
57,MOVE,-1,2013-10-02 08:45:56,79.88651545,6.98519300,29640,2013-10-02 10:12:23,79.86147074,6.93623960,6080.165,5187,4.220,1|2013-10-02 08:45:56|6.98519300|79.88651545|-1;2|2013-10-02 10:12:23|6.93623960|79.86147074|29640
57,STAY,29640,2013-10-02 10:12:23,79.86147074,6.93623960,29640,2013-10-02 17:09:02,79.86147074,6.93623960,0.000,24999,0.000,1|2013-10-02 10:12:23|6.93623960|79.86147074|29640;2|2013-10-02 17:09:02|6.93623960|79.86147074|29640
57,MOVE,-1,2013-10-02 17:09:02,79.86147074,6.93623960,30897,2013-10-02 21:43:06,79.88187952,6.98656415,6005.006,16444,1.315,1|2013-10-02 17:09:02|6.93623960|79.86147074|-1;2|2013-10-02 19:35:28|6.94878700|79.85962800|-1;3|2013-10-02 19:49:09|6.97573600|79.87759500|-1;4|2013-10-02 21:43:06|6.98656415|79.88187952|30897
57,STAY,30897,2013-10-02 21:43:06,79.88187952,6.98656415,30897,2013-10-02 23:59:59,79.88187952,6.98656415,0.000,8213,0.000,1|2013-10-02 21:43:06|6.98656415|79.88187952|30897;2|2013-10-02 23:59:59|6.98656415|79.88187952|30897
58,STAY,33664,2013-10-02 00:00:00,79.93365160,7.08706820,33664,2013-10-02 06:24:54,79.93365160,7.08706820,0.000,23094,0.000,1|2013-10-02 00:00:00|7.08706820|79.93365160|33664;2|2013-10-02 06:24:54|7.08706820|79.93365160|33664
58,MOVE,-1,2013-10-02 06:24:54,79.93365160,7.08706820,31906,2013-10-02 09:05:22,79.91834151,7.01660460,7974.110,9628,2.982,1|2013-10-02 06:24:54|7.08706820|79.93365160|-1;2|2013-10-02 06:56:23|7.01166900|79.93149300|-1;3|2013-10-02 07:07:53|7.01166900|79.93149300|-1;4|2013-10-02 07:44:33|7.11946600|79.93149300|-1;5|2013-10-02 09:05:22|7.01660460|79.91834151|31906
58,STAY,31906,2013-10-02 09:05:22,79.91834151,7.01660460,31906,2013-10-02 18:06:05,79.91834151,7.01660460,0.000,32443,0.000,1|2013-10-02 09:05:22|7.01660460|79.91834151|31906;2|2013-10-02 18:06:05|7.01660460|79.91834151|31906
58,MOVE,-1,2013-10-02 18:06:05,79.91834151,7.01660460,35421,2013-10-02 19:53:11,79.92505259,7.14536150,14258.663,6426,7.988,1|2013-10-02 18:06:05|7.01660460|79.91834151|-1;2|2013-10-02 18:49:46|7.14641500|79.93149300|-1;3|2013-10-02 19:26:46|7.11946600|79.93149300|-1;4|2013-10-02 19:53:11|7.14536150|79.92505259|35421
58,STAY,35421,2013-10-02 19:53:11,79.92505259,7.14536150,35421,2013-10-02 20:30:41,79.92505259,7.14536150,0.000,2250,0.000,1|2013-10-02 19:53:11|7.14536150|79.92505259|35421;2|2013-10-02 20:30:41|7.14536150|79.92505259|35421
58,MOVE,-1,2013-10-02 20:30:41,79.92505259,7.14536150,33664,2013-10-02 23:52:34,79.93401762,7.09347415,5823.123,12113,1.731,1|2013-10-02 20:30:41|7.14536150|79.92505259|-1;2|2013-10-02 21:25:04|7.20929700|79.85064500|-1;3|2013-10-02 23:01:57|7.01166900|79.93149300|-1;4|2013-10-02 23:52:34|7.09347415|79.93401762|33664
58,STAY,33664,2013-10-02 23:52:34,79.93401762,7.09347415,33664,2013-10-02 23:59:59,79.93401762,7.09347415,0.000,445,0.000,1|2013-10-02 23:52:34|7.09347415|79.93401762|33664;2|2013-10-02 23:59:59|7.09347415|79.93401762|33664
59,STAY,-1,2013-10-02 00:00:00,81.85387900,7.10150000,-1,2013-10-02 12:27:28,81.85387900,7.10150000,0.000,44848,0.000,1|2013-10-02 00:00:00|7.10150000|81.85387900|-1;2|2013-10-02 12:27:28|7.10150000|81.85387900|-1
59,MOVE,-1,2013-10-02 12:27:28,81.85387900,7.10150000,37642,2013-10-02 16:56:52,81.84572050,7.21658120,12758.870,16164,2.842,1|2013-10-02 12:27:28|7.10150000|81.85387900|-1;2|2013-10-02 15:28:06|7.23624700|81.85387900|-1;3|2013-10-02 15:36:34|7.22726300|81.85387900|-1;4|2013-10-02 16:56:52|7.21658120|81.84572050|37642
59,STAY,37642,2013-10-02 16:56:52,81.84572050,7.21658120,37642,2013-10-02 17:14:54,81.84572050,7.21658120,0.000,1082,0.000,1|2013-10-02 16:56:52|7.21658120|81.84572050|37642;2|2013-10-02 17:14:54|7.21658120|81.84572050|37642
59,MOVE,-1,2013-10-02 17:14:54,81.84572050,7.21658120,38145,2013-10-02 18:12:11,81.85167669,7.23199675,1827.341,3437,1.914,1|2013-10-02 17:14:54|7.21658120|81.84572050|-1;2|2013-10-02 17:59:45|7.21828000|81.85387900|-1;3|2013-10-02 18:12:11|7.23199675|81.85167669|38145
59,STAY,38145,2013-10-02 18:12:11,81.85167669,7.23199675,38145,2013-10-02 20:05:07,81.85167669,7.23199675,0.000,6776,0.000,1|2013-10-02 18:12:11|7.23199675|81.85167669|38145;2|2013-10-02 20:05:07|7.23199675|81.85167669|38145
59,MOVE,-1,2013-10-02 20:05:07,81.85167669,7.23199675,38145,2013-10-02 20:54:35,81.85167669,7.23199675,0.000,2968,0.000,1|2013-10-02 20:05:07|7.23199675|81.85167669|-1;2|2013-10-02 20:08:55|7.22726300|81.85387900|-1;3|2013-10-02 20:17:56|7.22726300|81.85387900|-1;4|2013-10-02 20:46:00|7.21828000|81.85387900|-1;5|2013-10-02 20:49:49|7.21828000|81.85387900|-1;6|2013-10-02 20:54:35|7.23199675|81.85167669|38145
59,STAY,38145,2013-10-02 20:54:35,81.85167669,7.23199675,38145,2013-10-02 23:59:59,81.85167669,7.23199675,0.000,11124,0.000,1|2013-10-02 20:54:35|7.23199675|81.85167669|38145;2|2013-10-02 23:59:59|7.23199675|81.85167669|38145
60,STAY,-1,2013-10-02 00:00:00,80.56929400,7.84709800,-1,2013-10-02 11:06:56,80.56929400,7.84709800,0.000,40016,0.000,1|2013-10-02 00:00:00|7.84709800|80.56929400|-1;2|2013-10-02 11:06:56|7.84709800|80.56929400|-1
60,MOVE,-1,2013-10-02 11:06:56,80.56929400,7.84709800,-1,2013-10-02 14:41:44,80.56929400,7.84709800,0.000,12888,0.000,1|2013-10-02 11:06:56|7.84709800|80.56929400|-1;2|2013-10-02 12:37:21|7.42489200|80.46149700|-1;3|2013-10-02 12:49:46|7.42489200|80.46149700|-1;4|2013-10-02 13:12:15|7.84709800|80.56929400|-1;5|2013-10-02 13:42:15|7.41590900|80.47048000|-1;6|2013-10-02 14:41:44|7.84709800|80.56929400|-1
60,STAY,-1,2013-10-02 14:41:44,80.56929400,7.84709800,-1,2013-10-02 19:32:26,80.56929400,7.84709800,0.000,17442,0.000,1|2013-10-02 14:41:44|7.84709800|80.56929400|-1;2|2013-10-02 19:32:26|7.84709800|80.56929400|-1
60,MOVE,-1,2013-10-02 19:32:26,80.56929400,7.84709800,-1,2013-10-02 20:39:27,80.46149700,7.42489200,48184.496,4021,43.140,1|2013-10-02 19:32:26|7.84709800|80.56929400|-1;2|2013-10-02 20:39:27|7.42489200|80.46149700|-1
60,STAY,-1,2013-10-02 20:39:27,80.46149700,7.42489200,-1,2013-10-02 23:59:59,80.46149700,7.42489200,0.000,12032,0.000,1|2013-10-02 20:39:27|7.42489200|80.46149700|-1;2|2013-10-02 23:59:59|7.42489200|80.46149700|-1
61,STAY,16100,2013-10-02 00:00:00,79.98002600,6.45324705,16100,2013-10-02 06:07:02,79.98002600,6.45324705,0.000,22022,0.000,1|2013-10-02 00:00:00|6.45324705|79.98002600|16100;2|2013-10-02 06:07:02|6.45324705|79.98002600|16100
61,MOVE,-1,2013-10-02 06:07:02,79.98002600,6.45324705,16100,2013-10-02 09:25:40,79.98086483,6.45347315,96.100,11918,0.029,1|2013-10-02 06:07:02|6.45324705|79.98002600|-1;2|2013-10-02 06:13:10|6.42776600|80.00335800|-1;3|2013-10-02 07:37:08|6.45471600|79.98539200|-1;4|2013-10-02 07:41:08|6.45471600|79.98539200|-1;5|2013-10-02 08:55:22|6.44573300|79.99437500|-1;6|2013-10-02 09:25:40|6.45347315|79.98086483|16100
61,STAY,16100,2013-10-02 09:25:40,79.98086483,6.45347315,16100,2013-10-02 12:43:27,79.98086483,6.45347315,0.000,11867,0.000,1|2013-10-02 09:25:40|6.45347315|79.98086483|16100;2|2013-10-02 12:43:27|6.45347315|79.98086483|16100
61,MOVE,-1,2013-10-02 12:43:27,79.98086483,6.45347315,16100,2013-10-02 16:07:47,79.97995465,6.45218255,174.664,12260,0.051,1|2013-10-02 12:43:27|6.45347315|79.98086483|-1;2|2013-10-02 12:49:40|6.41878300|80.00335800|-1;3|2013-10-02 13:15:50|6.45471600|79.98539200|-1;4|2013-10-02 13:25:09|6.45471600|79.98539200|-1;5|2013-10-02 13:30:05|6.45471600|79.98539200|-1;6|2013-10-02 13:43:51|6.42776600|80.00335800|-1;7|2013-10-02 14:37:57|6.44573300|79.99437500|-1;8|2013-10-02 16:07:47|6.45218255|79.97995465|16100
61,STAY,16100,2013-10-02 16:07:47,79.97995465,6.45218255,16100,2013-10-02 18:17:55,79.97995465,6.45218255,0.000,7808,0.000,1|2013-10-02 16:07:47|6.45218255|79.97995465|16100;2|2013-10-02 18:17:55|6.45218255|79.97995465|16100
61,MOVE,-1,2013-10-02 18:17:55,79.97995465,6.45218255,16100,2013-10-02 19:04:56,79.98011311,6.45363770,161.874,2821,0.207,1|2013-10-02 18:17:55|6.45218255|79.97995465|-1;2|2013-10-02 19:01:53|6.44573300|79.99437500|-1;3|2013-10-02 19:04:56|6.45363770|79.98011311|16100
61,STAY,16100,2013-10-02 19:04:56,79.98011311,6.45363770,16100,2013-10-02 23:59:59,79.98011311,6.45363770,0.000,17703,0.000,1|2013-10-02 19:04:56|6.45363770|79.98011311|16100;2|2013-10-02 23:59:59|6.45363770|79.98011311|16100
62,STAY,22634,2013-10-02 00:00:00,80.05283432,6.68864920,22634,2013-10-02 06:17:37,80.05283432,6.68864920,0.000,22657,0.000,1|2013-10-02 00:00:00|6.68864920|80.05283432|22634;2|2013-10-02 06:17:37|6.68864920|80.05283432|22634
62,MOVE,-1,2013-10-02 06:17:37,80.05283432,6.68864920,22634,2013-10-02 10:40:06,80.05283432,6.68864920,0.000,15749,0.000,1|2013-10-02 06:17:37|6.68864920|80.05283432|-1;2|2013-10-02 06:23:50|6.67031000|80.06624000|-1;3|2013-10-02 06:28:30|6.67929400|80.16505400|-1;4|2013-10-02 07:31:29|6.71522600|80.06624000|-1;5|2013-10-02 09:24:19|6.70624300|80.07522300|-1;6|2013-10-02 10:05:43|6.65234400|80.13810500|-1;7|2013-10-02 10:24:21|6.73319200|80.21895300|-1;8|2013-10-02 10:40:06|6.68864920|80.05283432|22634
62,STAY,22634,2013-10-02 10:40:06,80.05283432,6.68864920,22634,2013-10-02 11:04:31,80.05283432,6.68864920,0.000,1465,0.000,1|2013-10-02 10:40:06|6.68864920|80.05283432|22634;2|2013-10-02 11:04:31|6.68864920|80.05283432|22634
62,MOVE,-1,2013-10-02 11:04:31,80.05283432,6.68864920,21639,2013-10-02 11:25:53,80.13208569,6.68185855,8794.755,1282,24.697,1|2013-10-02 11:04:31|6.68864920|80.05283432|-1;2|2013-10-02 11:25:53|6.68185855|80.13208569|21639
62,STAY,21639,2013-10-02 11:25:53,80.13208569,6.68185855,21639,2013-10-02 11:55:33,80.13208569,6.68185855,0.000,1780,0.000,1|2013-10-02 11:25:53|6.68185855|80.13208569|21639;2|2013-10-02 11:55:33|6.68185855|80.13208569|21639
62,MOVE,-1,2013-10-02 11:55:33,80.13208569,6.68185855,22634,2013-10-02 13:50:26,80.05283432,6.68864920,8794.755,6893,4.593,1|2013-10-02 11:55:33|6.68185855|80.13208569|-1;2|2013-10-02 12:24:46|6.67031000|80.06624000|-1;3|2013-10-02 12:51:52|6.65234400|80.13810500|-1;4|2013-10-02 13:28:32|6.71522600|80.06624000|-1;5|2013-10-02 13:31:22|6.70624300|80.07522300|-1;6|2013-10-02 13:50:26|6.68864920|80.05283432|22634
62,STAY,22634,2013-10-02 13:50:26,80.05283432,6.68864920,22634,2013-10-02 15:47:53,80.05283432,6.68864920,0.000,7047,0.000,1|2013-10-02 13:50:26|6.68864920|80.05283432|22634;2|2013-10-02 15:47:53|6.68864920|80.05283432|22634
62,MOVE,-1,2013-10-02 15:47:53,80.05283432,6.68864920,-1,2013-10-02 17:47:49,80.16505400,6.67929400,12450.951,7196,6.229,1|2013-10-02 15:47:53|6.68864920|80.05283432|-1;2|2013-10-02 17:47:49|6.67929400|80.16505400|-1
62,STAY,-1,2013-10-02 17:47:49,80.16505400,6.67929400,-1,2013-10-02 23:59:59,80.16505400,6.67929400,0.000,22330,0.000,1|2013-10-02 17:47:49|6.67929400|80.16505400|-1;2|2013-10-02 23:59:59|6.67929400|80.16505400|-1
63,STAY,-1,2013-10-02 00:00:00,80.51539600,7.64947000,-1,2013-10-02 07:23:51,80.51539600,7.64947000,0.000,26631,0.000,1|2013-10-02 00:00:00|7.64947000|80.51539600|-1;2|2013-10-02 07:23:51|7.64947000|80.51539600|-1
63,MOVE,-1,2013-10-02 07:23:51,80.51539600,7.64947000,29896,2013-10-02 09:16:15,79.90089060,6.95266480,102678.121,6744,54.810,1|2013-10-02 07:23:51|7.64947000|80.51539600|-1;2|2013-10-02 09:16:15|6.95266480|79.90089060|29896
63,STAY,29896,2013-10-02 09:16:15,79.90089060,6.95266480,29896,2013-10-02 23:59:59,79.90089060,6.95266480,0.000,53024,0.000,1|2013-10-02 09:16:15|6.95266480|79.90089060|29896;2|2013-10-02 23:59:59|6.95266480|79.90089060|29896
64,STAY,-1,2013-10-02 00:00:00,79.97640900,6.98471900,-1,2013-10-02 07:38:39,79.97640900,6.98471900,0.000,27519,0.000,1|2013-10-02 00:00:00|6.98471900|79.97640900|-1;2|2013-10-02 07:38:39|6.98471900|79.97640900|-1
64,MOVE,-1,2013-10-02 07:38:39,79.97640900,6.98471900,-1,2013-10-02 11:28:42,79.97640900,6.98471900,0.000,13803,0.000,1|2013-10-02 07:38:39|6.98471900|79.97640900|-1;2|2013-10-02 09:39:12|6.94878700|79.86861200|-1;3|2013-10-02 09:41:02|6.94878700|79.86861200|-1;4|2013-10-02 11:28:42|6.98471900|79.97640900|-1
64,STAY,-1,2013-10-02 11:28:42,79.97640900,6.98471900,-1,2013-10-02 13:21:19,79.97640900,6.98471900,0.000,6757,0.000,1|2013-10-02 11:28:42|6.98471900|79.97640900|-1;2|2013-10-02 13:21:19|6.98471900|79.97640900|-1
64,MOVE,-1,2013-10-02 13:21:19,79.97640900,6.98471900,30909,2013-10-02 20:40:05,79.98380005,6.98327135,832.247,26326,0.114,1|2013-10-02 13:21:19|6.98471900|79.97640900|-1;2|2013-10-02 14:35:07|6.96675300|79.98539200|-1;3|2013-10-02 17:06:14|6.98471900|79.98539200|-1;4|2013-10-02 17:20:37|6.97573600|79.94047600|-1;5|2013-10-02 20:40:05|6.98327135|79.98380005|30909
64,STAY,30909,2013-10-02 20:40:05,79.98380005,6.98327135,30909,2013-10-02 21:14:52,79.98380005,6.98327135,0.000,2087,0.000,1|2013-10-02 20:40:05|6.98327135|79.98380005|30909;2|2013-10-02 21:14:52|6.98327135|79.98380005|30909
64,MOVE,-1,2013-10-02 21:14:52,79.98380005,6.98327135,30407,2013-10-02 23:25:06,79.98825165,6.97122220,1420.419,7814,0.654,1|2013-10-02 21:14:52|6.98327135|79.98380005|-1;2|2013-10-02 23:25:06|6.97122220|79.98825165|30407
64,STAY,30407,2013-10-02 23:25:06,79.98825165,6.97122220,30407,2013-10-02 23:59:59,79.98825165,6.97122220,0.000,2093,0.000,1|2013-10-02 23:25:06|6.97122220|79.98825165|30407;2|2013-10-02 23:59:59|6.97122220|79.98825165|30407
65,STAY,49968,2013-10-02 00:00:00,79.83464192,7.67366525,49968,2013-10-02 06:28:29,79.83464192,7.67366525,0.000,23309,0.000,1|2013-10-02 00:00:00|7.67366525|79.83464192|49968;2|2013-10-02 06:28:29|7.67366525|79.83464192|49968
65,MOVE,-1,2013-10-02 06:28:29,79.83464192,7.67366525,-1,2013-10-02 09:27:08,80.15607100,8.24235500,72191.756,10719,24.246,1|2013-10-02 06:28:29|7.67366525|79.83464192|-1;2|2013-10-02 09:27:08|8.24235500|80.15607100|-1
65,STAY,-1,2013-10-02 09:27:08,80.15607100,8.24235500,-1,2013-10-02 23:59:59,80.15607100,8.24235500,0.000,52371,0.000,1|2013-10-02 09:27:08|8.24235500|80.15607100|-1;2|2013-10-02 23:59:59|8.24235500|80.15607100|-1
66,STAY,8080,2013-10-02 00:00:00,80.11906335,6.16391740,8080,2013-10-02 16:49:26,80.11906335,6.16391740,0.000,60566,0.000,1|2013-10-02 00:00:00|6.16391740|80.11906335|8080;2|2013-10-02 16:49:26|6.16391740|80.11906335|8080
66,MOVE,-1,2013-10-02 16:49:26,80.11906335,6.16391740,7077,2013-10-02 19:08:36,80.10101076,6.13148680,4105.459,8350,1.770,1|2013-10-02 16:49:26|6.16391740|80.11906335|-1;2|2013-10-02 17:51:28|6.13132400|80.10217200|-1;3|2013-10-02 18:29:28|6.16725600|80.09318900|-1;4|2013-10-02 19:08:36|6.13148680|80.10101076|7077
66,STAY,7077,2013-10-02 19:08:36,80.10101076,6.13148680,7077,2013-10-02 20:00:18,80.10101076,6.13148680,0.000,3102,0.000,1|2013-10-02 19:08:36|6.13148680|80.10101076|7077;2|2013-10-02 20:00:18|6.13148680|80.10101076|7077
66,MOVE,-1,2013-10-02 20:00:18,80.10101076,6.13148680,7077,2013-10-02 23:31:36,80.10101076,6.13148680,0.000,12678,0.000,1|2013-10-02 20:00:18|6.13148680|80.10101076|-1;2|2013-10-02 23:19:16|6.16725600|80.09318900|-1;3|2013-10-02 23:31:36|6.13148680|80.10101076|7077
66,STAY,7077,2013-10-02 23:31:36,80.10101076,6.13148680,7077,2013-10-02 23:59:59,80.10101076,6.13148680,0.000,1703,0.000,1|2013-10-02 23:31:36|6.13148680|80.10101076|7077;2|2013-10-02 23:59:59|6.13148680|80.10101076|7077
67,STAY,37894,2013-10-02 00:00:00,81.85108079,7.22790560,37894,2013-10-02 23:59:59,81.85108079,7.22790560,0.000,86399,0.000,1|2013-10-02 00:00:00|7.22790560|81.85108079|37894;2|2013-10-02 23:59:59|7.22790560|81.85108079|37894
68,STAY,-1,2013-10-02 00:00:00,79.91352700,7.49675700,-1,2013-10-02 07:21:40,79.91352700,7.49675700,0.000,26500,0.000,1|2013-10-02 00:00:00|7.49675700|79.91352700|-1;2|2013-10-02 07:21:40|7.49675700|79.91352700|-1
68,MOVE,-1,2013-10-02 07:21:40,79.91352700,7.49675700,-1,2013-10-02 12:19:45,79.91352700,7.46082400,3973.941,17885,0.800,1|2013-10-02 07:21:40|7.49675700|79.91352700|-1;2|2013-10-02 12:19:45|7.46082400|79.91352700|-1
68,STAY,-1,2013-10-02 12:19:45,79.91352700,7.46082400,-1,2013-10-02 17:18:31,79.91352700,7.46082400,0.000,17926,0.000,1|2013-10-02 12:19:45|7.46082400|79.91352700|-1;2|2013-10-02 17:18:31|7.46082400|79.91352700|-1
68,MOVE,-1,2013-10-02 17:18:31,79.91352700,7.46082400,-1,2013-10-02 21:16:02,79.91352700,7.46082400,0.000,14251,0.000,1|2013-10-02 17:18:31|7.46082400|79.91352700|-1;2|2013-10-02 17:55:38|7.51472300|79.83267900|-1;3|2013-10-02 21:16:02|7.46082400|79.91352700|-1
68,STAY,-1,2013-10-02 21:16:02,79.91352700,7.46082400,-1,2013-10-02 23:59:59,79.91352700,7.46082400,0.000,9837,0.000,1|2013-10-02 21:16:02|7.46082400|79.91352700|-1;2|2013-10-02 23:59:59|7.46082400|79.91352700|-1
69,STAY,28134,2013-10-02 00:00:00,79.85951839,6.88271445,28134,2013-10-02 14:11:57,79.85951839,6.88271445,0.000,51117,0.000,1|2013-10-02 00:00:00|6.88271445|79.85951839|28134;2|2013-10-02 14:11:57|6.88271445|79.85951839|28134
69,MOVE,-1,2013-10-02 14:11:57,79.85951839,6.88271445,28135,2013-10-02 14:45:36,79.86632987,6.88257655,752.977,2019,1.343,1|2013-10-02 14:11:57|6.88271445|79.85951839|-1;2|2013-10-02 14:45:36|6.88257655|79.86632987|28135
69,STAY,28135,2013-10-02 14:45:36,79.86632987,6.88257655,28135,2013-10-02 23:59:59,79.86632987,6.88257655,0.000,33263,0.000,1|2013-10-02 14:45:36|6.88257655|79.86632987|28135;2|2013-10-02 23:59:59|6.88257655|79.86632987|28135
70,STAY,57397,2013-10-02 00:00:00,81.18430340,7.92158165,57397,2013-10-02 08:36:18,81.18430340,7.92158165,0.000,30978,0.000,1|2013-10-02 00:00:00|7.92158165|81.18430340|57397;2|2013-10-02 08:36:18|7.92158165|81.18430340|57397
70,MOVE,-1,2013-10-02 08:36:18,81.18430340,7.92158165,57378,2013-10-02 17:02:48,81.00309230,7.91961480,19982.337,30390,2.367,1|2013-10-02 08:36:18|7.92158165|81.18430340|-1;2|2013-10-02 08:48:04|7.90998000|81.06336500|-1;3|2013-10-02 10:13:40|7.98184500|80.96455100|-1;4|2013-10-02 10:21:09|7.92794600|81.00946700|-1;5|2013-10-02 11:15:09|7.86506400|81.11726400|-1;6|2013-10-02 11:59:47|7.90998000|81.11726400|-1;7|2013-10-02 12:41:54|7.99082800|80.91963600|-1;8|2013-10-02 12:55:49|7.90998000|81.06336500|-1;9|2013-10-02 13:00:38|7.92794600|81.00946700|-1;10|2013-10-02 15:27:49|7.93692900|81.02743300|-1;11|2013-10-02 15:30:53|7.90998000|81.06336500|-1;12|2013-10-02 15:35:21|7.90998000|81.06336500|-1;13|2013-10-02 16:39:22|7.92794600|81.02743300|-1;14|2013-10-02 17:02:48|7.91961480|81.00309230|57378
70,STAY,57378,2013-10-02 17:02:48,81.00309230,7.91961480,57378,2013-10-02 17:42:16,81.00309230,7.91961480,0.000,2368,0.000,1|2013-10-02 17:02:48|7.91961480|81.00309230|57378;2|2013-10-02 17:42:16|7.91961480|81.00309230|57378
70,MOVE,-1,2013-10-02 17:42:16,81.00309230,7.91961480,-1,2013-10-02 20:39:54,80.47048000,8.31422000,73145.858,10658,24.707,1|2013-10-02 17:42:16|7.91961480|81.00309230|-1;2|2013-10-02 17:45:32|7.92794600|81.02743300|-1;3|2013-10-02 18:40:05|8.32320300|80.35370000|-1;4|2013-10-02 19:07:08|8.22438900|80.52437900|-1;5|2013-10-02 20:39:54|8.31422000|80.47048000|-1
70,STAY,-1,2013-10-02 20:39:54,80.47048000,8.31422000,-1,2013-10-02 23:59:59,80.47048000,8.31422000,0.000,12005,0.000,1|2013-10-02 20:39:54|8.31422000|80.47048000|-1;2|2013-10-02 23:59:59|8.31422000|80.47048000|-1
71,STAY,21115,2013-10-02 00:00:00,79.94428875,6.63575555,21115,2013-10-02 15:19:26,79.94428875,6.63575555,0.000,55166,0.000,1|2013-10-02 00:00:00|6.63575555|79.94428875|21115;2|2013-10-02 15:19:26|6.63575555|79.94428875|21115
71,MOVE,-1,2013-10-02 15:19:26,79.94428875,6.63575555,21115,2013-10-02 17:25:59,79.94601290,6.63248950,408.421,7593,0.194,1|2013-10-02 15:19:26|6.63575555|79.94428875|-1;2|2013-10-02 15:46:42|6.59844600|79.96742600|-1;3|2013-10-02 17:25:59|6.63248950|79.94601290|21115
71,STAY,21115,2013-10-02 17:25:59,79.94601290,6.63248950,21115,2013-10-02 23:59:59,79.94601290,6.63248950,0.000,23640,0.000,1|2013-10-02 17:25:59|6.63248950|79.94601290|21115;2|2013-10-02 23:59:59|6.63248950|79.94601290|21115
72,STAY,33666,2013-10-02 00:00:00,79.95205297,7.08058200,33666,2013-10-02 23:59:59,79.95205297,7.08058200,0.000,86399,0.000,1|2013-10-02 00:00:00|7.08058200|79.95205297|33666;2|2013-10-02 23:59:59|7.08058200|79.95205297|33666
73,STAY,73211,2013-10-02 00:00:00,81.19462625,8.47934910,73211,2013-10-02 06:33:14,81.19462625,8.47934910,0.000,23594,0.000,1|2013-10-02 00:00:00|8.47934910|81.19462625|73211;2|2013-10-02 06:33:14|8.47934910|81.19462625|73211
73,MOVE,-1,2013-10-02 06:33:14,81.19462625,8.47934910,73211,2013-10-02 16:06:00,81.19382573,8.47968960,95.854,34366,0.010,1|2013-10-02 06:33:14|8.47934910|81.19462625|-1;2|2013-10-02 06:33:29|8.50286500|81.18014600|-1;3|2013-10-02 09:28:52|8.52981500|81.19811200|-1;4|2013-10-02 10:27:12|8.50286500|81.17116300|-1;5|2013-10-02 11:36:36|8.50286500|81.18014600|-1;6|2013-10-02 12:07:59|6.93082100|79.86861200|-1;7|2013-10-02 13:40:28|8.50286500|81.18014600|-1;8|2013-10-02 15:19:57|8.52981500|81.19811200|-1;9|2013-10-02 16:06:00|8.47968960|81.19382573|73211
73,STAY,73211,2013-10-02 16:06:00,81.19382573,8.47968960,73211,2013-10-02 23:59:59,81.19382573,8.47968960,0.000,28439,0.000,1|2013-10-02 16:06:00|8.47968960|81.19382573|73211;2|2013-10-02 23:59:59|8.47968960|81.19382573|73211
74,STAY,-1,2013-10-02 00:00:00,80.71302400,7.55065500,-1,2013-10-02 06:12:37,80.71302400,7.55065500,0.000,22357,0.000,1|2013-10-02 00:00:00|7.55065500|80.71302400|-1;2|2013-10-02 06:12:37|7.55065500|80.71302400|-1
74,MOVE,-1,2013-10-02 06:12:37,80.71302400,7.55065500,45795,2013-10-02 07:58:50,80.67799829,7.51938660,5186.632,6373,2.930,1|2013-10-02 06:12:37|7.55065500|80.71302400|-1;2|2013-10-02 07:58:50|7.51938660|80.67799829|45795
74,STAY,45795,2013-10-02 07:58:50,80.67799829,7.51938660,45795,2013-10-02 11:16:09,80.67799829,7.51938660,0.000,11839,0.000,1|2013-10-02 07:58:50|7.51938660|80.67799829|45795;2|2013-10-02 11:16:09|7.51938660|80.67799829|45795
74,MOVE,-1,2013-10-02 11:16:09,80.67799829,7.51938660,45795,2013-10-02 17:05:27,80.67704312,7.51903965,112.187,20958,0.019,1|2013-10-02 11:16:09|7.51938660|80.67799829|-1;2|2013-10-02 11:37:46|7.55065500|80.71302400|-1;3|2013-10-02 11:51:14|7.55065500|80.71302400|-1;4|2013-10-02 12:25:18|7.51472300|80.67709200|-1;5|2013-10-02 14:10:09|7.55065500|80.71302400|-1;6|2013-10-02 17:05:27|7.51903965|80.67704312|45795
74,STAY,45795,2013-10-02 17:05:27,80.67704312,7.51903965,45795,2013-10-02 23:59:59,80.67704312,7.51903965,0.000,24872,0.000,1|2013-10-02 17:05:27|7.51903965|80.67704312|45795;2|2013-10-02 23:59:59|7.51903965|80.67704312|45795
75,STAY,30181,2013-10-02 00:00:00,80.21215805,6.95187125,30181,2013-10-02 11:50:27,80.21215805,6.95187125,0.000,42627,0.000,1|2013-10-02 00:00:00|6.95187125|80.21215805|30181;2|2013-10-02 11:50:27|6.95187125|80.21215805|30181
75,MOVE,-1,2013-10-02 11:50:27,80.21215805,6.95187125,-1,2013-10-02 12:03:27,80.21895300,6.93082100,2446.066,780,11.290,1|2013-10-02 11:50:27|6.95187125|80.21215805|-1;2|2013-10-02 12:03:27|6.93082100|80.21895300|-1
75,STAY,-1,2013-10-02 12:03:27,80.21895300,6.93082100,-1,2013-10-02 12:30:27,80.21895300,6.93082100,0.000,1620,0.000,1|2013-10-02 12:03:27|6.93082100|80.21895300|-1;2|2013-10-02 12:30:27|6.93082100|80.21895300|-1
75,MOVE,-1,2013-10-02 12:30:27,80.21895300,6.93082100,30181,2013-10-02 14:44:09,80.20709438,6.95465615,2943.730,8022,1.321,1|2013-10-02 12:30:27|6.93082100|80.21895300|-1;2|2013-10-02 14:44:09|6.95465615|80.20709438|30181
75,STAY,30181,2013-10-02 14:44:09,80.20709438,6.95465615,30181,2013-10-02 23:59:59,80.20709438,6.95465615,0.000,33350,0.000,1|2013-10-02 14:44:09|6.95465615|80.20709438|30181;2|2013-10-02 23:59:59|6.95465615|80.20709438|30181
76,STAY,-1,2013-10-02 00:00:00,80.61421000,6.98471900,-1,2013-10-02 16:15:53,80.61421000,6.98471900,0.000,58553,0.000,1|2013-10-02 00:00:00|6.98471900|80.61421000|-1;2|2013-10-02 16:15:53|6.98471900|80.61421000|-1
76,MOVE,-1,2013-10-02 16:15:53,80.61421000,6.98471900,27971,2013-10-02 17:23:02,80.63957985,6.85814750,14275.623,4029,12.756,1|2013-10-02 16:15:53|6.98471900|80.61421000|-1;2|2013-10-02 17:23:02|6.85814750|80.63957985|27971
76,STAY,27971,2013-10-02 17:23:02,80.63957985,6.85814750,27971,2013-10-02 23:59:59,80.63957985,6.85814750,0.000,23817,0.000,1|2013-10-02 17:23:02|6.85814750|80.63957985|27971;2|2013-10-02 23:59:59|6.85814750|80.63957985|27971
77,STAY,105961,2013-10-02 00:00:00,80.01464892,9.66655150,105961,2013-10-02 06:33:46,80.01464892,9.66655150,0.000,23626,0.000,1|2013-10-02 00:00:00|9.66655150|80.01464892|105961;2|2013-10-02 06:33:46|9.66655150|80.01464892|105961
77,MOVE,-1,2013-10-02 06:33:46,80.01464892,9.66655150,106213,2013-10-02 11:46:22,80.02221558,9.68440610,2142.312,18756,0.411,1|2013-10-02 06:33:46|9.66655150|80.01464892|-1;2|2013-10-02 09:17:23|9.67965300|80.02132400|-1;3|2013-10-02 10:03:15|9.68863600|80.01234100|-1;4|2013-10-02 11:46:22|9.68440610|80.02221558|106213
77,STAY,106213,2013-10-02 11:46:22,80.02221558,9.68440610,106213,2013-10-02 15:29:30,80.02221558,9.68440610,0.000,13388,0.000,1|2013-10-02 11:46:22|9.68440610|80.02221558|106213;2|2013-10-02 15:29:30|9.68440610|80.02221558|106213
77,MOVE,-1,2013-10-02 15:29:30,80.02221558,9.68440610,106213,2013-10-02 18:18:43,80.02130985,9.68491535,114.248,10153,0.041,1|2013-10-02 15:29:30|9.68440610|80.02221558|-1;2|2013-10-02 16:17:38|9.67067000|80.01234100|-1;3|2013-10-02 18:18:43|9.68491535|80.02130985|106213
77,STAY,106213,2013-10-02 18:18:43,80.02130985,9.68491535,106213,2013-10-02 23:59:59,80.02130985,9.68491535,0.000,20476,0.000,1|2013-10-02 18:18:43|9.68491535|80.02130985|106213;2|2013-10-02 23:59:59|9.68491535|80.02130985|106213
78,STAY,80406,2013-10-02 00:00:00,80.43013063,8.76102305,80406,2013-10-02 08:47:56,80.43013063,8.76102305,0.000,31676,0.000,1|2013-10-02 00:00:00|8.76102305|80.43013063|80406;2|2013-10-02 08:47:56|8.76102305|80.43013063|80406
78,MOVE,-1,2013-10-02 08:47:56,80.43013063,8.76102305,80406,2013-10-02 14:14:33,80.43013063,8.76102305,0.000,19597,0.000,1|2013-10-02 08:47:56|8.76102305|80.43013063|-1;2|2013-10-02 11:18:35|8.76337600|80.45251400|-1;3|2013-10-02 13:46:28|8.69151100|80.47946300|-1;4|2013-10-02 14:14:33|8.76102305|80.43013063|80406
78,STAY,80406,2013-10-02 14:14:33,80.43013063,8.76102305,80406,2013-10-02 15:10:12,80.43013063,8.76102305,0.000,3339,0.000,1|2013-10-02 14:14:33|8.76102305|80.43013063|80406;2|2013-10-02 15:10:12|8.76102305|80.43013063|80406
78,MOVE,-1,2013-10-02 15:10:12,80.43013063,8.76102305,80406,2013-10-02 18:44:30,80.42943558,8.76097735,76.643,12858,0.021,1|2013-10-02 15:10:12|8.76102305|80.43013063|-1;2|2013-10-02 15:51:14|8.76337600|80.45251400|-1;3|2013-10-02 18:44:30|8.76097735|80.42943558|80406
78,STAY,80406,2013-10-02 18:44:30,80.42943558,8.76097735,80406,2013-10-02 23:59:59,80.42943558,8.76097735,0.000,18929,0.000,1|2013-10-02 18:44:30|8.76097735|80.42943558|80406;2|2013-10-02 23:59:59|8.76097735|80.42943558|80406
79,STAY,-1,2013-10-02 00:00:00,80.04827400,9.68863600,-1,2013-10-02 20:26:49,80.04827400,9.68863600,0.000,73609,0.000,1|2013-10-02 00:00:00|9.68863600|80.04827400|-1;2|2013-10-02 20:26:49|9.68863600|80.04827400|-1
79,MOVE,-1,2013-10-02 20:26:49,80.04827400,9.68863600,-1,2013-10-02 20:45:01,80.04827400,9.68863600,0.000,1092,0.000,1|2013-10-02 20:26:49|9.68863600|80.04827400|-1;2|2013-10-02 20:33:29|9.64372100|80.11115600|-1;3|2013-10-02 20:45:01|9.68863600|80.04827400|-1
79,STAY,-1,2013-10-02 20:45:01,80.04827400,9.68863600,-1,2013-10-02 23:11:51,80.04827400,9.68863600,0.000,8810,0.000,1|2013-10-02 20:45:01|9.68863600|80.04827400|-1;2|2013-10-02 23:11:51|9.68863600|80.04827400|-1
79,MOVE,-1,2013-10-02 23:11:51,80.04827400,9.68863600,90699,2013-10-02 23:46:38,80.45598795,9.10881230,78218.365,2087,134.924,1|2013-10-02 23:11:51|9.68863600|80.04827400|-1;2|2013-10-02 23:46:38|9.10881230|80.45598795|90699
79,STAY,90699,2013-10-02 23:46:38,80.45598795,9.10881230,90699,2013-10-02 23:59:59,80.45598795,9.10881230,0.000,801,0.000,1|2013-10-02 23:46:38|9.10881230|80.45598795|90699;2|2013-10-02 23:59:59|9.10881230|80.45598795|90699
80,STAY,-1,2013-10-02 00:00:00,80.06624000,7.38895900,-1,2013-10-02 23:59:59,80.06624000,7.38895900,0.000,86399,0.000,1|2013-10-02 00:00:00|7.38895900|80.06624000|-1;2|2013-10-02 23:59:59|7.38895900|80.06624000|-1
81,STAY,30647,2013-10-02 00:00:00,79.88300010,6.97470055,30647,2013-10-02 04:27:43,79.88300010,6.97470055,0.000,16063,0.000,1|2013-10-02 00:00:00|6.97470055|79.88300010|30647;2|2013-10-02 04:27:43|6.97470055|79.88300010|30647
81,MOVE,-1,2013-10-02 04:27:43,79.88300010,6.97470055,11238,2013-10-02 11:14:11,81.38363310,6.27278785,183199.960,24388,27.043,1|2013-10-02 04:27:43|6.97470055|79.88300010|-1;2|2013-10-02 06:38:16|6.24810400|81.33285900|-1;3|2013-10-02 07:42:26|6.27505400|81.40472400|-1;4|2013-10-02 07:47:30|6.98471900|79.90454400|-1;5|2013-10-02 09:10:04|6.93082100|79.85064500|-1;6|2013-10-02 09:10:10|6.27505400|81.40472400|-1;7|2013-10-02 09:23:32|6.93082100|79.85064500|-1;8|2013-10-02 09:35:27|6.97573600|79.88657800|-1;9|2013-10-02 10:07:07|6.93082100|79.85064500|-1;10|2013-10-02 11:14:11|6.27278785|81.38363310|11238
81,STAY,11238,2013-10-02 11:14:11,81.38363310,6.27278785,11238,2013-10-02 12:42:32,81.38363310,6.27278785,0.000,5301,0.000,1|2013-10-02 11:14:11|6.27278785|81.38363310|11238;2|2013-10-02 12:42:32|6.27278785|81.38363310|11238
81,MOVE,-1,2013-10-02 12:42:32,81.38363310,6.27278785,28641,2013-10-02 20:16:00,79.90823421,6.90255580,177405.695,27208,23.473,1|2013-10-02 12:42:32|6.27278785|81.38363310|-1;2|2013-10-02 15:43:10|6.92183800|79.85064500|-1;3|2013-10-02 18:35:28|6.90387100|79.90454400|-1;4|2013-10-02 18:38:43|6.90387100|79.90454400|-1;5|2013-10-02 19:33:09|6.92183800|79.85064500|-1;6|2013-10-02 20:16:00|6.90255580|79.90823421|28641
81,STAY,28641,2013-10-02 20:16:00,79.90823421,6.90255580,28641,2013-10-02 23:59:59,79.90823421,6.90255580,0.000,13439,0.000,1|2013-10-02 20:16:00|6.90255580|79.90823421|28641;2|2013-10-02 23:59:59|6.90255580|79.90823421|28641
82,STAY,38225,2013-10-02 00:00:00,80.30868530,7.23613030,38225,2013-10-02 09:53:04,80.30868530,7.23613030,0.000,35584,0.000,1|2013-10-02 00:00:00|7.23613030|80.30868530|38225;2|2013-10-02 09:53:04|7.23613030|80.30868530|38225
82,MOVE,-1,2013-10-02 09:53:04,80.30868530,7.23613030,38225,2013-10-02 10:06:39,80.30231565,7.23734240,716.113,815,3.163,1|2013-10-02 09:53:04|7.23613030|80.30868530|-1;2|2013-10-02 10:06:39|7.23734240|80.30231565|38225
82,STAY,38225,2013-10-02 10:06:39,80.30231565,7.23734240,38225,2013-10-02 23:59:59,80.30231565,7.23734240,0.000,50000,0.000,1|2013-10-02 10:06:39|7.23734240|80.30231565|38225;2|2013-10-02 23:59:59|7.23734240|80.30231565|38225
83,STAY,105196,2013-10-02 00:00:00,79.89276360,9.64539595,105196,2013-10-02 07:43:40,79.89276360,9.64539595,0.000,27820,0.000,1|2013-10-02 00:00:00|9.64539595|79.89276360|105196;2|2013-10-02 07:43:40|9.64539595|79.89276360|105196
83,MOVE,-1,2013-10-02 07:43:40,79.89276360,9.64539595,-1,2013-10-02 12:06:38,79.70691600,9.52694000,24246.190,15778,5.532,1|2013-10-02 07:43:40|9.64539595|79.89276360|-1;2|2013-10-02 09:25:58|9.68863600|80.03030800|-1;3|2013-10-02 12:06:38|9.52694000|79.70691600|-1
83,STAY,-1,2013-10-02 12:06:38,79.70691600,9.52694000,-1,2013-10-02 15:32:46,79.70691600,9.52694000,0.000,12368,0.000,1|2013-10-02 12:06:38|9.52694000|79.70691600|-1;2|2013-10-02 15:32:46|9.52694000|79.70691600|-1
83,MOVE,-1,2013-10-02 15:32:46,79.70691600,9.52694000,106465,2013-10-02 17:32:16,80.02438250,9.69059440,39268.388,7170,19.716,1|2013-10-02 15:32:46|9.52694000|79.70691600|-1;2|2013-10-02 17:02:12|9.60778800|79.76979700|-1;3|2013-10-02 17:32:16|9.69059440|80.02438250|106465
83,STAY,106465,2013-10-02 17:32:16,80.02438250,9.69059440,106465,2013-10-02 23:59:59,80.02438250,9.69059440,0.000,23263,0.000,1|2013-10-02 17:32:16|9.69059440|80.02438250|106465;2|2013-10-02 23:59:59|9.69059440|80.02438250|106465
84,STAY,34959,2013-10-02 00:00:00,80.28266355,7.09041670,34959,2013-10-02 23:59:59,80.28266355,7.09041670,0.000,86399,0.000,1|2013-10-02 00:00:00|7.09041670|80.28266355|34959;2|2013-10-02 23:59:59|7.09041670|80.28266355|34959
85,STAY,15853,2013-10-02 00:00:00,80.02806905,6.43577830,15853,2013-10-02 23:59:59,80.02806905,6.43577830,0.000,86399,0.000,1|2013-10-02 00:00:00|6.43577830|80.02806905|15853;2|2013-10-02 23:59:59|6.43577830|80.02806905|15853
86,STAY,29139,2013-10-02 00:00:00,79.86991262,6.92231830,29139,2013-10-02 08:20:12,79.86991262,6.92231830,0.000,30012,0.000,1|2013-10-02 00:00:00|6.92231830|79.86991262|29139;2|2013-10-02 08:20:12|6.92231830|79.86991262|29139
86,MOVE,-1,2013-10-02 08:20:12,79.86991262,6.92231830,106214,2013-10-02 10:24:51,80.02752039,9.68112415,305610.414,7479,147.105,1|2013-10-02 08:20:12|6.92231830|79.86991262|-1;2|2013-10-02 08:21:45|9.70660200|80.06624000|-1;3|2013-10-02 08:31:25|9.68863600|80.04827400|-1;4|2013-10-02 08:53:07|6.92183800|79.86861200|-1;5|2013-10-02 10:10:04|6.87692200|79.86861200|-1;6|2013-10-02 10:24:51|9.68112415|80.02752039|106214
86,STAY,106214,2013-10-02 10:24:51,80.02752039,9.68112415,106214,2013-10-02 13:04:00,80.02752039,9.68112415,0.000,9549,0.000,1|2013-10-02 10:24:51|9.68112415|80.02752039|106214;2|2013-10-02 13:04:00|9.68112415|80.02752039|106214
86,MOVE,-1,2013-10-02 13:04:00,80.02752039,9.68112415,106214,2013-10-02 17:53:35,80.02752039,9.68112415,0.000,17375,0.000,1|2013-10-02 13:04:00|9.68112415|80.02752039|-1;2|2013-10-02 13:24:00|9.67067000|80.03929100|-1;3|2013-10-02 14:37:04|9.66168700|80.02132400|-1;4|2013-10-02 16:39:46|9.67965300|80.03030800|-1;5|2013-10-02 16:40:23|6.92183800|79.86861200|-1;6|2013-10-02 17:34:42|7.66743600|79.83267900|-1;7|2013-10-02 17:53:35|9.68112415|80.02752039|106214
86,STAY,106214,2013-10-02 17:53:35,80.02752039,9.68112415,106214,2013-10-02 19:10:02,80.02752039,9.68112415,0.000,4587,0.000,1|2013-10-02 17:53:35|9.68112415|80.02752039|106214;2|2013-10-02 19:10:02|9.68112415|80.02752039|106214
86,MOVE,-1,2013-10-02 19:10:02,80.02752039,9.68112415,106214,2013-10-02 19:21:45,80.02752039,9.68112415,0.000,703,0.000,1|2013-10-02 19:10:02|9.68112415|80.02752039|-1;2|2013-10-02 19:18:40|9.68863600|80.03929100|-1;3|2013-10-02 19:21:45|9.68112415|80.02752039|106214
86,STAY,106214,2013-10-02 19:21:45,80.02752039,9.68112415,106214,2013-10-02 20:37:16,80.02752039,9.68112415,0.000,4531,0.000,1|2013-10-02 19:21:45|9.68112415|80.02752039|106214;2|2013-10-02 20:37:16|9.68112415|80.02752039|106214
86,MOVE,-1,2013-10-02 20:37:16,80.02752039,9.68112415,-1,2013-10-02 21:54:36,79.86861200,6.87692200,310630.897,4640,241.007,1|2013-10-02 20:37:16|9.68112415|80.02752039|-1;2|2013-10-02 20:56:26|9.68863600|80.04827400|-1;3|2013-10-02 21:54:36|6.87692200|79.86861200|-1
86,STAY,-1,2013-10-02 21:54:36,79.86861200,6.87692200,-1,2013-10-02 23:59:59,79.86861200,6.87692200,0.000,7523,0.000,1|2013-10-02 21:54:36|6.87692200|79.86861200|-1;2|2013-10-02 23:59:59|6.87692200|79.86861200|-1
87,STAY,35675,2013-10-02 00:00:00,79.96751563,7.16060055,35675,2013-10-02 06:43:27,79.96751563,7.16060055,0.000,24207,0.000,1|2013-10-02 00:00:00|7.16060055|79.96751563|35675;2|2013-10-02 06:43:27|7.16060055|79.96751563|35675
87,MOVE,-1,2013-10-02 06:43:27,79.96751563,7.16060055,35675,2013-10-02 11:36:17,79.96751563,7.16060055,0.000,17570,0.000,1|2013-10-02 06:43:27|7.16060055|79.96751563|-1;2|2013-10-02 07:06:17|7.17336500|79.95844300|-1;3|2013-10-02 07:24:51|7.20929700|79.84166200|-1;4|2013-10-02 09:47:16|7.15539900|79.95844300|-1;5|2013-10-02 10:04:43|7.12844900|79.98539200|-1;6|2013-10-02 10:05:00|7.12844900|79.98539200|-1;7|2013-10-02 10:10:18|7.15539900|79.95844300|-1;8|2013-10-02 10:12:28|7.12844900|79.98539200|-1;9|2013-10-02 11:24:10|7.15539900|79.95844300|-1;10|2013-10-02 11:34:12|7.12844900|79.98539200|-1;11|2013-10-02 11:36:17|7.16060055|79.96751563|35675
87,STAY,35675,2013-10-02 11:36:17,79.96751563,7.16060055,35675,2013-10-02 11:51:33,79.96751563,7.16060055,0.000,916,0.000,1|2013-10-02 11:36:17|7.16060055|79.96751563|35675;2|2013-10-02 11:51:33|7.16060055|79.96751563|35675
87,MOVE,-1,2013-10-02 11:51:33,79.96751563,7.16060055,35675,2013-10-02 12:44:55,79.96751563,7.16060055,0.000,3202,0.000,1|2013-10-02 11:51:33|7.16060055|79.96751563|-1;2|2013-10-02 11:57:56|6.91285500|79.85962800|-1;3|2013-10-02 12:18:53|7.17336500|79.89556100|-1;4|2013-10-02 12:23:21|7.17336500|79.94946000|-1;5|2013-10-02 12:26:22|7.15539900|79.95844300|-1;6|2013-10-02 12:34:35|7.15539900|79.95844300|-1;7|2013-10-02 12:42:26|7.17336500|79.94946000|-1;8|2013-10-02 12:44:55|7.16060055|79.96751563|35675
87,STAY,35675,2013-10-02 12:44:55,79.96751563,7.16060055,35675,2013-10-02 15:53:38,79.96751563,7.16060055,0.000,11323,0.000,1|2013-10-02 12:44:55|7.16060055|79.96751563|35675;2|2013-10-02 15:53:38|7.16060055|79.96751563|35675
87,MOVE,-1,2013-10-02 15:53:38,79.96751563,7.16060055,-1,2013-10-02 16:25:34,79.94946000,7.17336500,2443.386,1916,4.591,1|2013-10-02 15:53:38|7.16060055|79.96751563|-1;2|2013-10-02 16:25:34|7.17336500|79.94946000|-1
87,STAY,-1,2013-10-02 16:25:34,79.94946000,7.17336500,-1,2013-10-02 16:45:44,79.94946000,7.17336500,0.000,1210,0.000,1|2013-10-02 16:25:34|7.17336500|79.94946000|-1;2|2013-10-02 16:45:44|7.17336500|79.94946000|-1
87,MOVE,-1,2013-10-02 16:45:44,79.94946000,7.17336500,35675,2013-10-02 17:21:02,79.96751563,7.16060055,2443.386,2118,4.153,1|2013-10-02 16:45:44|7.17336500|79.94946000|-1;2|2013-10-02 16:49:58|7.17336500|79.95844300|-1;3|2013-10-02 16:53:31|7.20929700|79.84166200|-1;4|2013-10-02 17:17:18|7.01166900|79.89556100|-1;5|2013-10-02 17:19:13|7.01166900|79.89556100|-1;6|2013-10-02 17:21:02|7.16060055|79.96751563|35675
87,STAY,35675,2013-10-02 17:21:02,79.96751563,7.16060055,35675,2013-10-02 18:05:54,79.96751563,7.16060055,0.000,2692,0.000,1|2013-10-02 17:21:02|7.16060055|79.96751563|35675;2|2013-10-02 18:05:54|7.16060055|79.96751563|35675
87,MOVE,-1,2013-10-02 18:05:54,79.96751563,7.16060055,-1,2013-10-02 23:57:25,79.94946000,7.17336500,2443.386,21091,0.417,1|2013-10-02 18:05:54|7.16060055|79.96751563|-1;2|2013-10-02 18:17:44|7.17336500|79.94946000|-1;3|2013-10-02 18:17:47|7.17336500|79.94946000|-1;4|2013-10-02 18:23:02|7.15539900|79.95844300|-1;5|2013-10-02 19:36:48|7.12844900|79.98539200|-1;6|2013-10-02 20:06:31|7.17336500|79.94946000|-1;7|2013-10-02 20:34:48|7.15539900|79.95844300|-1;8|2013-10-02 20:47:56|7.15539900|79.95844300|-1;9|2013-10-02 23:57:25|7.17336500|79.94946000|-1
87,STAY,-1,2013-10-02 23:57:25,79.94946000,7.17336500,-1,2013-10-02 23:59:59,79.94946000,7.17336500,0.000,154,0.000,1|2013-10-02 23:57:25|7.17336500|79.94946000|-1;2|2013-10-02 23:59:59|7.17336500|79.94946000|-1
88,STAY,-1,2013-10-02 00:00:00,79.98539200,9.75151800,-1,2013-10-02 09:02:31,79.98539200,9.75151800,0.000,32551,0.000,1|2013-10-02 00:00:00|9.75151800|79.98539200|-1;2|2013-10-02 09:02:31|9.75151800|79.98539200|-1
88,MOVE,-1,2013-10-02 09:02:31,79.98539200,9.75151800,-1,2013-10-02 12:16:08,79.98539200,9.75151800,0.000,11617,0.000,1|2013-10-02 09:02:31|9.75151800|79.98539200|-1;2|2013-10-02 11:09:23|9.72456900|79.99437500|-1;3|2013-10-02 12:16:08|9.75151800|79.98539200|-1
88,STAY,-1,2013-10-02 12:16:08,79.98539200,9.75151800,-1,2013-10-02 23:59:59,79.98539200,9.75151800,0.000,42231,0.000,1|2013-10-02 12:16:08|9.75151800|79.98539200|-1;2|2013-10-02 23:59:59|9.75151800|79.98539200|-1
89,STAY,29390,2013-10-02 00:00:00,79.86545170,6.92971150,29390,2013-10-02 07:06:01,79.86545170,6.92971150,0.000,25561,0.000,1|2013-10-02 00:00:00|6.92971150|79.86545170|29390;2|2013-10-02 07:06:01|6.92971150|79.86545170|29390
89,MOVE,-1,2013-10-02 07:06:01,79.86545170,6.92971150,-1,2013-10-02 20:47:44,79.87759500,6.79607400,14839.808,49303,1.084,1|2013-10-02 07:06:01|6.92971150|79.86545170|-1;2|2013-10-02 09:52:48|6.79607400|79.87759500|-1;3|2013-10-02 17:17:13|6.93980400|79.85064500|-1;4|2013-10-02 20:47:44|6.79607400|79.87759500|-1
89,STAY,-1,2013-10-02 20:47:44,79.87759500,6.79607400,-1,2013-10-02 23:59:59,79.87759500,6.79607400,0.000,11535,0.000,1|2013-10-02 20:47:44|6.79607400|79.87759500|-1;2|2013-10-02 23:59:59|6.79607400|79.87759500|-1
90,STAY,-1,2013-10-02 00:00:00,80.72200700,6.26607000,-1,2013-10-02 23:59:59,80.72200700,6.26607000,0.000,86399,0.000,1|2013-10-02 00:00:00|6.26607000|80.72200700|-1;2|2013-10-02 23:59:59|6.26607000|80.72200700|-1
91,STAY,-1,2013-10-02 00:00:00,81.24302800,7.40692600,-1,2013-10-02 23:59:59,81.24302800,7.40692600,0.000,86399,0.000,1|2013-10-02 00:00:00|7.40692600|81.24302800|-1;2|2013-10-02 23:59:59|7.40692600|81.24302800|-1
92,STAY,45582,2013-10-02 00:00:00,80.98426730,7.50372735,45582,2013-10-02 23:59:59,80.98426730,7.50372735,0.000,86399,0.000,1|2013-10-02 00:00:00|7.50372735|80.98426730|45582;2|2013-10-02 23:59:59|7.50372735|80.98426730|45582
93,STAY,23169,2013-10-02 00:00:00,80.36854260,6.70182445,23169,2013-10-02 23:59:59,80.36854260,6.70182445,0.000,86399,0.000,1|2013-10-02 00:00:00|6.70182445|80.36854260|23169;2|2013-10-02 23:59:59|6.70182445|80.36854260|23169
94,STAY,-1,2013-10-02 00:00:00,79.91352700,7.46082400,-1,2013-10-02 23:59:59,79.91352700,7.46082400,0.000,86399,0.000,1|2013-10-02 00:00:00|7.46082400|79.91352700|-1;2|2013-10-02 23:59:59|7.46082400|79.91352700|-1
