A59432230,2013-10-02 09:18:44,1,68924,81.0094668,8.34116931
A59432230,2013-10-02 11:34:39,87,44786,80.6321761,7.478790558
A59432230,2013-10-02 11:44:08,5,44786,80.6321761,7.478790558
A59432230,2013-10-02 11:56:28,34,44786,80.6321761,7.478790558
A59432230,2013-10-02 15:02:52,19,44786,80.6321761,7.478790558
A59432230,2013-10-02 22:19:28,108,44786,80.6321761,7.478790558
A59432230,2013-10-02 23:09:42,22,44786,80.6321761,7.478790558
A6583568,2013-10-02 08:16:03,119,27797,81.34184194,6.867938942
A6583568,2013-10-02 09:05:32,13,28557,81.40472373,6.894888278
A6583568,2013-10-02 14:28:46,95,28557,81.40472373,6.894888278
A6583568,2013-10-02 15:57:52,96,27796,81.33285883,6.867938942
A6583568,2013-10-02 17:15:15,34,28557,81.40472373,6.894888278
A6583568,2013-10-02 18:11:11,110,28557,81.40472373,6.894888278
A6583568,2013-10-02 18:36:01,41,28557,81.40472373,6.894888278
A6583568,2013-10-02 18:40:39,94,28557,81.40472373,6.894888278
A6583568,2013-10-02 19:57:48,48,28557,81.40472373,6.894888278
A6583568,2013-10-02 21:34:52,69,37609,81.54845352,7.21828031
A92606346,2013-10-02 06:06:33,80,30898,79.8865778,6.984719398
A92606346,2013-10-02 06:54:48,31,30898,79.8865778,6.984719398
A92606346,2013-10-02 07:27:06,32,30898,79.8865778,6.984719398
A92606346,2013-10-02 07:54:18,105,30897,79.87759469,6.984719398
A92606346,2013-10-02 09:06:07,27,29639,79.85064535,6.939803838
A92606346,2013-10-02 09:42:56,52,30898,79.8865778,6.984719398
A92606346,2013-10-02 09:52:58,15,29388,79.85064535,6.930820726
A92606346,2013-10-02 10:00:53,102,29639,79.85064535,6.939803838
A92606346,2013-10-02 10:13:54,66,30395,79.87759469,6.966753174
A92606346,2013-10-02 10:24:12,15,30898,79.8865778,6.984719398
A92606346,2013-10-02 11:20:09,35,28887,79.85962846,6.912854502
A92606346,2013-10-02 11:38:07,3,30395,79.87759469,6.966753174
A92606346,2013-10-02 11:38:18,81,30395,79.87759469,6.966753174
A92606346,2013-10-02 11:54:03,111,30143,79.86861158,6.957770062
A92606346,2013-10-02 11:57:47,110,29639,79.85064535,6.939803838
A92606346,2013-10-02 12:06:32,28,28385,79.85962846,6.894888278
A92606346,2013-10-02 12:10:16,79,28385,79.85962846,6.894888278
A92606346,2013-10-02 12:19:51,70,29138,79.85962846,6.921837614
A92606346,2013-10-02 12:50:07,87,28385,79.85962846,6.894888278
A92606346,2013-10-02 13:17:20,93,29138,79.85962846,6.921837614
A92606346,2013-10-02 13:23:40,38,28385,79.85962846,6.894888278
A92606346,2013-10-02 14:13:31,53,29639,79.85064535,6.939803838
A92606346,2013-10-02 14:28:11,114,28385,79.85962846,6.894888278
A92606346,2013-10-02 17:52:01,86,28385,79.85962846,6.894888278
A92606346,2013-10-02 17:58:23,73,28385,79.85962846,6.894888278
A92606346,2013-10-02 19:23:03,70,28385,79.85962846,6.894888278
A92606346,2013-10-02 20:22:53,22,28385,79.85962846,6.894888278
A92606346,2013-10-02 20:37:08,78,28385,79.85962846,6.894888278
A92606346,2013-10-02 22:27:56,61,28385,79.85962846,6.894888278
B20073597,2013-10-02 06:58:49,0,7077,80.10217249,6.131323758
B20073597,2013-10-02 08:20:56,35,7077,80.10217249,6.131323758
B20073597,2013-10-02 10:59:41,53,7077,80.10217249,6.131323758
B20073597,2013-10-02 11:23:29,8,7077,80.10217249,6.131323758
B20073597,2013-10-02 16:27:32,54,7077,80.10217249,6.131323758
B20073597,2013-10-02 16:40:16,114,7077,80.10217249,6.131323758
B20073597,2013-10-02 17:47:19,18,7077,80.10217249,6.131323758
B20073597,2013-10-02 19:59:13,111,7077,80.10217249,6.131323758
B20073597,2013-10-02 21:00:10,42,7077,80.10217249,6.131323758
B20073597,2013-10-02 21:30:52,98,7077,80.10217249,6.131323758
B20073597,2013-10-02 21:35:28,5,7077,80.10217249,6.131323758
B20073597,2013-10-02 22:01:16,113,7077,80.10217249,6.131323758
B20073597,2013-10-02 23:55:41,38,7077,80.10217249,6.131323758
B25699246,2013-10-02 09:22:27,8,40180,79.84166224,7.317094542
B25699246,2013-10-02 10:07:45,80,40180,79.84166224,7.317094542
B25699246,2013-10-02 11:14:38,59,40180,79.84166224,7.317094542
B25699246,2013-10-02 11:16:33,25,40180,79.84166224,7.317094542
B25699246,2013-10-02 11:57:45,37,40180,79.84166224,7.317094542
B25699246,2013-10-02 16:08:15,10,40180,79.84166224,7.317094542
B25699246,2013-10-02 17:59:17,34,40180,79.84166224,7.317094542
B25699246,2013-10-02 21:41:07,29,40180,79.84166224,7.317094542
B25863732,2013-10-02 01:55:37,103,31903,79.89556091,7.020651846
B25863732,2013-10-02 04:57:54,113,31903,79.89556091,7.020651846
B25863732,2013-10-02 06:03:59,,41508,80.49742942,7.362010102
B25863732,2013-10-02 06:05:38,61,31903,79.89556091,7.020651846
B25863732,2013-10-02 06:17:47,21,31903,79.89556091,7.020651846
B25863732,2013-10-02 06:26:42,12,31903,79.89556091,7.020651846
B25863732,2013-10-02 06:50:46,81,31903,79.89556091,7.020651846
B25863732,2013-10-02 06:52:26,93,31903,79.89556091,7.020651846
B25863732,2013-10-02 07:06:23,79,31903,79.89556091,7.020651846
B25863732,2013-10-02 07:14:14,5,32155,79.90454402,7.029634958
B25863732,2013-10-02 07:15:34,5,31903,79.89556091,7.020651846
B25863732,2013-10-02 08:14:58,10,29638,79.84166224,6.939803838
B25863732,2013-10-02 08:27:48,65,31903,79.89556091,7.020651846
B25863732,2013-10-02 08:51:15,98,30898,79.8865778,6.984719398
B25863732,2013-10-02 08:54:15,1,31401,79.89556091,7.002685622
B25863732,2013-10-02 09:36:49,84,31903,79.89556091,7.020651846
B25863732,2013-10-02 09:50:09,118,31903,79.89556091,7.020651846
B25863732,2013-10-02 10:24:53,95,31903,79.89556091,7.020651846
B25863732,2013-10-02 10:28:23,89,31903,79.89556091,7.020651846
B25863732,2013-10-02 11:44:18,85,31903,79.89556091,7.020651846
B25863732,2013-10-02 12:06:49,56,31903,79.89556091,7.020651846
B25863732,2013-10-02 12:41:41,40,28891,79.89556091,6.912854502
B25863732,2013-10-02 12:58:49,43,31903,79.89556091,7.020651846
B25863732,2013-10-02 13:27:54,41,31903,79.89556091,7.020651846
B25863732,2013-10-02 13:43:00,59,31904,79.90454402,7.020651846
B25863732,2013-10-02 14:05:46,74,31903,79.89556091,7.020651846
B25863732,2013-10-02 14:09:34,44,31903,79.89556091,7.020651846
B25863732,2013-10-02 14:43:24,110,31903,79.89556091,7.020651846
B25863732,2013-10-02 14:48:33,68,31903,79.89556091,7.020651846
B25863732,2013-10-02 15:33:34,67,31903,79.89556091,7.020651846
B25863732,2013-10-02 15:38:40,27,31903,79.89556091,7.020651846
B25863732,2013-10-02 16:07:37,38,31903,79.89556091,7.020651846
B25863732,2013-10-02 17:12:11,11,31903,79.89556091,7.020651846
B25863732,2013-10-02 17:39:35,82,31903,79.89556091,7.020651846
B25863732,2013-10-02 17:42:04,93,31903,79.89556091,7.020651846
B25863732,2013-10-02 18:15:36,57,31904,79.90454402,7.020651846
B25863732,2013-10-02 19:21:21,10,31903,79.89556091,7.020651846
B25863732,2013-10-02 19:24:04,1,31903,79.89556091,7.020651846
B25863732,2013-10-02 19:47:55,9,31903,79.89556091,7.020651846
B25863732,2013-10-02 20:09:07,2,31903,79.89556091,7.020651846
B25863732,2013-10-02 20:09:46,57,31903,79.89556091,7.020651846
B25863732,2013-10-02 22:18:11,,31903,79.89556091,7.020651846
B25863732,2013-10-02 22:25:07,94,31903,79.89556091,7.020651846
B50880072,2013-10-02 07:58:39,21,49542,80.51539564,7.649469686
B50880072,2013-10-02 09:04:38,101,49542,80.51539564,7.649469686
B50880072,2013-10-02 14:32:47,100,49542,80.51539564,7.649469686
B50880072,2013-10-02 16:11:06,52,49542,80.51539564,7.649469686
B50880072,2013-10-02 16:12:55,111,49542,80.51539564,7.649469686
B50880072,2013-10-02 16:20:56,110,49542,80.51539564,7.649469686
B50880072,2013-10-02 20:58:22,21,49542,80.51539564,7.649469686
B66847881,2013-10-02 07:20:09,101,58179,81.44065618,7.954895494
B66847881,2013-10-02 10:17:56,32,58179,81.44065618,7.954895494
B66847881,2013-10-02 13:01:29,24,58179,81.44065618,7.954895494
B66847881,2013-10-02 15:06:44,112,58179,81.44065618,7.954895494
B66847881,2013-10-02 19:22:17,91,59941,81.48557174,8.017777278
B89957453,2013-10-02 07:03:32,24,33935,80.1111556,7.092516742
B89957453,2013-10-02 14:17:06,119,34939,80.1111556,7.12844919
B89957453,2013-10-02 16:59:24,31,35440,80.10217249,7.146415414
B89957453,2013-10-02 20:31:04,59,33935,80.1111556,7.092516742
B94841644,2013-10-02 12:17:20,21,27137,79.92251025,6.849972718
B94841644,2013-10-02 13:04:53,44,28387,79.87759469,6.894888278
B94841644,2013-10-02 17:34:12,46,26886,79.92251025,6.840989606
B94841644,2013-10-02 20:38:48,115,26884,79.90454402,6.840989606
C40403733,2013-10-02 14:09:12,53,29639,79.85064535,6.939803838
C40403733,2013-10-02 17:19:21,53,29405,80.00335826,6.930820726
C40403733,2013-10-02 17:42:16,12,29405,80.00335826,6.930820726
C40403733,2013-10-02 18:12:31,3,29909,80.02132448,6.94878695
C40403733,2013-10-02 19:00:58,42,29405,80.00335826,6.930820726
C40403733,2013-10-02 22:26:42,32,29909,80.02132448,6.94878695
D11269710,2013-10-02 11:01:49,76,27632,79.85962846,6.867938942
D11269710,2013-10-02 14:59:40,11,27632,79.85962846,6.867938942
D11269710,2013-10-02 18:20:38,4,27633,79.86861158,6.867938942
D11269710,2013-10-02 22:42:24,,27885,79.87759469,6.876922054
D8782179,2013-10-02 10:36:46,24,29390,79.86861158,6.930820726
D8782179,2013-10-02 15:57:40,114,29139,79.86861158,6.921837614
D8782179,2013-10-02 16:04:33,22,29139,79.86861158,6.921837614
D9075146,2013-10-02 11:24:36,112,25132,79.94945958,6.778107822
D9075146,2013-10-02 11:52:34,67,25132,79.94945958,6.778107822
D9075146,2013-10-02 12:37:53,25,25132,79.94945958,6.778107822
D9075146,2013-10-02 20:45:12,45,25132,79.94945958,6.778107822
E14917031,2013-10-02 09:21:31,99,105961,80.01234137,9.670669886
E14917031,2013-10-02 12:33:49,39,105961,80.01234137,9.670669886
E14917031,2013-10-02 12:49:25,109,105961,80.01234137,9.670669886
E14917031,2013-10-02 13:03:08,15,105961,80.01234137,9.670669886
E14917031,2013-10-02 13:37:40,9,105961,80.01234137,9.670669886
E14917031,2013-10-02 13:40:23,63,105961,80.01234137,9.670669886
E14917031,2013-10-02 18:51:11,22,105961,80.01234137,9.670669886
E14917031,2013-10-02 18:59:01,6,105961,80.01234137,9.670669886
E7163200,2013-10-02 07:07:23,69,20170,80.47048008,6.598445582
E7163200,2013-10-02 15:31:41,73,20170,80.47048008,6.598445582
E82121406,2013-10-02 06:42:11,94,51177,81.67421709,7.703368358
E82121406,2013-10-02 09:38:06,59,51177,81.67421709,7.703368358
E82121406,2013-10-02 10:43:24,8,51177,81.67421709,7.703368358
E82121406,2013-10-02 10:56:14,73,51177,81.67421709,7.703368358
E82121406,2013-10-02 11:33:17,23,48420,81.71014954,7.604554126
E82121406,2013-10-02 12:11:56,110,51177,81.67421709,7.703368358
E82121406,2013-10-02 12:57:42,81,51431,81.70116642,7.71235147
E82121406,2013-10-02 13:17:02,1,50682,81.73709887,7.685402134
E82121406,2013-10-02 13:44:34,5,51177,81.67421709,7.703368358
E82121406,2013-10-02 15:54:50,13,53178,81.6113353,7.775233254
E82121406,2013-10-02 18:09:11,14,52679,81.63828464,7.75726703
E82121406,2013-10-02 18:40:20,87,50680,81.71913265,7.685402134
E82121406,2013-10-02 19:21:09,33,51177,81.67421709,7.703368358
E88186217,2013-10-02 11:21:55,23,30661,80.01234137,6.975736286
E88186217,2013-10-02 11:51:33,21,30148,79.91352714,6.957770062
E88186217,2013-10-02 15:17:16,2,30909,79.98539203,6.984719398
E88186217,2013-10-02 15:51:50,17,29641,79.86861158,6.939803838
E88186217,2013-10-02 19:45:59,112,29640,79.85962846,6.939803838
E88186217,2013-10-02 20:32:05,96,30148,79.91352714,6.957770062
E88186217,2013-10-02 23:39:53,96,30407,79.98539203,6.966753174
E93530080,2013-10-02 10:15:44,41,32169,80.03030759,7.029634958
E93530080,2013-10-02 11:15:16,,31419,80.05725693,7.002685622
E93530080,2013-10-02 15:31:47,87,31419,80.05725693,7.002685622
E93530080,2013-10-02 21:28:18,36,30158,80.00335826,6.957770062
E93530080,2013-10-02 22:32:38,,32169,80.03030759,7.029634958
E93530080,2013-10-02 22:50:28,,31921,80.05725693,7.020651846
E99276233,2013-10-02 14:59:50,9,28139,79.90454402,6.885905166
E99276233,2013-10-02 19:18:32,38,28646,79.94945958,6.90387139
F31578302,2013-10-02 07:44:35,38,29966,80.53336186,6.94878695
F31578302,2013-10-02 13:04:37,67,30979,80.61420987,6.984719398
F31578302,2013-10-02 13:58:04,3,33742,80.6321761,7.08353363
F31578302,2013-10-02 14:12:10,112,31466,80.47946319,7.002685622
F31578302,2013-10-02 14:23:32,49,30979,80.61420987,6.984719398
F31578302,2013-10-02 15:17:47,96,30979,80.61420987,6.984719398
F31578302,2013-10-02 15:45:04,90,33742,80.6321761,7.08353363
F31578302,2013-10-02 19:22:47,75,33742,80.6321761,7.08353363
F39958526,2013-10-02 06:52:09,23,29389,79.85962846,6.930820726
F39958526,2013-10-02 10:28:24,19,29389,79.85962846,6.930820726
F39958526,2013-10-02 13:20:17,76,29389,79.85962846,6.930820726
F39958526,2013-10-02 15:01:23,20,29389,79.85962846,6.930820726
F39958526,2013-10-02 15:39:04,31,29389,79.85962846,6.930820726
F39958526,2013-10-02 15:55:01,88,29389,79.85962846,6.930820726
F39958526,2013-10-02 16:56:02,17,29389,79.85962846,6.930820726
F39958526,2013-10-02 17:20:10,107,29389,79.85962846,6.930820726
F39958526,2013-10-02 18:01:29,51,29640,79.85962846,6.939803838
F39958526,2013-10-02 20:48:46,14,29389,79.85962846,6.930820726
F7284549,2013-10-02 06:08:55,102,89175,80.29081784,9.068801382
F7284549,2013-10-02 07:51:25,60,81164,80.47946319,8.781341798
F7284549,2013-10-02 08:53:20,,89175,80.29081784,9.068801382
F7284549,2013-10-02 09:33:41,71,89175,80.29081784,9.068801382
F7284549,2013-10-02 10:10:48,,89175,80.29081784,9.068801382
F7284549,2013-10-02 10:43:11,101,89175,80.29081784,9.068801382
F7284549,2013-10-02 11:44:17,105,89175,80.29081784,9.068801382
F7284549,2013-10-02 13:07:51,70,90183,80.32675029,9.10473383
F7284549,2013-10-02 14:04:01,46,89175,80.29081784,9.068801382
F7284549,2013-10-02 14:17:41,,89175,80.29081784,9.068801382
F7284549,2013-10-02 14:54:15,86,90183,80.32675029,9.10473383
F7284549,2013-10-02 16:10:31,13,89175,80.29081784,9.068801382
F7284549,2013-10-02 16:26:08,0,89175,80.29081784,9.068801382
F7284549,2013-10-02 16:38:12,41,89175,80.29081784,9.068801382
F7284549,2013-10-02 17:08:21,56,89175,80.29081784,9.068801382
F7284549,2013-10-02 18:03:51,23,90183,80.32675029,9.10473383
F7284549,2013-10-02 18:14:37,106,89175,80.29081784,9.068801382
F7284549,2013-10-02 18:26:41,55,89175,80.29081784,9.068801382
F7284549,2013-10-02 18:43:34,9,90183,80.32675029,9.10473383
F7284549,2013-10-02 19:30:45,15,89175,80.29081784,9.068801382
F7284549,2013-10-02 20:37:30,110,89175,80.29081784,9.068801382
F7284549,2013-10-02 23:32:31,,90183,80.32675029,9.10473383
G10041485,2013-10-02 07:30:12,11,90183,80.32675029,9.10473383
G10041485,2013-10-02 10:49:39,86,90183,80.32675029,9.10473383
G10041485,2013-10-02 12:17:36,104,90183,80.32675029,9.10473383
G10041485,2013-10-02 13:38:08,66,89152,80.08420626,9.068801382
G10041485,2013-10-02 13:55:13,14,89152,80.08420626,9.068801382
G10041485,2013-10-02 14:52:19,50,91684,80.28183473,9.158632502
G10041485,2013-10-02 15:33:02,73,91684,80.28183473,9.158632502
G10041485,2013-10-02 18:02:45,56,93675,80.12912182,9.230497398
G10041485,2013-10-02 20:25:21,107,90183,80.32675029,9.10473383
G42690537,2013-10-02 06:21:09,32,28754,80.91963568,6.90387139
G42690537,2013-10-02 08:37:59,29,29004,80.91065257,6.912854502
G42690537,2013-10-02 09:03:34,108,28753,80.91065257,6.90387139
G42690537,2013-10-02 09:11:16,,29004,80.91065257,6.912854502
G42690537,2013-10-02 09:29:00,34,28754,80.91963568,6.90387139
G42690537,2013-10-02 09:29:53,,28753,80.91065257,6.90387139
G42690537,2013-10-02 09:42:05,115,28753,80.91065257,6.90387139
G42690537,2013-10-02 10:23:38,70,28754,80.91963568,6.90387139
G42690537,2013-10-02 10:31:05,1,28754,80.91963568,6.90387139
G42690537,2013-10-02 10:31:14,1,28754,80.91963568,6.90387139
G42690537,2013-10-02 10:37:34,54,31281,81.07234858,6.99370251
G42690537,2013-10-02 10:43:13,10,31281,81.07234858,6.99370251
G42690537,2013-10-02 10:53:32,7,28753,80.91065257,6.90387139
G42690537,2013-10-02 11:24:42,40,28754,80.91963568,6.90387139
G42690537,2013-10-02 11:32:18,,28754,80.91963568,6.90387139
G42690537,2013-10-02 11:44:56,10,28753,80.91065257,6.90387139
G42690537,2013-10-02 12:22:40,69,28753,80.91065257,6.90387139
G42690537,2013-10-02 12:26:21,53,28753,80.91065257,6.90387139
G42690537,2013-10-02 13:11:04,22,28754,80.91963568,6.90387139
G42690537,2013-10-02 13:30:54,103,28754,80.91963568,6.90387139
G42690537,2013-10-02 13:50:30,68,28754,80.91963568,6.90387139
G42690537,2013-10-02 14:21:17,7,31028,81.05438236,6.984719398
G42690537,2013-10-02 14:58:12,64,28754,80.91963568,6.90387139
G42690537,2013-10-02 15:06:10,72,28754,80.91963568,6.90387139
G42690537,2013-10-02 15:08:02,47,28754,80.91963568,6.90387139
G42690537,2013-10-02 16:15:34,106,28754,80.91963568,6.90387139
G42690537,2013-10-02 16:27:36,76,28754,80.91963568,6.90387139
G42690537,2013-10-02 16:37:17,87,28753,80.91065257,6.90387139
G42690537,2013-10-02 16:49:56,46,28753,80.91065257,6.90387139
G42690537,2013-10-02 17:05:37,0,26755,81.00048369,6.832006494
G42690537,2013-10-02 19:05:44,25,28754,80.91963568,6.90387139
G42690537,2013-10-02 19:15:46,50,28754,80.91963568,6.90387139
G42690537,2013-10-02 19:28:29,90,28753,80.91065257,6.90387139
G42690537,2013-10-02 20:06:55,8,28754,80.91963568,6.90387139
G42690537,2013-10-02 20:07:13,67,28754,80.91963568,6.90387139
G42690537,2013-10-02 20:11:25,2,28753,80.91065257,6.90387139
G42690537,2013-10-02 20:41:45,19,28754,80.91963568,6.90387139
G42690537,2013-10-02 20:50:11,26,28754,80.91963568,6.90387139
G42690537,2013-10-02 22:58:17,100,31029,81.06336547,6.984719398
G42690537,2013-10-02 23:13:33,,28004,80.94658502,6.876922054
G45771252,2013-10-02 09:33:34,20,29143,79.90454402,6.921837614
G45771252,2013-10-02 18:24:36,88,20396,80.24590228,6.607428694
G45771252,2013-10-02 19:23:58,79,20396,80.24590228,6.607428694
G45771252,2013-10-02 20:00:31,115,20396,80.24590228,6.607428694
G57434476,2013-10-02 02:18:59,27,19114,80.00335826,6.562513134
G57434476,2013-10-02 09:28:56,56,25881,79.91352714,6.805057158
G57434476,2013-10-02 09:34:38,87,25881,79.91352714,6.805057158
G57434476,2013-10-02 09:49:23,64,25881,79.91352714,6.805057158
G57434476,2013-10-02 09:50:33,93,25881,79.91352714,6.805057158
G57434476,2013-10-02 09:56:37,97,25881,79.91352714,6.805057158
G57434476,2013-10-02 10:11:41,5,25881,79.91352714,6.805057158
G57434476,2013-10-02 10:17:10,104,25881,79.91352714,6.805057158
G57434476,2013-10-02 11:20:58,69,27131,79.86861158,6.849972718
G57434476,2013-10-02 11:40:52,7,19611,79.9584427,6.580479358
G57434476,2013-10-02 11:57:54,0,25881,79.91352714,6.805057158
G57434476,2013-10-02 14:29:30,10,19618,80.02132448,6.580479358
G57434476,2013-10-02 14:58:04,65,25881,79.91352714,6.805057158
G57434476,2013-10-02 16:18:52,117,25882,79.92251025,6.805057158
G57434476,2013-10-02 16:25:28,94,25881,79.91352714,6.805057158
G57434476,2013-10-02 16:40:31,71,25881,79.91352714,6.805057158
G57434476,2013-10-02 17:21:54,58,25881,79.91352714,6.805057158
G57434476,2013-10-02 18:12:20,74,24880,79.94047647,6.76912471
G57434476,2013-10-02 19:05:31,30,19618,80.02132448,6.580479358
G57434476,2013-10-02 19:07:14,95,19618,80.02132448,6.580479358
G57434476,2013-10-02 19:54:37,79,19114,80.00335826,6.562513134
G57434476,2013-10-02 21:25:20,114,19114,80.00335826,6.562513134
G78678183,2013-10-02 07:32:01,67,64529,79.85962846,8.188456406
G78678183,2013-10-02 09:22:39,114,64529,79.85962846,8.188456406
G78678183,2013-10-02 09:39:38,41,64529,79.85962846,8.188456406
G78678183,2013-10-02 09:50:04,100,64529,79.85962846,8.188456406
G78678183,2013-10-02 11:03:14,35,64529,79.85962846,8.188456406
G78678183,2013-10-02 12:06:54,82,64529,79.85962846,8.188456406
G78678183,2013-10-02 12:19:48,34,64529,79.85962846,8.188456406
G78678183,2013-10-02 17:26:33,58,60008,79.83267913,8.02676039
G78678183,2013-10-02 18:39:28,33,64529,79.85962846,8.188456406
G78678183,2013-10-02 19:56:11,14,64529,79.85962846,8.188456406
G78678183,2013-10-02 20:43:49,22,64529,79.85962846,8.188456406
G85355191,2013-10-02 07:06:01,81,29390,79.86861158,6.930820726
G85355191,2013-10-02 09:52:48,23,25626,79.87759469,6.796074046
G85355191,2013-10-02 17:17:13,25,29639,79.85064535,6.939803838
G85355191,2013-10-02 20:47:44,54,25626,79.87759469,6.796074046
H242176,2013-10-02 21:39:07,36,10911,80.72200722,6.266070438
H461451,2013-10-02 08:35:32,29,91713,80.54234498,9.158632502
H461451,2013-10-02 08:58:08,95,86440,80.52437875,8.96998715
H461451,2013-10-02 11:39:38,72,89198,80.49742942,9.068801382
H461451,2013-10-02 12:00:13,,91713,80.54234498,9.158632502
H461451,2013-10-02 13:15:50,99,86440,80.52437875,8.96998715
H461451,2013-10-02 13:33:13,86,89198,80.49742942,9.068801382
H461451,2013-10-02 13:35:20,69,89198,80.49742942,9.068801382
H461451,2013-10-02 14:59:52,74,80413,80.49742942,8.754392462
H461451,2013-10-02 15:14:37,81,86440,80.52437875,8.96998715
H461451,2013-10-02 17:02:16,69,86440,80.52437875,8.96998715
H461451,2013-10-02 17:05:55,103,86440,80.52437875,8.96998715
H461451,2013-10-02 20:38:51,77,86440,80.52437875,8.96998715
H461451,2013-10-02 20:53:28,18,86440,80.52437875,8.96998715
H461451,2013-10-02 20:54:04,77,86440,80.52437875,8.96998715
H461451,2013-10-02 22:18:27,,86440,80.52437875,8.96998715
H54867586,2013-10-02 15:56:55,113,58814,80.38064896,7.98184483
H54867586,2013-10-02 17:35:20,13,58814,80.38064896,7.98184483
H54867586,2013-10-02 18:22:46,35,58814,80.38064896,7.98184483
H54867586,2013-10-02 18:54:33,86,23386,80.04827382,6.715226038
H54867586,2013-10-02 19:39:49,27,58814,80.38064896,7.98184483
H60703164,2013-10-02 05:19:28,0,9589,80.12013871,6.221154878
H60703164,2013-10-02 06:25:23,68,9589,80.12013871,6.221154878
H60703164,2013-10-02 06:31:57,27,9589,80.12013871,6.221154878
H60703164,2013-10-02 07:02:10,80,9589,80.12013871,6.221154878
H60703164,2013-10-02 08:40:42,32,9589,80.12013871,6.221154878
H60703164,2013-10-02 08:51:35,102,9589,80.12013871,6.221154878
H60703164,2013-10-02 09:10:01,8,9589,80.12013871,6.221154878
H60703164,2013-10-02 09:27:23,31,9589,80.12013871,6.221154878
H60703164,2013-10-02 09:29:14,58,9589,80.12013871,6.221154878
H60703164,2013-10-02 10:18:36,94,9589,80.12013871,6.221154878
H60703164,2013-10-02 10:31:48,106,9589,80.12013871,6.221154878
H60703164,2013-10-02 10:47:50,35,9589,80.12013871,6.221154878
H60703164,2013-10-02 12:01:20,10,9589,80.12013871,6.221154878
H60703164,2013-10-02 12:02:54,78,9589,80.12013871,6.221154878
H60703164,2013-10-02 13:34:49,51,9589,80.12013871,6.221154878
H60703164,2013-10-02 14:19:01,54,10089,80.10217249,6.239121102
H60703164,2013-10-02 14:59:45,86,9589,80.12013871,6.221154878
H60703164,2013-10-02 15:12:40,105,9589,80.12013871,6.221154878
H60703164,2013-10-02 15:15:06,112,9589,80.12013871,6.221154878
H60703164,2013-10-02 15:17:03,96,9589,80.12013871,6.221154878
H60703164,2013-10-02 15:23:37,61,9589,80.12013871,6.221154878
H60703164,2013-10-02 15:26:08,105,9589,80.12013871,6.221154878
H60703164,2013-10-02 16:01:09,40,9589,80.12013871,6.221154878
H60703164,2013-10-02 16:03:30,113,9589,80.12013871,6.221154878
H60703164,2013-10-02 17:09:06,3,10335,80.05725693,6.248104214
H60703164,2013-10-02 17:38:41,73,10084,80.05725693,6.239121102
H60703164,2013-10-02 18:19:17,77,10089,80.10217249,6.239121102
H60703164,2013-10-02 18:32:11,40,9589,80.12013871,6.221154878
H60703164,2013-10-02 18:33:28,50,9589,80.12013871,6.221154878
H60703164,2013-10-02 18:48:12,68,9589,80.12013871,6.221154878
H60703164,2013-10-02 19:01:03,79,9589,80.12013871,6.221154878
H60703164,2013-10-02 19:30:57,67,9589,80.12013871,6.221154878
H60703164,2013-10-02 20:39:58,56,9589,80.12013871,6.221154878
H60703164,2013-10-02 20:46:31,57,9589,80.12013871,6.221154878
H60703164,2013-10-02 20:53:52,107,9589,80.12013871,6.221154878
H60703164,2013-10-02 21:44:13,8,9589,80.12013871,6.221154878
H60703164,2013-10-02 22:28:44,43,9589,80.12013871,6.221154878
H98199372,2013-10-02 06:51:16,39,27911,80.1111556,6.876922054
H98199372,2013-10-02 07:19:12,27,27415,80.16505427,6.85895583
H98199372,2013-10-02 11:25:32,109,29171,80.15607116,6.921837614
H98199372,2013-10-02 13:53:40,2,27415,80.16505427,6.85895583
H98199372,2013-10-02 15:20:46,8,27415,80.16505427,6.85895583
H98199372,2013-10-02 22:47:38,0,27415,80.16505427,6.85895583
H98978955,2013-10-02 01:09:18,33,105460,80.02132448,9.652703662
H98978955,2013-10-02 03:28:31,88,105460,80.02132448,9.652703662
H98978955,2013-10-02 04:28:29,82,105460,80.02132448,9.652703662
H98978955,2013-10-02 08:19:40,27,105461,80.03030759,9.652703662
H98978955,2013-10-02 16:52:53,92,105460,80.02132448,9.652703662
H98978955,2013-10-02 17:19:51,111,105713,80.0392907,9.661686774
H98978955,2013-10-02 19:01:05,52,105460,80.02132448,9.652703662
H98978955,2013-10-02 19:28:56,118,105460,80.02132448,9.652703662
H98978955,2013-10-02 19:54:04,106,105461,80.03030759,9.652703662
H98978955,2013-10-02 20:52:41,105,105460,80.02132448,9.652703662
J14317481,2013-10-02 07:12:20,66,27797,81.34184194,6.867938942
J14317481,2013-10-02 12:40:36,53,27797,81.34184194,6.867938942
J14317481,2013-10-02 17:34:34,118,27797,81.34184194,6.867938942
J14317481,2013-10-02 19:14:53,114,28539,81.24302771,6.894888278
J14317481,2013-10-02 20:59:25,15,28535,81.20709526,6.894888278
J39867959,2013-10-02 06:55:51,41,32802,81.20709526,7.047601182
J39867959,2013-10-02 08:18:34,117,31274,81.0094668,6.99370251
J39867959,2013-10-02 09:10:50,81,31274,81.0094668,6.99370251
J39867959,2013-10-02 09:12:15,1,31274,81.0094668,6.99370251
J39867959,2013-10-02 09:31:42,93,29012,80.98251746,6.912854502
J39867959,2013-10-02 09:44:37,38,30036,81.1621797,6.94878695
J39867959,2013-10-02 10:09:20,75,43162,81.82692999,7.415908774
J39867959,2013-10-02 10:21:49,29,43162,81.82692999,7.415908774
J39867959,2013-10-02 10:30:13,13,29012,80.98251746,6.912854502
J39867959,2013-10-02 12:00:41,28,31028,81.05438236,6.984719398
J39867959,2013-10-02 14:31:40,75,31027,81.04539925,6.984719398
J39867959,2013-10-02 14:44:51,109,29012,80.98251746,6.912854502
J39867959,2013-10-02 15:09:30,76,31274,81.0094668,6.99370251
J39867959,2013-10-02 15:56:47,24,29766,80.99150058,6.939803838
J39867959,2013-10-02 18:21:22,41,31028,81.05438236,6.984719398
J39867959,2013-10-02 22:00:52,109,29012,80.98251746,6.912854502
J80888780,2013-10-02 07:42:30,7,68354,80.39861518,8.323203086
J80888780,2013-10-02 09:48:35,43,68354,80.39861518,8.323203086
J80888780,2013-10-02 12:03:53,104,68354,80.39861518,8.323203086
J80888780,2013-10-02 14:40:04,22,68354,80.39861518,8.323203086
J80888780,2013-10-02 15:12:48,101,68354,80.39861518,8.323203086
J80888780,2013-10-02 17:49:07,63,68354,80.39861518,8.323203086
J80888780,2013-10-02 18:22:41,98,68354,80.39861518,8.323203086
J80888780,2013-10-02 19:17:26,119,68354,80.39861518,8.323203086
J80888780,2013-10-02 20:14:28,107,68354,80.39861518,8.323203086
J80888780,2013-10-02 20:49:22,71,68354,80.39861518,8.323203086
J80888780,2013-10-02 23:30:04,91,68354,80.39861518,8.323203086
J93268583,2013-10-02 07:26:07,4,38676,79.85962846,7.26319587
J93268583,2013-10-02 09:22:10,95,38676,79.85962846,7.26319587
J93268583,2013-10-02 12:08:24,59,38676,79.85962846,7.26319587
J93268583,2013-10-02 16:29:30,105,37169,79.85064535,7.209297198
K24875616,2013-10-02 10:58:01,103,39275,80.73099033,7.281162094
K24875616,2013-10-02 15:12:54,89,39275,80.73099033,7.281162094
K24875616,2013-10-02 16:14:46,9,39275,80.73099033,7.281162094
K33279725,2013-10-02 09:46:11,79,107971,80.03030759,9.742534782
K33279725,2013-10-02 10:20:40,85,107468,80.02132448,9.724568558
K33279725,2013-10-02 13:04:29,73,105710,80.01234137,9.661686774
K33279725,2013-10-02 13:23:24,105,109231,80.07522315,9.787450342
K33279725,2013-10-02 14:39:52,62,107971,80.03030759,9.742534782
K33279725,2013-10-02 16:04:09,21,107971,80.03030759,9.742534782
K33279725,2013-10-02 16:30:24,86,107971,80.03030759,9.742534782
K33279725,2013-10-02 18:08:48,22,107971,80.03030759,9.742534782
K33279725,2013-10-02 18:50:43,112,107971,80.03030759,9.742534782
K33279725,2013-10-02 18:53:07,0,107971,80.03030759,9.742534782
K33279725,2013-10-02 19:02:15,75,108724,80.03030759,9.769484118
K33279725,2013-10-02 20:00:02,58,107971,80.03030759,9.742534782
K33279725,2013-10-02 23:41:44,16,109231,80.07522315,9.787450342
K93588579,2013-10-02 13:14:07,70,30909,79.98539203,6.984719398
K98849355,2013-10-02 04:08:39,18,43162,81.82692999,7.415908774
K98849355,2013-10-02 04:45:04,64,41653,81.79998066,7.362010102
K98849355,2013-10-02 06:54:48,45,39652,81.86286244,7.290145206
K98849355,2013-10-02 18:41:14,61,41653,81.79998066,7.362010102
K98849355,2013-10-02 19:55:12,82,41658,81.84489622,7.362010102
L79848001,2013-10-02 03:30:47,,86873,79.90454402,8.987953374
L79848001,2013-10-02 03:50:37,,86622,79.90454402,8.978970262
L79848001,2013-10-02 05:58:23,,86873,79.90454402,8.987953374
L79848001,2013-10-02 07:46:32,,86873,79.90454402,8.987953374
L79848001,2013-10-02 08:22:24,,86622,79.90454402,8.978970262
L79848001,2013-10-02 22:39:12,,86873,79.90454402,8.987953374
L83121244,2013-10-02 06:37:16,88,4837,80.27285162,6.05047575
L83121244,2013-10-02 16:38:23,46,7584,80.14708805,6.149289982
M51806386,2013-10-02 19:25:52,90,11601,80.15607116,6.293019774
N13465597,2013-10-02 09:03:22,108,36067,81.22506149,7.164381638
N13465597,2013-10-02 09:10:15,45,36067,81.22506149,7.164381638
N13465597,2013-10-02 09:15:22,12,41558,80.94658502,7.362010102
N13465597,2013-10-02 09:30:08,86,41558,80.94658502,7.362010102
N13465597,2013-10-02 09:38:37,65,41558,80.94658502,7.362010102
N13465597,2013-10-02 10:01:45,42,36510,80.69505788,7.182347862
N13465597,2013-10-02 10:18:20,111,38243,80.47946319,7.245229646
N13465597,2013-10-02 10:34:16,53,36067,81.22506149,7.164381638
N13465597,2013-10-02 11:39:49,56,36067,81.22506149,7.164381638
N13465597,2013-10-02 12:52:07,106,41558,80.94658502,7.362010102
N13465597,2013-10-02 14:16:08,40,41558,80.94658502,7.362010102
N13465597,2013-10-02 14:38:32,33,41558,80.94658502,7.362010102
N13465597,2013-10-02 18:23:48,67,39275,80.73099033,7.281162094
N13465597,2013-10-02 18:34:59,64,39772,80.68607477,7.299128318
N13965834,2013-10-02 03:00:14,81,65838,80.34471651,8.233371966
N13965834,2013-10-02 06:04:07,13,65838,80.34471651,8.233371966
N13965834,2013-10-02 07:38:57,46,65838,80.34471651,8.233371966
N13965834,2013-10-02 08:07:53,18,65838,80.34471651,8.233371966
N13965834,2013-10-02 09:25:28,76,65838,80.34471651,8.233371966
N13965834,2013-10-02 10:14:24,105,65838,80.34471651,8.233371966
N13965834,2013-10-02 11:34:36,109,65838,80.34471651,8.233371966
N13965834,2013-10-02 12:03:23,1,65838,80.34471651,8.233371966
N13965834,2013-10-02 13:22:52,63,65838,80.34471651,8.233371966
N13965834,2013-10-02 16:37:42,81,65838,80.34471651,8.233371966
N13965834,2013-10-02 19:24:50,62,65838,80.34471651,8.233371966
N44215039,2013-10-02 08:19:33,8,28134,79.85962846,6.885905166
N44215039,2013-10-02 11:02:44,,28635,79.85064535,6.90387139
N44215039,2013-10-02 12:11:32,,28134,79.85962846,6.885905166
N44215039,2013-10-02 14:13:58,108,29388,79.85064535,6.930820726
N44215039,2013-10-02 15:42:37,78,32668,80.00335826,7.047601182
N44215039,2013-10-02 16:21:45,62,32415,79.98539203,7.03861807
N44215039,2013-10-02 16:53:45,56,29389,79.85962846,6.930820726
N44215039,2013-10-02 20:28:51,74,32415,79.98539203,7.03861807
N5098435,2013-10-02 09:43:11,16,65774,79.76979734,8.233371966
N5098435,2013-10-02 10:40:10,,65774,79.76979734,8.233371966
N5098435,2013-10-02 12:41:50,,65774,79.76979734,8.233371966
N5098435,2013-10-02 13:20:15,47,65774,79.76979734,8.233371966
N5098435,2013-10-02 14:01:28,17,65774,79.76979734,8.233371966
N5098435,2013-10-02 18:31:40,10,65774,79.76979734,8.233371966
N5098435,2013-10-02 19:11:20,44,65774,79.76979734,8.233371966
N5098435,2013-10-02 20:18:52,9,65774,79.76979734,8.233371966
N5098435,2013-10-02 21:08:49,61,65774,79.76979734,8.233371966
N5098435,2013-10-02 21:48:41,,65774,79.76979734,8.233371966
N5098435,2013-10-02 22:14:58,,65774,79.76979734,8.233371966
N59789455,2013-10-02 09:05:09,21,28896,79.94047647,6.912854502
N59789455,2013-10-02 09:13:53,119,28896,79.94047647,6.912854502
N59789455,2013-10-02 10:30:58,82,28896,79.94047647,6.912854502
N59789455,2013-10-02 11:37:47,61,28896,79.94047647,6.912854502
N59789455,2013-10-02 12:25:12,11,28896,79.94047647,6.912854502
N59789455,2013-10-02 14:11:07,8,28896,79.94047647,6.912854502
N59789455,2013-10-02 14:44:12,18,28896,79.94047647,6.912854502
N59789455,2013-10-02 15:16:08,49,28896,79.94047647,6.912854502
N59789455,2013-10-02 17:15:48,19,28896,79.94047647,6.912854502
N59789455,2013-10-02 18:57:18,111,28896,79.94047647,6.912854502
N59789455,2013-10-02 20:26:21,101,28896,79.94047647,6.912854502
N90111116,2013-10-02 06:13:28,18,57597,80.72200722,7.93692927
N90111116,2013-10-02 07:01:34,73,57597,80.72200722,7.93692927
N90111116,2013-10-02 08:32:44,80,57597,80.72200722,7.93692927
N90111116,2013-10-02 13:16:30,53,57597,80.72200722,7.93692927
N90111116,2013-10-02 13:30:25,63,57597,80.72200722,7.93692927
N90111116,2013-10-02 14:23:06,102,57597,80.72200722,7.93692927
N90111116,2013-10-02 19:09:19,62,57597,80.72200722,7.93692927
N90111116,2013-10-02 19:52:45,111,57597,80.72200722,7.93692927
N90111116,2013-10-02 20:42:15,118,57597,80.72200722,7.93692927
P42846190,2013-10-02 09:15:25,35,28886,79.85064535,6.912854502
P42846190,2013-10-02 10:01:41,85,28886,79.85064535,6.912854502
P42846190,2013-10-02 11:00:09,114,28886,79.85064535,6.912854502
P42846190,2013-10-02 11:16:08,103,28886,79.85064535,6.912854502
P42846190,2013-10-02 12:01:45,108,28886,79.85064535,6.912854502
P42846190,2013-10-02 13:13:21,63,28886,79.85064535,6.912854502
P42846190,2013-10-02 13:27:11,23,28886,79.85064535,6.912854502
P42846190,2013-10-02 14:01:20,17,28886,79.85064535,6.912854502
P42846190,2013-10-02 15:07:59,72,28886,79.85064535,6.912854502
P42846190,2013-10-02 15:39:05,88,28886,79.85064535,6.912854502
P42846190,2013-10-02 15:50:17,98,28886,79.85064535,6.912854502
P42846190,2013-10-02 16:17:12,59,28886,79.85064535,6.912854502
P42846190,2013-10-02 16:31:57,4,28886,79.85064535,6.912854502
P42846190,2013-10-02 16:47:01,93,28886,79.85064535,6.912854502
P42846190,2013-10-02 17:25:40,115,28886,79.85064535,6.912854502
P42846190,2013-10-02 17:39:09,24,28886,79.85064535,6.912854502
P42846190,2013-10-02 17:54:39,2,28886,79.85064535,6.912854502
P42846190,2013-10-02 18:24:20,3,28886,79.85064535,6.912854502
P42846190,2013-10-02 18:25:23,3,28886,79.85064535,6.912854502
P42846190,2013-10-02 18:25:34,31,28886,79.85064535,6.912854502
P42846190,2013-10-02 18:42:51,97,28886,79.85064535,6.912854502
P42846190,2013-10-02 18:50:15,69,28886,79.85064535,6.912854502
P42846190,2013-10-02 18:55:25,119,28886,79.85064535,6.912854502
P42846190,2013-10-02 19:14:10,0,28886,79.85064535,6.912854502
P42846190,2013-10-02 19:32:19,4,28886,79.85064535,6.912854502
P42846190,2013-10-02 19:56:32,71,28886,79.85064535,6.912854502
Q22277748,2013-10-02 08:45:56,22,30898,79.8865778,6.984719398
Q22277748,2013-10-02 10:12:23,10,29640,79.85962846,6.939803838
Q22277748,2013-10-02 10:29:46,51,29640,79.85962846,6.939803838
Q22277748,2013-10-02 11:06:39,75,29640,79.85962846,6.939803838
Q22277748,2013-10-02 12:10:25,70,29640,79.85962846,6.939803838
Q22277748,2013-10-02 14:18:33,79,29640,79.85962846,6.939803838
Q22277748,2013-10-02 17:09:02,111,29640,79.85962846,6.939803838
Q22277748,2013-10-02 19:35:28,69,29891,79.85962846,6.94878695
Q22277748,2013-10-02 19:49:09,62,30646,79.87759469,6.975736286
Q22277748,2013-10-02 21:43:06,21,30897,79.87759469,6.984719398
Q22277748,2013-10-02 23:37:55,57,30897,79.87759469,6.984719398
Q23286823,2013-10-02 06:24:54,89,33664,79.93149336,7.08353363
Q23286823,2013-10-02 06:56:23,,31656,79.93149336,7.011668734
Q23286823,2013-10-02 07:07:53,69,31656,79.93149336,7.011668734
Q23286823,2013-10-02 07:44:33,,34668,79.93149336,7.119466078
Q23286823,2013-10-02 09:05:22,,31656,79.93149336,7.011668734
Q23286823,2013-10-02 18:06:05,62,31656,79.93149336,7.011668734
Q23286823,2013-10-02 18:49:46,25,35421,79.93149336,7.146415414
Q23286823,2013-10-02 19:26:46,23,34668,79.93149336,7.119466078
Q23286823,2013-10-02 19:53:11,5,35421,79.93149336,7.146415414
Q23286823,2013-10-02 19:53:32,17,35421,79.93149336,7.146415414
Q23286823,2013-10-02 20:30:41,97,35421,79.93149336,7.146415414
Q23286823,2013-10-02 21:25:04,92,37169,79.85064535,7.209297198
Q23286823,2013-10-02 23:01:57,,31656,79.93149336,7.011668734
Q23286823,2013-10-02 23:52:34,,33664,79.93149336,7.08353363
Q23286823,2013-10-02 23:57:16,,33664,79.93149336,7.08353363
Q28512878,2013-10-02 12:27:28,45,34380,81.85387933,7.101499854
Q28512878,2013-10-02 15:28:06,71,38145,81.85387933,7.236246534
Q28512878,2013-10-02 15:36:34,90,37894,81.85387933,7.227263422
Q28512878,2013-10-02 16:56:52,59,37642,81.84489622,7.21828031
Q28512878,2013-10-02 17:14:54,106,37642,81.84489622,7.21828031
Q28512878,2013-10-02 17:59:45,34,37643,81.85387933,7.21828031
Q28512878,2013-10-02 18:12:11,47,38145,81.85387933,7.236246534
Q28512878,2013-10-02 20:03:34,45,38145,81.85387933,7.236246534
Q28512878,2013-10-02 20:05:07,39,38145,81.85387933,7.236246534
Q28512878,2013-10-02 20:08:55,96,37894,81.85387933,7.227263422
Q28512878,2013-10-02 20:17:56,105,37894,81.85387933,7.227263422
Q28512878,2013-10-02 20:46:00,50,37643,81.85387933,7.21828031
Q28512878,2013-10-02 20:49:49,96,37643,81.85387933,7.21828031
Q28512878,2013-10-02 20:54:35,37,38145,81.85387933,7.236246534
Q28512878,2013-10-02 21:14:20,30,38145,81.85387933,7.236246534
Q28512878,2013-10-02 23:21:32,90,38145,81.85387933,7.236246534
Q68194336,2013-10-02 08:04:32,40,42846,81.24302771,7.406925662
Q98663707,2013-10-02 09:27:03,118,55070,80.56929431,7.84709815
Q98663707,2013-10-02 09:35:13,84,55070,80.56929431,7.84709815
Q98663707,2013-10-02 11:06:56,57,55070,80.56929431,7.84709815
Q98663707,2013-10-02 12:37:21,100,43261,80.46149697,7.424891886
Q98663707,2013-10-02 12:49:46,89,43261,80.46149697,7.424891886
Q98663707,2013-10-02 13:12:15,116,55070,80.56929431,7.84709815
Q98663707,2013-10-02 13:42:15,12,43011,80.47048008,7.415908774
Q98663707,2013-10-02 14:41:44,39,55070,80.56929431,7.84709815
Q98663707,2013-10-02 15:38:25,104,55070,80.56929431,7.84709815
Q98663707,2013-10-02 15:42:11,76,55070,80.56929431,7.84709815
Q98663707,2013-10-02 18:21:46,16,55070,80.56929431,7.84709815
Q98663707,2013-10-02 19:32:26,28,55070,80.56929431,7.84709815
Q98663707,2013-10-02 20:39:27,99,43261,80.46149697,7.424891886
R19936983,2013-10-02 07:22:29,111,45582,81.01844991,7.505739894
R24023358,2013-10-02 06:07:02,33,16100,79.98539203,6.45471579
R24023358,2013-10-02 06:13:10,45,15349,80.00335826,6.427766454
R24023358,2013-10-02 07:37:08,102,16100,79.98539203,6.45471579
R24023358,2013-10-02 07:41:08,22,16100,79.98539203,6.45471579
R24023358,2013-10-02 08:55:22,34,15850,79.99437514,6.445732678
R24023358,2013-10-02 09:25:40,95,16100,79.98539203,6.45471579
R24023358,2013-10-02 10:04:47,92,16100,79.98539203,6.45471579
R24023358,2013-10-02 10:08:30,101,16100,79.98539203,6.45471579
R24023358,2013-10-02 12:04:38,45,16100,79.98539203,6.45471579
R24023358,2013-10-02 12:08:02,33,16100,79.98539203,6.45471579
R24023358,2013-10-02 12:37:15,12,16100,79.98539203,6.45471579
R24023358,2013-10-02 12:43:27,74,16100,79.98539203,6.45471579
R24023358,2013-10-02 12:49:40,80,15098,80.00335826,6.418783342
R24023358,2013-10-02 13:15:50,35,16100,79.98539203,6.45471579
R24023358,2013-10-02 13:25:09,55,16100,79.98539203,6.45471579
R24023358,2013-10-02 13:30:05,114,16100,79.98539203,6.45471579
R24023358,2013-10-02 13:43:51,58,15349,80.00335826,6.427766454
R24023358,2013-10-02 14:37:57,27,15850,79.99437514,6.445732678
R24023358,2013-10-02 16:07:47,0,16100,79.98539203,6.45471579
R24023358,2013-10-02 17:35:37,30,16100,79.98539203,6.45471579
R24023358,2013-10-02 18:17:55,32,16100,79.98539203,6.45471579
R24023358,2013-10-02 19:01:53,57,15850,79.99437514,6.445732678
R24023358,2013-10-02 19:04:56,112,16100,79.98539203,6.45471579
R24023358,2013-10-02 19:10:06,71,16100,79.98539203,6.45471579
R24023358,2013-10-02 20:16:56,21,16100,79.98539203,6.45471579
R24023358,2013-10-02 20:26:04,53,16100,79.98539203,6.45471579
R24023358,2013-10-02 20:27:52,97,16100,79.98539203,6.45471579
R39388935,2013-10-02 06:17:37,40,22133,80.06624004,6.670310478
R39388935,2013-10-02 06:23:50,,22133,80.06624004,6.670310478
R39388935,2013-10-02 06:28:30,5,22395,80.16505427,6.67929359
R39388935,2013-10-02 07:31:29,93,23388,80.06624004,6.715226038
R39388935,2013-10-02 09:24:19,52,23138,80.07522315,6.706242926
R39388935,2013-10-02 10:05:43,,21639,80.13810494,6.652344254
R39388935,2013-10-02 10:24:21,72,23907,80.21895294,6.733192262
R39388935,2013-10-02 10:40:06,55,22133,80.06624004,6.670310478
R39388935,2013-10-02 11:04:31,,22133,80.06624004,6.670310478
R39388935,2013-10-02 11:25:53,,21639,80.13810494,6.652344254
R39388935,2013-10-02 11:42:46,4,21639,80.13810494,6.652344254
R39388935,2013-10-02 11:55:33,103,21639,80.13810494,6.652344254
R39388935,2013-10-02 12:24:46,,22133,80.06624004,6.670310478
R39388935,2013-10-02 12:51:52,,21639,80.13810494,6.652344254
R39388935,2013-10-02 13:28:32,78,23388,80.06624004,6.715226038
R39388935,2013-10-02 13:31:22,73,23138,80.07522315,6.706242926
R39388935,2013-10-02 13:50:26,105,22133,80.06624004,6.670310478
R39388935,2013-10-02 14:15:06,51,22133,80.06624004,6.670310478
R39388935,2013-10-02 15:47:53,33,22133,80.06624004,6.670310478
R39388935,2013-10-02 17:47:49,57,22395,80.16505427,6.67929359
R39388935,2013-10-02 22:49:17,,22395,80.16505427,6.67929359
R56548183,2013-10-02 07:23:51,106,49542,80.51539564,7.649469686
R56548183,2013-10-02 09:16:15,11,29896,79.90454402,6.94878695
R56548183,2013-10-02 12:05:33,63,29896,79.90454402,6.94878695
R95132876,2013-10-02 07:38:39,108,30908,79.97640892,6.984719398
R95132876,2013-10-02 09:39:12,89,29892,79.86861158,6.94878695
R95132876,2013-10-02 09:41:02,3,29892,79.86861158,6.94878695
R95132876,2013-10-02 11:28:42,69,30908,79.97640892,6.984719398
R95132876,2013-10-02 13:21:19,63,30908,79.97640892,6.984719398
R95132876,2013-10-02 14:35:07,112,30407,79.98539203,6.966753174
R95132876,2013-10-02 17:06:14,46,30909,79.98539203,6.984719398
R95132876,2013-10-02 17:20:37,110,30653,79.94047647,6.975736286
R95132876,2013-10-02 20:40:05,55,30909,79.98539203,6.984719398
R95132876,2013-10-02 21:14:52,16,30909,79.98539203,6.984719398
R95132876,2013-10-02 23:25:06,74,30407,79.98539203,6.966753174
T52712899,2013-10-02 06:28:29,69,49968,79.83267913,7.66743591
T52712899,2013-10-02 09:27:08,45,66068,80.15607116,8.242355078
T99695355,2013-10-02 07:09:56,86,8080,80.09318938,6.167256206
T99695355,2013-10-02 08:08:50,84,8080,80.09318938,6.167256206
T99695355,2013-10-02 09:55:48,14,8080,80.09318938,6.167256206
T99695355,2013-10-02 11:18:51,78,8080,80.09318938,6.167256206
T99695355,2013-10-02 16:12:30,41,8080,80.09318938,6.167256206
T99695355,2013-10-02 16:41:08,32,8080,80.09318938,6.167256206
T99695355,2013-10-02 16:49:26,82,8080,80.09318938,6.167256206
T99695355,2013-10-02 17:51:28,5,7077,80.10217249,6.131323758
T99695355,2013-10-02 18:29:28,84,8080,80.09318938,6.167256206
T99695355,2013-10-02 19:08:36,93,7077,80.10217249,6.131323758
T99695355,2013-10-02 20:00:18,41,7077,80.10217249,6.131323758
T99695355,2013-10-02 23:19:16,29,8080,80.09318938,6.167256206
T99695355,2013-10-02 23:31:36,51,7077,80.10217249,6.131323758
V14931036,2013-10-02 21:40:32,13,37894,81.85387933,7.227263422
V14931036,2013-10-02 22:06:35,63,37894,81.85387933,7.227263422
V40517946,2013-10-02 07:21:40,100,45208,79.91352714,7.496756782
V40517946,2013-10-02 12:19:45,40,44204,79.91352714,7.460824334
V40517946,2013-10-02 12:58:44,21,44204,79.91352714,7.460824334
V40517946,2013-10-02 17:18:31,50,44204,79.91352714,7.460824334
V40517946,2013-10-02 17:55:38,51,45701,79.83267913,7.514723006
V40517946,2013-10-02 21:16:02,59,44204,79.91352714,7.460824334
V6855804,2013-10-02 13:30:45,77,28134,79.85962846,6.885905166
V6855804,2013-10-02 14:11:57,55,28134,79.85962846,6.885905166
V6855804,2013-10-02 14:45:36,20,28135,79.86861158,6.885905166
V6855804,2013-10-02 15:02:29,10,28135,79.86861158,6.885905166
V6855804,2013-10-02 16:36:49,58,28135,79.86861158,6.885905166
V6855804,2013-10-02 20:26:29,1,28135,79.86861158,6.885905166
V6855804,2013-10-02 20:43:41,61,28135,79.86861158,6.885905166
V6855804,2013-10-02 20:44:44,15,28135,79.86861158,6.885905166
V76883130,2013-10-02 06:21:36,29,23669,80.3357334,6.72420915
V76883130,2013-10-02 06:55:26,11,23669,80.3357334,6.72420915
V76883130,2013-10-02 07:40:57,64,23669,80.3357334,6.72420915
V76883130,2013-10-02 12:37:50,31,23669,80.3357334,6.72420915
V84452376,2013-10-02 06:31:31,27,57397,81.18014593,7.927946158
V84452376,2013-10-02 06:39:38,5,57397,81.18014593,7.927946158
V84452376,2013-10-02 08:03:24,56,57397,81.18014593,7.927946158
V84452376,2013-10-02 08:36:18,45,57397,81.18014593,7.927946158
V84452376,2013-10-02 08:48:04,50,56882,81.06336547,7.909979934
V84452376,2013-10-02 10:13:40,44,58879,80.96455124,7.98184483
V84452376,2013-10-02 10:21:09,0,57378,81.0094668,7.927946158
V84452376,2013-10-02 11:15:09,41,55633,81.11726414,7.865064374
V84452376,2013-10-02 11:59:47,78,56888,81.11726414,7.909979934
V84452376,2013-10-02 12:41:54,94,59125,80.91963568,7.990827942
V84452376,2013-10-02 12:55:49,2,56882,81.06336547,7.909979934
V84452376,2013-10-02 13:00:38,32,57378,81.0094668,7.927946158
V84452376,2013-10-02 15:27:49,79,57631,81.02743302,7.93692927
V84452376,2013-10-02 15:30:53,50,56882,81.06336547,7.909979934
V84452376,2013-10-02 15:35:21,108,56882,81.06336547,7.909979934
V84452376,2013-10-02 16:39:22,63,57380,81.02743302,7.927946158
V84452376,2013-10-02 17:02:48,32,57378,81.0094668,7.927946158
V84452376,2013-10-02 17:42:16,22,57378,81.0094668,7.927946158
V84452376,2013-10-02 17:45:32,76,57380,81.02743302,7.927946158
V84452376,2013-10-02 18:40:05,73,68349,80.35369962,8.323203086
V84452376,2013-10-02 19:07:08,71,65607,80.52437875,8.224388854
V84452376,2013-10-02 20:39:54,97,68111,80.47048008,8.314219974
V98436807,2013-10-02 08:42:43,69,21115,79.94047647,6.63437803
V98436807,2013-10-02 15:19:26,66,21115,79.94047647,6.63437803
V98436807,2013-10-02 15:46:42,31,20114,79.96742581,6.598445582
V98436807,2013-10-02 17:25:59,116,21115,79.94047647,6.63437803
V98436807,2013-10-02 17:47:21,46,21115,79.94047647,6.63437803
W23231623,2013-10-02 08:00:14,43,33666,79.94945958,7.08353363
W23231623,2013-10-02 09:39:56,21,33666,79.94945958,7.08353363
W23231623,2013-10-02 23:18:46,49,33666,79.94945958,7.08353363
W29657142,2013-10-02 06:33:14,6,73461,81.18014593,8.502865326
W29657142,2013-10-02 06:33:29,96,73461,81.18014593,8.502865326
W29657142,2013-10-02 09:28:52,102,74216,81.19811215,8.529814662
W29657142,2013-10-02 10:27:12,35,73460,81.17116282,8.502865326
W29657142,2013-10-02 11:36:36,93,73461,81.18014593,8.502865326
W29657142,2013-10-02 12:07:59,83,29390,79.86861158,6.930820726
W29657142,2013-10-02 13:40:28,87,73461,81.18014593,8.502865326
W29657142,2013-10-02 15:19:57,114,74216,81.19811215,8.529814662
W29657142,2013-10-02 16:06:00,108,73461,81.18014593,8.502865326
W29657142,2013-10-02 17:24:51,90,73461,81.18014593,8.502865326
W29657142,2013-10-02 20:53:24,81,73461,81.18014593,8.502865326
W29657142,2013-10-02 23:57:45,25,73461,81.18014593,8.502865326
W74368480,2013-10-02 06:12:37,6,46803,80.7130241,7.550655454
W74368480,2013-10-02 07:58:50,74,45795,80.67709166,7.514723006
W74368480,2013-10-02 10:13:26,44,45795,80.67709166,7.514723006
W74368480,2013-10-02 11:16:09,88,45795,80.67709166,7.514723006
W74368480,2013-10-02 11:37:46,84,46803,80.7130241,7.550655454
W74368480,2013-10-02 11:51:14,38,46803,80.7130241,7.550655454
W74368480,2013-10-02 12:25:18,28,45795,80.67709166,7.514723006
W74368480,2013-10-02 14:10:09,75,46803,80.7130241,7.550655454
W74368480,2013-10-02 17:05:27,119,45795,80.67709166,7.514723006
W74368480,2013-10-02 17:27:50,102,45795,80.67709166,7.514723006
W84112616,2013-10-02 09:52:48,33,30181,80.20996983,6.957770062
W84112616,2013-10-02 11:41:12,45,30181,80.20996983,6.957770062
W84112616,2013-10-02 11:50:27,0,30181,80.20996983,6.957770062
W84112616,2013-10-02 12:03:27,69,29429,80.21895294,6.930820726
W84112616,2013-10-02 12:30:27,10,29429,80.21895294,6.930820726
W84112616,2013-10-02 14:44:09,100,30181,80.20996983,6.957770062
W84112616,2013-10-02 16:37:30,78,30181,80.20996983,6.957770062
W84112616,2013-10-02 17:35:00,53,30181,80.20996983,6.957770062
W84112616,2013-10-02 18:35:54,23,30181,80.20996983,6.957770062
W84112616,2013-10-02 19:36:30,105,30181,80.20996983,6.957770062
W85274455,2013-10-02 16:15:53,25,30979,80.61420987,6.984719398
W85274455,2013-10-02 17:23:02,65,27971,80.65014232,6.876922054
W97957628,2013-10-02 06:33:46,49,105961,80.01234137,9.670669886
W97957628,2013-10-02 09:17:23,31,106213,80.02132448,9.679652998
W97957628,2013-10-02 10:03:15,83,106463,80.01234137,9.68863611
W97957628,2013-10-02 11:46:22,49,106213,80.02132448,9.679652998
W97957628,2013-10-02 11:57:45,90,106213,80.02132448,9.679652998
W97957628,2013-10-02 13:27:54,13,106213,80.02132448,9.679652998
W97957628,2013-10-02 13:39:28,114,106213,80.02132448,9.679652998
W97957628,2013-10-02 15:29:30,114,106213,80.02132448,9.679652998
W97957628,2013-10-02 16:17:38,8,105961,80.01234137,9.670669886
W97957628,2013-10-02 18:18:43,36,106213,80.02132448,9.679652998
W97957628,2013-10-02 20:04:21,55,106213,80.02132448,9.679652998
X25397784,2013-10-02 06:42:55,27,80406,80.43454763,8.754392462
X25397784,2013-10-02 07:54:49,104,80406,80.43454763,8.754392462
X25397784,2013-10-02 08:47:56,115,80406,80.43454763,8.754392462
X25397784,2013-10-02 11:18:35,41,80659,80.45251386,8.763375574
X25397784,2013-10-02 13:46:28,100,78654,80.47946319,8.691510678
X25397784,2013-10-02 14:14:33,4,80406,80.43454763,8.754392462
X25397784,2013-10-02 15:10:12,30,80406,80.43454763,8.754392462
X25397784,2013-10-02 15:51:14,96,80659,80.45251386,8.763375574
X25397784,2013-10-02 18:44:30,79,80406,80.43454763,8.754392462
X25397784,2013-10-02 18:55:55,25,80406,80.43454763,8.754392462
X25397784,2013-10-02 19:38:41,84,80406,80.43454763,8.754392462
X3952384,2013-10-02 07:00:02,14,106467,80.04827382,9.68863611
X3952384,2013-10-02 09:00:48,30,106467,80.04827382,9.68863611
X3952384,2013-10-02 09:32:01,28,106467,80.04827382,9.68863611
X3952384,2013-10-02 11:00:21,87,106467,80.04827382,9.68863611
X3952384,2013-10-02 11:28:07,104,106467,80.04827382,9.68863611
X3952384,2013-10-02 11:47:02,93,106467,80.04827382,9.68863611
X3952384,2013-10-02 13:46:46,110,106467,80.04827382,9.68863611
X3952384,2013-10-02 14:15:31,116,106467,80.04827382,9.68863611
X3952384,2013-10-02 17:01:14,114,106467,80.04827382,9.68863611
X3952384,2013-10-02 18:33:17,90,106467,80.04827382,9.68863611
X3952384,2013-10-02 20:18:20,101,106467,80.04827382,9.68863611
X3952384,2013-10-02 20:26:49,40,106467,80.04827382,9.68863611
X3952384,2013-10-02 20:33:29,106,105219,80.1111556,9.64372055
X3952384,2013-10-02 20:45:01,113,106467,80.04827382,9.68863611
X3952384,2013-10-02 22:51:30,6,106467,80.04827382,9.68863611
X3952384,2013-10-02 23:11:51,31,106467,80.04827382,9.68863611
X3952384,2013-10-02 23:46:38,92,90699,80.45251386,9.122700054
X64698163,2013-10-02 12:25:16,44,42213,80.06624004,7.388959438
X64698163,2013-10-02 15:47:30,56,42213,80.06624004,7.388959438
X64698163,2013-10-02 19:01:34,39,42213,80.06624004,7.388959438
Y11746546,2013-10-02 04:27:43,1,30647,79.8865778,6.975736286
Y11746546,2013-10-02 06:38:16,87,10477,81.33285883,6.248104214
Y11746546,2013-10-02 07:42:26,15,11238,81.40472373,6.27505355
Y11746546,2013-10-02 07:47:30,17,30900,79.90454402,6.984719398
Y11746546,2013-10-02 09:10:04,0,29388,79.85064535,6.930820726
Y11746546,2013-10-02 09:10:10,82,11238,81.40472373,6.27505355
Y11746546,2013-10-02 09:23:32,114,29388,79.85064535,6.930820726
Y11746546,2013-10-02 09:35:27,67,30647,79.8865778,6.975736286
Y11746546,2013-10-02 10:07:07,51,29388,79.85064535,6.930820726
Y11746546,2013-10-02 11:14:11,22,11238,81.40472373,6.27505355
Y11746546,2013-10-02 11:36:47,110,11238,81.40472373,6.27505355
Y11746546,2013-10-02 11:55:27,10,11238,81.40472373,6.27505355
Y11746546,2013-10-02 12:02:42,67,11238,81.40472373,6.27505355
Y11746546,2013-10-02 12:42:32,113,11238,81.40472373,6.27505355
Y11746546,2013-10-02 15:43:10,95,29137,79.85064535,6.921837614
Y11746546,2013-10-02 18:35:28,98,28641,79.90454402,6.90387139
Y11746546,2013-10-02 18:38:43,71,28641,79.90454402,6.90387139
Y11746546,2013-10-02 19:33:09,11,29137,79.85064535,6.921837614
Y11746546,2013-10-02 20:16:00,119,28641,79.90454402,6.90387139
Y42998614,2013-10-02 09:53:04,74,38225,80.31776718,7.245229646
Y42998614,2013-10-02 10:06:39,51,38225,80.31776718,7.245229646
Y46117392,2013-10-02 07:43:40,110,106195,79.85962846,9.679652998
Y46117392,2013-10-02 09:25:58,116,106465,80.03030759,9.68863611
Y46117392,2013-10-02 12:06:38,45,101911,79.70691556,9.526940094
Y46117392,2013-10-02 15:32:46,36,101911,79.70691556,9.526940094
Y46117392,2013-10-02 17:02:12,93,104177,79.76979734,9.607788102
Y46117392,2013-10-02 17:32:16,28,106465,80.03030759,9.68863611
Y46117392,2013-10-02 21:15:04,89,106465,80.03030759,9.68863611
Y46117392,2013-10-02 21:53:37,72,106465,80.03030759,9.68863611
Y74938825,2013-10-02 11:55:53,106,34710,80.30878406,7.119466078
Y74938825,2013-10-02 19:38:04,81,34710,80.30878406,7.119466078
Y95236628,2013-10-02 18:42:33,58,15853,80.02132448,6.445732678
Z10747924,2013-10-02 06:55:33,48,29139,79.86861158,6.921837614
Z10747924,2013-10-02 08:20:12,2,29139,79.86861158,6.921837614
Z10747924,2013-10-02 08:21:45,89,106971,80.06624004,9.706602334
Z10747924,2013-10-02 08:31:25,112,106467,80.04827382,9.68863611
Z10747924,2013-10-02 08:53:07,95,29139,79.86861158,6.921837614
Z10747924,2013-10-02 10:10:04,2,27884,79.86861158,6.876922054
Z10747924,2013-10-02 10:24:51,87,106214,80.03030759,9.679652998
Z10747924,2013-10-02 10:50:06,1,106214,80.03030759,9.679652998
Z10747924,2013-10-02 10:50:10,46,106214,80.03030759,9.679652998
Z10747924,2013-10-02 11:26:29,34,106214,80.03030759,9.679652998
Z10747924,2013-10-02 12:05:14,7,106214,80.03030759,9.679652998
Z10747924,2013-10-02 13:04:00,46,106214,80.03030759,9.679652998
Z10747924,2013-10-02 13:24:00,97,105964,80.0392907,9.670669886
Z10747924,2013-10-02 14:37:04,50,105711,80.02132448,9.661686774
Z10747924,2013-10-02 16:39:46,34,106214,80.03030759,9.679652998
Z10747924,2013-10-02 16:40:23,106,29139,79.86861158,6.921837614
Z10747924,2013-10-02 17:34:42,53,49968,79.83267913,7.66743591
Z10747924,2013-10-02 17:53:35,41,106214,80.03030759,9.679652998
Z10747924,2013-10-02 19:10:02,100,106214,80.03030759,9.679652998
Z10747924,2013-10-02 19:18:40,99,106466,80.0392907,9.68863611
Z10747924,2013-10-02 19:21:45,61,106214,80.03030759,9.679652998
Z10747924,2013-10-02 20:37:16,23,106214,80.03030759,9.679652998
Z10747924,2013-10-02 20:56:26,55,106467,80.04827382,9.68863611
Z10747924,2013-10-02 21:54:36,7,27884,79.86861158,6.876922054
Z38042814,2013-10-02 06:09:44,10,35675,79.9584427,7.155398526
Z38042814,2013-10-02 06:43:27,46,35675,79.9584427,7.155398526
Z38042814,2013-10-02 07:06:17,2,36177,79.9584427,7.17336475
Z38042814,2013-10-02 07:24:51,35,37168,79.84166224,7.209297198
Z38042814,2013-10-02 09:47:16,99,35675,79.9584427,7.155398526
Z38042814,2013-10-02 10:04:43,13,34925,79.98539203,7.12844919
Z38042814,2013-10-02 10:05:00,109,34925,79.98539203,7.12844919
Z38042814,2013-10-02 10:10:18,18,35675,79.9584427,7.155398526
Z38042814,2013-10-02 10:12:28,61,34925,79.98539203,7.12844919
Z38042814,2013-10-02 11:24:10,65,35675,79.9584427,7.155398526
Z38042814,2013-10-02 11:34:12,38,34925,79.98539203,7.12844919
Z38042814,2013-10-02 11:36:17,85,35675,79.9584427,7.155398526
Z38042814,2013-10-02 11:47:47,118,35675,79.9584427,7.155398526
Z38042814,2013-10-02 11:51:33,111,35675,79.9584427,7.155398526
Z38042814,2013-10-02 11:57:56,8,28887,79.85962846,6.912854502
Z38042814,2013-10-02 12:18:53,68,36170,79.89556091,7.17336475
Z38042814,2013-10-02 12:23:21,6,36176,79.94945958,7.17336475
Z38042814,2013-10-02 12:26:22,60,35675,79.9584427,7.155398526
Z38042814,2013-10-02 12:34:35,84,35675,79.9584427,7.155398526
Z38042814,2013-10-02 12:42:26,26,36176,79.94945958,7.17336475
Z38042814,2013-10-02 12:44:55,75,35675,79.9584427,7.155398526
Z38042814,2013-10-02 13:21:10,99,35675,79.9584427,7.155398526
Z38042814,2013-10-02 14:27:48,64,35675,79.9584427,7.155398526
Z38042814,2013-10-02 14:29:47,111,35675,79.9584427,7.155398526
Z38042814,2013-10-02 14:35:50,55,35675,79.9584427,7.155398526
Z38042814,2013-10-02 14:56:41,30,35675,79.9584427,7.155398526
Z38042814,2013-10-02 15:49:51,35,35675,79.9584427,7.155398526
Z38042814,2013-10-02 15:53:38,42,35675,79.9584427,7.155398526
Z38042814,2013-10-02 16:25:34,88,36176,79.94945958,7.17336475
Z38042814,2013-10-02 16:45:44,85,36176,79.94945958,7.17336475
Z38042814,2013-10-02 16:49:58,34,36177,79.9584427,7.17336475
Z38042814,2013-10-02 16:53:31,12,37168,79.84166224,7.209297198
Z38042814,2013-10-02 17:17:18,29,31652,79.89556091,7.011668734
Z38042814,2013-10-02 17:19:13,57,31652,79.89556091,7.011668734
Z38042814,2013-10-02 17:21:02,36,35675,79.9584427,7.155398526
Z38042814,2013-10-02 17:24:03,72,35675,79.9584427,7.155398526
Z38042814,2013-10-02 18:05:54,22,35675,79.9584427,7.155398526
Z38042814,2013-10-02 18:17:44,1,36176,79.94945958,7.17336475
Z38042814,2013-10-02 18:17:47,49,36176,79.94945958,7.17336475
Z38042814,2013-10-02 18:23:02,70,35675,79.9584427,7.155398526
Z38042814,2013-10-02 19:36:48,17,34925,79.98539203,7.12844919
Z38042814,2013-10-02 20:06:31,19,36176,79.94945958,7.17336475
Z38042814,2013-10-02 20:34:48,8,35675,79.9584427,7.155398526
Z38042814,2013-10-02 20:47:56,31,35675,79.9584427,7.155398526
Z38042814,2013-10-02 23:57:25,8,36176,79.94945958,7.17336475
Z44516570,2013-10-02 06:41:02,117,108217,79.98539203,9.751517894
Z44516570,2013-10-02 06:44:28,85,108217,79.98539203,9.751517894
Z44516570,2013-10-02 09:02:31,110,108217,79.98539203,9.751517894
Z44516570,2013-10-02 11:09:23,34,107465,79.99437514,9.724568558
Z44516570,2013-10-02 12:16:08,20,108217,79.98539203,9.751517894
Z61297887,2013-10-02 14:43:38,53,44204,79.91352714,7.460824334
Z61297887,2013-10-02 20:37:44,99,44204,79.91352714,7.460824334
